item_id,incident_id,incident_name,state,start_year,report_date,target_date,target_personnel,baseline_persistence,day_of_run,run_length
alloc-2015_2715639_WHITETAIL-2015-06-21,2015_2715639_WHITETAIL,Whitetail,AZ,2015,2015-06-21,2015-06-22,125.0,104.0,4,12
alloc-2015_2715639_WHITETAIL-2015-06-22,2015_2715639_WHITETAIL,Whitetail,AZ,2015,2015-06-22,2015-06-23,145.0,125.0,5,12
alloc-2015_2715639_WHITETAIL-2015-06-23,2015_2715639_WHITETAIL,Whitetail,AZ,2015,2015-06-23,2015-06-24,164.0,145.0,6,12
alloc-2015_2715639_WHITETAIL-2015-06-25,2015_2715639_WHITETAIL,Whitetail,AZ,2015,2015-06-25,2015-06-26,173.0,174.0,8,12
alloc-2015_2715639_WHITETAIL-2015-06-26,2015_2715639_WHITETAIL,Whitetail,AZ,2015,2015-06-26,2015-06-27,173.0,173.0,9,12
alloc-2015_2715639_WHITETAIL-2015-06-28,2015_2715639_WHITETAIL,Whitetail,AZ,2015,2015-06-28,2015-06-29,39.0,133.0,11,12
alloc-2015_2717709_SEVENTYMILE-2015-05-28,2015_2717709_SEVENTYMILE,Seventy Mile,AK,2015,2015-05-28,2015-05-29,28.0,28.0,4,18
alloc-2015_2717709_SEVENTYMILE-2015-05-30,2015_2717709_SEVENTYMILE,Seventy Mile,AK,2015,2015-05-30,2015-05-31,31.0,32.0,6,18
alloc-2015_2717709_SEVENTYMILE-2015-06-02,2015_2717709_SEVENTYMILE,Seventy Mile,AK,2015,2015-06-02,2015-06-03,24.0,26.0,9,18
alloc-2015_2717709_SEVENTYMILE-2015-06-04,2015_2717709_SEVENTYMILE,Seventy Mile,AK,2015,2015-06-04,2015-06-05,28.0,26.0,11,18
alloc-2015_2717709_SEVENTYMILE-2015-06-07,2015_2717709_SEVENTYMILE,Seventymile,AK,2015,2015-06-07,2015-06-08,28.0,26.0,14,18
alloc-2015_2717709_SEVENTYMILE-2015-06-10,2015_2717709_SEVENTYMILE,Seventymile,AK,2015,2015-06-10,2015-06-11,10.0,10.0,17,18
alloc-2015_2718664_ROCK-2015-07-15,2015_2718664_ROCK,Rock,AK,2015,2015-07-15,2015-07-16,45.0,45.0,4,11
alloc-2015_2718664_ROCK-2015-07-16,2015_2718664_ROCK,Rock,AK,2015,2015-07-16,2015-07-17,36.0,45.0,5,11
alloc-2015_2718664_ROCK-2015-07-17,2015_2718664_ROCK,Rock,AK,2015,2015-07-17,2015-07-18,36.0,36.0,6,11
alloc-2015_2718664_ROCK-2015-07-18,2015_2718664_ROCK,Rock,AK,2015,2015-07-18,2015-07-19,36.0,36.0,7,11
alloc-2015_2718664_ROCK-2015-07-19,2015_2718664_ROCK,Rock,AK,2015,2015-07-19,2015-07-20,36.0,36.0,8,11
alloc-2015_2718664_ROCK-2015-07-21,2015_2718664_ROCK,Rock,AK,2015,2015-07-21,2015-07-22,35.0,36.0,10,11
alloc-2015_2718664_ROCK-2015-07-27,2015_2718664_ROCK,Rock,AK,2015,2015-07-27,2015-07-28,47.0,47.0,4,21
alloc-2015_2718664_ROCK-2015-07-30,2015_2718664_ROCK,Rock,AK,2015,2015-07-30,2015-07-31,38.0,28.0,7,21
alloc-2015_2718664_ROCK-2015-08-02,2015_2718664_ROCK,Rock,AK,2015,2015-08-02,2015-08-03,51.0,49.0,10,21
alloc-2015_2718664_ROCK-2015-08-05,2015_2718664_ROCK,Rock,AK,2015,2015-08-05,2015-08-06,63.0,63.0,13,21
alloc-2015_2718664_ROCK-2015-08-08,2015_2718664_ROCK,Rock,AK,2015,2015-08-08,2015-08-09,63.0,63.0,16,21
alloc-2015_2718664_ROCK-2015-08-12,2015_2718664_ROCK,Rock,AK,2015,2015-08-12,2015-08-13,6.0,22.0,20,21
alloc-2015_2721652_SUGAR LOAF 0268 RN-2015-07-01,2015_2721652_SUGAR LOAF 0268 RN,SUGAR LOAF 0268 RN,OR,2015,2015-07-01,2015-07-02,318.0,316.0,4,10
alloc-2015_2721652_SUGAR LOAF 0268 RN-2015-07-02,2015_2721652_SUGAR LOAF 0268 RN,SUGAR LOAF 0268 RN,OR,2015,2015-07-02,2015-07-03,226.0,318.0,5,10
alloc-2015_2721652_SUGAR LOAF 0268 RN-2015-07-03,2015_2721652_SUGAR LOAF 0268 RN,SUGAR LOAF 0268 RN,OR,2015,2015-07-03,2015-07-04,233.0,226.0,6,10
alloc-2015_2721652_SUGAR LOAF 0268 RN-2015-07-04,2015_2721652_SUGAR LOAF 0268 RN,SUGAR LOAF 0268 RN,OR,2015,2015-07-04,2015-07-05,145.0,233.0,7,10
alloc-2015_2721652_SUGAR LOAF 0268 RN-2015-07-05,2015_2721652_SUGAR LOAF 0268 RN,SUGAR LOAF 0268 RN,OR,2015,2015-07-05,2015-07-06,96.0,145.0,8,10
alloc-2015_2721652_SUGAR LOAF 0268 RN-2015-07-06,2015_2721652_SUGAR LOAF 0268 RN,SUGAR LOAF 0268 RN,OR,2015,2015-07-06,2015-07-07,72.0,96.0,9,10
alloc-2015_2731070_MUD LAKE COMPLEX-2015-05-21,2015_2731070_MUD LAKE COMPLEX,MUD LAKE COMPLEX,FL,2015,2015-05-21,2015-05-22,160.0,159.0,4,25
alloc-2015_2731070_MUD LAKE COMPLEX-2015-05-25,2015_2731070_MUD LAKE COMPLEX,MUD LAKE COMPLEX,FL,2015,2015-05-25,2015-05-26,137.0,140.0,8,25
alloc-2015_2731070_MUD LAKE COMPLEX-2015-05-29,2015_2731070_MUD LAKE COMPLEX,MUD LAKE COMPLEX,FL,2015,2015-05-29,2015-05-30,128.0,127.0,12,25
alloc-2015_2731070_MUD LAKE COMPLEX-2015-06-02,2015_2731070_MUD LAKE COMPLEX,MUD LAKE COMPLEX,FL,2015,2015-06-02,2015-06-03,75.0,78.0,16,25
alloc-2015_2731070_MUD LAKE COMPLEX-2015-06-06,2015_2731070_MUD LAKE COMPLEX,MUD LAKE COMPLEX,FL,2015,2015-06-06,2015-06-07,24.0,39.0,20,25
alloc-2015_2731070_MUD LAKE COMPLEX-2015-06-10,2015_2731070_MUD LAKE COMPLEX,MUD LAKE COMPLEX,FL,2015,2015-06-10,2015-06-11,21.0,22.0,24,25
alloc-2015_2732085_TANANA SLOUGH-2015-06-23,2015_2732085_TANANA SLOUGH,Tanana Slough,AK,2015,2015-06-23,2015-06-24,72.0,72.0,4,12
alloc-2015_2732085_TANANA SLOUGH-2015-06-24,2015_2732085_TANANA SLOUGH,Tanana Slough,AK,2015,2015-06-24,2015-06-25,58.0,72.0,5,12
alloc-2015_2732085_TANANA SLOUGH-2015-06-25,2015_2732085_TANANA SLOUGH,Tanana Slough,AK,2015,2015-06-25,2015-06-26,66.0,58.0,6,12
alloc-2015_2732085_TANANA SLOUGH-2015-06-27,2015_2732085_TANANA SLOUGH,Tanana Slough,AK,2015,2015-06-27,2015-06-28,64.0,66.0,8,12
alloc-2015_2732085_TANANA SLOUGH-2015-06-28,2015_2732085_TANANA SLOUGH,Tanana Slough,AK,2015,2015-06-28,2015-06-29,63.0,64.0,9,12
alloc-2015_2732085_TANANA SLOUGH-2015-06-30,2015_2732085_TANANA SLOUGH,Tanana Slough,AK,2015,2015-06-30,2015-07-01,46.0,63.0,11,12
alloc-2015_2737676_TERKAM COMM-2015-05-26,2015_2737676_TERKAM COMM,Terkam Comm,FL,2015,2015-05-26,2015-05-27,1.0,1.0,4,11
alloc-2015_2737676_TERKAM COMM-2015-05-27,2015_2737676_TERKAM COMM,Terkam Comm,FL,2015,2015-05-27,2015-05-28,1.0,1.0,5,11
alloc-2015_2737676_TERKAM COMM-2015-05-28,2015_2737676_TERKAM COMM,Terkam Comm,FL,2015,2015-05-28,2015-05-29,1.0,1.0,6,11
alloc-2015_2737676_TERKAM COMM-2015-05-29,2015_2737676_TERKAM COMM,Terkam Comm,FL,2015,2015-05-29,2015-05-30,1.0,1.0,7,11
alloc-2015_2737676_TERKAM COMM-2015-05-30,2015_2737676_TERKAM COMM,Terkam Comm,FL,2015,2015-05-30,2015-05-31,1.0,1.0,8,11
alloc-2015_2737676_TERKAM COMM-2015-06-01,2015_2737676_TERKAM COMM,Terkam Comm,FL,2015,2015-06-01,2015-06-02,1.0,1.0,10,11
alloc-2015_2738266_CARD STREET-2015-06-24,2015_2738266_CARD STREET,Card Street,AK,2015,2015-06-24,2015-06-25,218.0,218.0,4,19
alloc-2015_2738266_CARD STREET-2015-06-26,2015_2738266_CARD STREET,Card Street,AK,2015,2015-06-26,2015-06-27,139.0,162.0,6,19
alloc-2015_2738266_CARD STREET-2015-06-29,2015_2738266_CARD STREET,Card Street,AK,2015,2015-06-29,2015-06-30,70.0,102.0,9,19
alloc-2015_2738266_CARD STREET-2015-07-02,2015_2738266_CARD STREET,Card Street,AK,2015,2015-07-02,2015-07-03,23.0,23.0,12,19
alloc-2015_2738266_CARD STREET-2015-07-05,2015_2738266_CARD STREET,Card Street,AK,2015,2015-07-05,2015-07-06,11.0,6.0,15,19
alloc-2015_2738266_CARD STREET-2015-07-08,2015_2738266_CARD STREET,Card Street,AK,2015,2015-07-08,2015-07-09,5.0,12.0,18,19
alloc-2015_2738932_RED CANYON-2015-06-28,2015_2738932_RED CANYON,Red Canyon,NM,2015,2015-06-28,2015-06-29,65.0,85.0,4,13
alloc-2015_2738932_RED CANYON-2015-06-29,2015_2738932_RED CANYON,Red Canyon,NM,2015,2015-06-29,2015-06-30,85.0,65.0,5,13
alloc-2015_2738932_RED CANYON-2015-07-01,2015_2738932_RED CANYON,Red Canyon,NM,2015,2015-07-01,2015-07-02,58.0,65.0,7,13
alloc-2015_2738932_RED CANYON-2015-07-02,2015_2738932_RED CANYON,Red Canyon,NM,2015,2015-07-02,2015-07-03,58.0,58.0,8,13
alloc-2015_2738932_RED CANYON-2015-07-04,2015_2738932_RED CANYON,Red Canyon,NM,2015,2015-07-04,2015-07-05,56.0,56.0,10,13
alloc-2015_2738932_RED CANYON-2015-07-06,2015_2738932_RED CANYON,Red Canyon,NM,2015,2015-07-06,2015-07-07,52.0,52.0,12,13
alloc-2015_2741085_TETLIN HILLS-2015-07-10,2015_2741085_TETLIN HILLS,Tetlin Hills,AK,2015,2015-07-10,2015-07-11,109.0,95.0,4,29
alloc-2015_2741085_TETLIN HILLS-2015-07-14,2015_2741085_TETLIN HILLS,Tetlin Hills,AK,2015,2015-07-14,2015-07-15,64.0,92.0,8,29
alloc-2015_2741085_TETLIN HILLS-2015-07-19,2015_2741085_TETLIN HILLS,Tetlin Hills,AK,2015,2015-07-19,2015-07-20,97.0,97.0,13,29
alloc-2015_2741085_TETLIN HILLS-2015-07-24,2015_2741085_TETLIN HILLS,Tetlin Hills,AK,2015,2015-07-24,2015-07-25,28.0,47.0,18,29
alloc-2015_2741085_TETLIN HILLS-2015-07-29,2015_2741085_TETLIN HILLS,Tetlin Hills,AK,2015,2015-07-29,2015-07-30,2.0,4.0,23,29
alloc-2015_2741085_TETLIN HILLS-2015-08-03,2015_2741085_TETLIN HILLS,Tetlin Hills,AK,2015,2015-08-03,2015-08-04,2.0,3.0,28,29
alloc-2015_2749560_STOUTS CREEK-2015-08-03,2015_2749560_STOUTS CREEK,STOUTS CREEK,OR,2015,2015-08-03,2015-08-04,1140.0,1080.0,4,34
alloc-2015_2749560_STOUTS CREEK-2015-08-08,2015_2749560_STOUTS CREEK,STOUTS CREEK,OR,2015,2015-08-08,2015-08-09,1512.0,1377.0,9,34
alloc-2015_2749560_STOUTS CREEK-2015-08-14,2015_2749560_STOUTS CREEK,STOUTS CREEK,OR,2015,2015-08-14,2015-08-15,985.0,1065.0,15,34
alloc-2015_2749560_STOUTS CREEK-2015-08-20,2015_2749560_STOUTS CREEK,STOUTS CREEK,OR,2015,2015-08-20,2015-08-21,486.0,584.0,21,34
alloc-2015_2749560_STOUTS CREEK-2015-08-26,2015_2749560_STOUTS CREEK,STOUTS CREEK,OR,2015,2015-08-26,2015-08-27,288.0,288.0,27,34
alloc-2015_2749560_STOUTS CREEK-2015-09-01,2015_2749560_STOUTS CREEK,STOUTS CREEK,OR,2015,2015-09-01,2015-09-02,155.0,210.0,33,34
alloc-2015_2757157_BALDY-2015-08-05,2015_2757157_BALDY,BALDY,WA,2015,2015-08-05,2015-08-06,217.0,215.0,4,15
alloc-2015_2757157_BALDY-2015-08-07,2015_2757157_BALDY,BALDY,WA,2015,2015-08-07,2015-08-08,233.0,220.0,6,15
alloc-2015_2757157_BALDY-2015-08-09,2015_2757157_BALDY,BALDY,WA,2015,2015-08-09,2015-08-10,261.0,261.0,8,15
alloc-2015_2757157_BALDY-2015-08-11,2015_2757157_BALDY,BALDY,WA,2015,2015-08-11,2015-08-12,264.0,244.0,10,15
alloc-2015_2757157_BALDY-2015-08-13,2015_2757157_BALDY,BALDY,WA,2015,2015-08-13,2015-08-14,230.0,203.0,12,15
alloc-2015_2757157_BALDY-2015-08-15,2015_2757157_BALDY,BALDY,WA,2015,2015-08-15,2015-08-16,121.0,122.0,14,15
alloc-2015_2760788_BALD KNOB-2015-08-07,2015_2760788_BALD KNOB,BALD KNOB,NC,2015,2015-08-07,2015-08-08,45.0,40.0,4,14
alloc-2015_2760788_BALD KNOB-2015-08-08,2015_2760788_BALD KNOB,BALD KNOB,NC,2015,2015-08-08,2015-08-09,61.0,45.0,5,14
alloc-2015_2760788_BALD KNOB-2015-08-10,2015_2760788_BALD KNOB,BALD KNOB,NC,2015,2015-08-10,2015-08-11,74.0,61.0,7,14
alloc-2015_2760788_BALD KNOB-2015-08-12,2015_2760788_BALD KNOB,BALD KNOB,NC,2015,2015-08-12,2015-08-13,85.0,112.0,9,14
alloc-2015_2760788_BALD KNOB-2015-08-14,2015_2760788_BALD KNOB,BALD KNOB,NC,2015,2015-08-14,2015-08-15,78.0,81.0,11,14
alloc-2015_2760788_BALD KNOB-2015-08-16,2015_2760788_BALD KNOB,BALD KNOB,NC,2015,2015-08-16,2015-08-17,60.0,58.0,13,14
alloc-2015_2765524_PHILLIPS CREEK-2015-08-05,2015_2765524_PHILLIPS CREEK,Phillips Creek,OR,2015,2015-08-05,2015-08-06,297.0,243.0,4,15
alloc-2015_2765524_PHILLIPS CREEK-2015-08-07,2015_2765524_PHILLIPS CREEK,Phillips Creek,OR,2015,2015-08-07,2015-08-08,269.0,296.0,6,15
alloc-2015_2765524_PHILLIPS CREEK-2015-08-09,2015_2765524_PHILLIPS CREEK,Phillips Creek,OR,2015,2015-08-09,2015-08-10,227.0,241.0,8,15
alloc-2015_2765524_PHILLIPS CREEK-2015-08-11,2015_2765524_PHILLIPS CREEK,Phillips Creek,OR,2015,2015-08-11,2015-08-12,137.0,179.0,10,15
alloc-2015_2765524_PHILLIPS CREEK-2015-08-13,2015_2765524_PHILLIPS CREEK,Phillips Creek,OR,2015,2015-08-13,2015-08-14,149.0,144.0,12,15
alloc-2015_2765524_PHILLIPS CREEK-2015-08-15,2015_2765524_PHILLIPS CREEK,Phillips Creek,OR,2015,2015-08-15,2015-08-16,71.0,144.0,14,15
alloc-2015_2766495_PARADISE-2015-06-24,2015_2766495_PARADISE,PARADISE,WA,2015,2015-06-24,2015-06-25,38.0,34.0,4,10
alloc-2015_2766495_PARADISE-2015-06-25,2015_2766495_PARADISE,PARADISE,WA,2015,2015-06-25,2015-06-26,34.0,38.0,5,10
alloc-2015_2766495_PARADISE-2015-06-26,2015_2766495_PARADISE,PARADISE,WA,2015,2015-06-26,2015-06-27,32.0,34.0,6,10
alloc-2015_2766495_PARADISE-2015-06-27,2015_2766495_PARADISE,PARADISE,WA,2015,2015-06-27,2015-06-28,36.0,32.0,7,10
alloc-2015_2766495_PARADISE-2015-06-28,2015_2766495_PARADISE,PARADISE,WA,2015,2015-06-28,2015-06-29,38.0,36.0,8,10
alloc-2015_2766495_PARADISE-2015-06-29,2015_2766495_PARADISE,PARADISE,WA,2015,2015-06-29,2015-06-30,32.0,38.0,9,10
alloc-2015_2766495_PARADISE-2015-07-05,2015_2766495_PARADISE,PARADISE,WA,2015,2015-07-05,2015-07-06,25.0,38.0,4,13
alloc-2015_2766495_PARADISE-2015-07-06,2015_2766495_PARADISE,PARADISE,WA,2015,2015-07-06,2015-07-07,25.0,25.0,5,13
alloc-2015_2766495_PARADISE-2015-07-08,2015_2766495_PARADISE,PARADISE,WA,2015,2015-07-08,2015-07-09,23.0,26.0,7,13
alloc-2015_2766495_PARADISE-2015-07-09,2015_2766495_PARADISE,PARADISE,WA,2015,2015-07-09,2015-07-10,34.0,23.0,8,13
alloc-2015_2766495_PARADISE-2015-07-11,2015_2766495_PARADISE,PARADISE,WA,2015,2015-07-11,2015-07-12,48.0,48.0,10,13
alloc-2015_2766495_PARADISE-2015-07-13,2015_2766495_PARADISE,PARADISE,WA,2015,2015-07-13,2015-07-14,46.0,50.0,12,13
alloc-2015_2768252_SOLITUDE-2015-07-30,2015_2768252_SOLITUDE,Solitude,UT,2015,2015-07-30,2015-07-31,72.0,71.0,4,16
alloc-2015_2768252_SOLITUDE-2015-08-01,2015_2768252_SOLITUDE,Solitude,UT,2015,2015-08-01,2015-08-02,82.0,85.0,6,16
alloc-2015_2768252_SOLITUDE-2015-08-03,2015_2768252_SOLITUDE,Solitude,UT,2015,2015-08-03,2015-08-04,63.0,65.0,8,16
alloc-2015_2768252_SOLITUDE-2015-08-05,2015_2768252_SOLITUDE,Solitude,UT,2015,2015-08-05,2015-08-06,62.0,62.0,10,16
alloc-2015_2768252_SOLITUDE-2015-08-07,2015_2768252_SOLITUDE,Solitude,UT,2015,2015-08-07,2015-08-08,62.0,62.0,12,16
alloc-2015_2768252_SOLITUDE-2015-08-10,2015_2768252_SOLITUDE,Solitude,UT,2015,2015-08-10,2015-08-11,7.0,55.0,15,16
alloc-2015_2776766_PARKER RIDGE-2015-08-08,2015_2776766_PARKER RIDGE,Parker Ridge,ID,2015,2015-08-08,2015-08-09,32.0,33.0,4,24
alloc-2015_2776766_PARKER RIDGE-2015-08-11,2015_2776766_PARKER RIDGE,Parker Ridge,ID,2015,2015-08-11,2015-08-12,40.0,34.0,7,24
alloc-2015_2776766_PARKER RIDGE-2015-08-15,2015_2776766_PARKER RIDGE,Parker Ridge,ID,2015,2015-08-15,2015-08-16,96.0,66.0,11,24
alloc-2015_2776766_PARKER RIDGE-2015-08-19,2015_2776766_PARKER RIDGE,Parker Ridge,ID,2015,2015-08-19,2015-08-20,78.0,78.0,15,24
alloc-2015_2776766_PARKER RIDGE-2015-08-23,2015_2776766_PARKER RIDGE,Parker Ridge,ID,2015,2015-08-23,2015-08-24,88.0,62.0,19,24
alloc-2015_2776766_PARKER RIDGE-2015-08-27,2015_2776766_PARKER RIDGE,Parker Ridge,ID,2015,2015-08-27,2015-08-28,81.0,83.0,23,24
alloc-2015_2778213_REYNOLDS-2015-07-25,2015_2778213_REYNOLDS,Reynolds,MT,2015,2015-07-25,2015-07-26,227.0,223.0,4,20
alloc-2015_2778213_REYNOLDS-2015-07-28,2015_2778213_REYNOLDS,Reynolds,MT,2015,2015-07-28,2015-07-29,220.0,222.0,7,20
alloc-2015_2778213_REYNOLDS-2015-07-31,2015_2778213_REYNOLDS,Reynolds,MT,2015,2015-07-31,2015-08-01,219.0,219.0,10,20
alloc-2015_2778213_REYNOLDS-2015-08-03,2015_2778213_REYNOLDS,Reynolds,MT,2015,2015-08-03,2015-08-04,150.0,157.0,13,20
alloc-2015_2778213_REYNOLDS-2015-08-06,2015_2778213_REYNOLDS,Reynolds,MT,2015,2015-08-06,2015-08-07,141.0,158.0,16,20
alloc-2015_2778213_REYNOLDS-2015-08-09,2015_2778213_REYNOLDS,Reynolds,MT,2015,2015-08-09,2015-08-10,100.0,102.0,19,20
alloc-2015_2789124_NATIONAL CREEK COMPLEX-2015-08-07,2015_2789124_NATIONAL CREEK COMPLEX,National Creek Complex,OR,2015,2015-08-07,2015-08-08,100.0,99.0,4,49
alloc-2015_2789124_NATIONAL CREEK COMPLEX-2015-08-15,2015_2789124_NATIONAL CREEK COMPLEX,National Creek Complex,OR,2015,2015-08-15,2015-08-16,356.0,383.0,12,49
alloc-2015_2789124_NATIONAL CREEK COMPLEX-2015-08-24,2015_2789124_NATIONAL CREEK COMPLEX,National Creek Complex,OR,2015,2015-08-24,2015-08-25,119.0,124.0,21,49
alloc-2015_2789124_NATIONAL CREEK COMPLEX-2015-09-02,2015_2789124_NATIONAL CREEK COMPLEX,National Creek Complex,OR,2015,2015-09-02,2015-09-03,49.0,53.0,30,49
alloc-2015_2789124_NATIONAL CREEK COMPLEX-2015-09-11,2015_2789124_NATIONAL CREEK COMPLEX,National Creek Complex,OR,2015,2015-09-11,2015-09-12,170.0,152.0,39,49
alloc-2015_2789124_NATIONAL CREEK COMPLEX-2015-09-20,2015_2789124_NATIONAL CREEK COMPLEX,National Creek Complex,OR,2015,2015-09-20,2015-09-21,64.0,70.0,48,49
alloc-2015_2791829_COLLIER BUTTE-2015-08-09,2015_2791829_COLLIER BUTTE,Collier Butte,OR,2015,2015-08-09,2015-08-10,246.0,215.0,4,21
alloc-2015_2791829_COLLIER BUTTE-2015-08-12,2015_2791829_COLLIER BUTTE,Collier Butte,OR,2015,2015-08-12,2015-08-13,199.0,259.0,7,21
alloc-2015_2791829_COLLIER BUTTE-2015-08-15,2015_2791829_COLLIER BUTTE,Collier Butte,OR,2015,2015-08-15,2015-08-16,162.0,197.0,10,21
alloc-2015_2791829_COLLIER BUTTE-2015-08-18,2015_2791829_COLLIER BUTTE,Collier Butte,OR,2015,2015-08-18,2015-08-19,140.0,150.0,13,21
alloc-2015_2791829_COLLIER BUTTE-2015-08-21,2015_2791829_COLLIER BUTTE,Collier Butte,OR,2015,2015-08-21,2015-08-22,99.0,119.0,16,21
alloc-2015_2791829_COLLIER BUTTE-2015-08-25,2015_2791829_COLLIER BUTTE,Collier Butte,OR,2015,2015-08-25,2015-08-26,80.0,83.0,20,21
alloc-2015_2791829_COLLIER BUTTE-2015-09-01,2015_2791829_COLLIER BUTTE,Collier Butte,OR,2015,2015-09-01,2015-09-02,33.0,44.0,4,17
alloc-2015_2791829_COLLIER BUTTE-2015-09-03,2015_2791829_COLLIER BUTTE,Collier Butte,OR,2015,2015-09-03,2015-09-04,38.0,37.0,6,17
alloc-2015_2791829_COLLIER BUTTE-2015-09-05,2015_2791829_COLLIER BUTTE,Collier Butte,OR,2015,2015-09-05,2015-09-06,32.0,38.0,8,17
alloc-2015_2791829_COLLIER BUTTE-2015-09-08,2015_2791829_COLLIER BUTTE,Collier Butte,OR,2015,2015-09-08,2015-09-09,31.0,32.0,11,17
alloc-2015_2791829_COLLIER BUTTE-2015-09-10,2015_2791829_COLLIER BUTTE,Collier Butte,OR,2015,2015-09-10,2015-09-11,11.0,31.0,13,17
alloc-2015_2791829_COLLIER BUTTE-2015-09-13,2015_2791829_COLLIER BUTTE,Collier Butte,OR,2015,2015-09-13,2015-09-14,11.0,11.0,16,17
alloc-2015_2793883_HAY SLOUGH-2015-07-14,2015_2793883_HAY SLOUGH,Hay Slough,AK,2015,2015-07-14,2015-07-15,15.0,15.0,4,12
alloc-2015_2793883_HAY SLOUGH-2015-07-15,2015_2793883_HAY SLOUGH,Hay Slough,AK,2015,2015-07-15,2015-07-16,15.0,15.0,5,12
alloc-2015_2793883_HAY SLOUGH-2015-07-16,2015_2793883_HAY SLOUGH,Hay Slough,AK,2015,2015-07-16,2015-07-17,15.0,15.0,6,12
alloc-2015_2793883_HAY SLOUGH-2015-07-18,2015_2793883_HAY SLOUGH,Hay Slough,AK,2015,2015-07-18,2015-07-19,10.0,15.0,8,12
alloc-2015_2793883_HAY SLOUGH-2015-07-19,2015_2793883_HAY SLOUGH,Hay Slough,AK,2015,2015-07-19,2015-07-20,10.0,10.0,9,12
alloc-2015_2793883_HAY SLOUGH-2015-07-21,2015_2793883_HAY SLOUGH,Hay Slough,AK,2015,2015-07-21,2015-07-22,10.0,10.0,11,12
alloc-2015_2794525_BAKER-2015-06-30,2015_2794525_BAKER,Baker,AK,2015,2015-06-30,2015-07-01,87.0,86.0,4,12
alloc-2015_2794525_BAKER-2015-07-01,2015_2794525_BAKER,Baker,AK,2015,2015-07-01,2015-07-02,90.0,87.0,5,12
alloc-2015_2794525_BAKER-2015-07-02,2015_2794525_BAKER,Baker,AK,2015,2015-07-02,2015-07-03,88.0,90.0,6,12
alloc-2015_2794525_BAKER-2015-07-04,2015_2794525_BAKER,Baker,AK,2015,2015-07-04,2015-07-05,96.0,75.0,8,12
alloc-2015_2794525_BAKER-2015-07-05,2015_2794525_BAKER,Baker,AK,2015,2015-07-05,2015-07-06,97.0,96.0,9,12
alloc-2015_2794525_BAKER-2015-07-07,2015_2794525_BAKER,Baker,AK,2015,2015-07-07,2015-07-08,95.0,97.0,11,12
alloc-2015_2794525_BAKER-2015-07-13,2015_2794525_BAKER,Baker,AK,2015,2015-07-13,2015-07-14,86.0,80.0,4,13
alloc-2015_2794525_BAKER-2015-07-14,2015_2794525_BAKER,Baker,AK,2015,2015-07-14,2015-07-15,83.0,86.0,5,13
alloc-2015_2794525_BAKER-2015-07-16,2015_2794525_BAKER,Baker,AK,2015,2015-07-16,2015-07-17,83.0,84.0,7,13
alloc-2015_2794525_BAKER-2015-07-17,2015_2794525_BAKER,Baker,AK,2015,2015-07-17,2015-07-18,89.0,83.0,8,13
alloc-2015_2794525_BAKER-2015-07-19,2015_2794525_BAKER,Baker,AK,2015,2015-07-19,2015-07-20,65.0,87.0,10,13
alloc-2015_2794525_BAKER-2015-07-21,2015_2794525_BAKER,Baker,AK,2015,2015-07-21,2015-07-22,63.0,62.0,12,13
alloc-2015_2797980_NEWBY LAKE LONG DRAW-2015-07-06,2015_2797980_NEWBY LAKE LONG DRAW,NEWBY LAKE,WA,2015,2015-07-06,2015-07-07,105.0,105.0,4,15
alloc-2015_2797980_NEWBY LAKE LONG DRAW-2015-07-08,2015_2797980_NEWBY LAKE LONG DRAW,NEWBY LAKE,WA,2015,2015-07-08,2015-07-09,239.0,198.0,6,15
alloc-2015_2797980_NEWBY LAKE LONG DRAW-2015-07-10,2015_2797980_NEWBY LAKE LONG DRAW,NEWBY LAKE,WA,2015,2015-07-10,2015-07-11,344.0,318.0,8,15
alloc-2015_2797980_NEWBY LAKE LONG DRAW-2015-07-12,2015_2797980_NEWBY LAKE LONG DRAW,NEWBY LAKE,WA,2015,2015-07-12,2015-07-13,339.0,372.0,10,15
alloc-2015_2797980_NEWBY LAKE LONG DRAW-2015-07-14,2015_2797980_NEWBY LAKE LONG DRAW,NEWBY LAKE,WA,2015,2015-07-14,2015-07-15,262.0,271.0,12,15
alloc-2015_2797980_NEWBY LAKE LONG DRAW-2015-07-16,2015_2797980_NEWBY LAKE LONG DRAW,NEWBY LAKE,WA,2015,2015-07-16,2015-07-17,235.0,210.0,14,15
alloc-2015_2798116_AGGIE CREEK-2015-06-28,2015_2798116_AGGIE CREEK,Aggie Creek,AK,2015,2015-06-28,2015-06-29,126.0,119.0,4,33
alloc-2015_2798116_AGGIE CREEK-2015-07-03,2015_2798116_AGGIE CREEK,Aggie Creek,AK,2015,2015-07-03,2015-07-04,184.0,186.0,9,33
alloc-2015_2798116_AGGIE CREEK-2015-07-09,2015_2798116_AGGIE CREEK,Aggie Creek,AK,2015,2015-07-09,2015-07-10,216.0,214.0,15,33
alloc-2015_2798116_AGGIE CREEK-2015-07-14,2015_2798116_AGGIE CREEK,Aggie Creek,AK,2015,2015-07-14,2015-07-15,248.0,279.0,20,33
alloc-2015_2798116_AGGIE CREEK-2015-07-20,2015_2798116_AGGIE CREEK,Aggie Creek,AK,2015,2015-07-20,2015-07-21,111.0,121.0,26,33
alloc-2015_2798116_AGGIE CREEK-2015-07-26,2015_2798116_AGGIE CREEK,Aggie Creek,AK,2015,2015-07-26,2015-07-27,86.0,118.0,32,33
alloc-2015_2800235_ANIAK COMPLEX-2015-07-11,2015_2800235_ANIAK COMPLEX,ANIAK COMPLEX,AK,2015,2015-07-11,2015-07-12,88.0,87.0,4,38
alloc-2015_2800235_ANIAK COMPLEX-2015-07-17,2015_2800235_ANIAK COMPLEX,ANIAK COMPLEX,AK,2015,2015-07-17,2015-07-18,83.0,80.0,10,38
alloc-2015_2800235_ANIAK COMPLEX-2015-07-24,2015_2800235_ANIAK COMPLEX,ANIAK COMPLEX,AK,2015,2015-07-24,2015-07-25,86.0,78.0,17,38
alloc-2015_2800235_ANIAK COMPLEX-2015-07-30,2015_2800235_ANIAK COMPLEX,ANIAK COMPLEX,AK,2015,2015-07-30,2015-07-31,30.0,29.0,23,38
alloc-2015_2800235_ANIAK COMPLEX-2015-08-06,2015_2800235_ANIAK COMPLEX,ANIAK COMPLEX,AK,2015,2015-08-06,2015-08-07,11.0,9.0,30,38
alloc-2015_2800235_ANIAK COMPLEX-2015-08-13,2015_2800235_ANIAK COMPLEX,ANIAK COMPLEX,AK,2015,2015-08-13,2015-08-14,15.0,16.0,37,38
alloc-2015_2801247_BLUE-2015-07-01,2015_2801247_BLUE,Blue,ID,2015,2015-07-01,2015-07-02,118.0,108.0,4,13
alloc-2015_2801247_BLUE-2015-07-02,2015_2801247_BLUE,Blue,ID,2015,2015-07-02,2015-07-03,122.0,118.0,5,13
alloc-2015_2801247_BLUE-2015-07-04,2015_2801247_BLUE,Blue,ID,2015,2015-07-04,2015-07-05,135.0,117.0,7,13
alloc-2015_2801247_BLUE-2015-07-05,2015_2801247_BLUE,Blue,ID,2015,2015-07-05,2015-07-06,134.0,135.0,8,13
alloc-2015_2801247_BLUE-2015-07-07,2015_2801247_BLUE,Blue,ID,2015,2015-07-07,2015-07-08,138.0,141.0,10,13
alloc-2015_2801247_BLUE-2015-07-09,2015_2801247_BLUE,Blue,ID,2015,2015-07-09,2015-07-10,46.0,142.0,12,13
alloc-2015_2801717_DEEP CREEK-2015-07-03,2015_2801717_DEEP CREEK,Deep Creek,AK,2015,2015-07-03,2015-07-04,12.0,13.0,4,15
alloc-2015_2801717_DEEP CREEK-2015-07-05,2015_2801717_DEEP CREEK,Deep Creek,AK,2015,2015-07-05,2015-07-06,10.0,12.0,6,15
alloc-2015_2801717_DEEP CREEK-2015-07-07,2015_2801717_DEEP CREEK,Deep Creek,AK,2015,2015-07-07,2015-07-08,10.0,10.0,8,15
alloc-2015_2801717_DEEP CREEK-2015-07-09,2015_2801717_DEEP CREEK,Deep Creek,AK,2015,2015-07-09,2015-07-10,10.0,10.0,10,15
alloc-2015_2801717_DEEP CREEK-2015-07-11,2015_2801717_DEEP CREEK,Deep Creek,AK,2015,2015-07-11,2015-07-12,16.0,10.0,12,15
alloc-2015_2801717_DEEP CREEK-2015-07-13,2015_2801717_DEEP CREEK,Deep Creek,AK,2015,2015-07-13,2015-07-14,15.0,15.0,14,15
alloc-2015_2801717_DEEP CREEK-2015-07-19,2015_2801717_DEEP CREEK,Deep Creek,AK,2015,2015-07-19,2015-07-20,56.0,55.0,4,11
alloc-2015_2801717_DEEP CREEK-2015-07-20,2015_2801717_DEEP CREEK,Deep Creek,AK,2015,2015-07-20,2015-07-21,56.0,56.0,5,11
alloc-2015_2801717_DEEP CREEK-2015-07-21,2015_2801717_DEEP CREEK,Deep Creek,AK,2015,2015-07-21,2015-07-22,56.0,56.0,6,11
alloc-2015_2801717_DEEP CREEK-2015-07-22,2015_2801717_DEEP CREEK,Deep Creek,AK,2015,2015-07-22,2015-07-23,56.0,56.0,7,11
alloc-2015_2801717_DEEP CREEK-2015-07-23,2015_2801717_DEEP CREEK,Deep Creek,AK,2015,2015-07-23,2015-07-24,47.0,56.0,8,11
alloc-2015_2801717_DEEP CREEK-2015-07-25,2015_2801717_DEEP CREEK,Deep Creek,AK,2015,2015-07-25,2015-07-26,26.0,27.0,10,11
alloc-2015_2802556_CAPE HORN-2015-07-11,2015_2802556_CAPE HORN,Cape Horn,ID,2015,2015-07-11,2015-07-12,161.0,164.0,4,13
alloc-2015_2802556_CAPE HORN-2015-07-12,2015_2802556_CAPE HORN,Cape Horn,ID,2015,2015-07-12,2015-07-13,158.0,161.0,5,13
alloc-2015_2802556_CAPE HORN-2015-07-14,2015_2802556_CAPE HORN,Cape Horn,ID,2015,2015-07-14,2015-07-15,160.0,165.0,7,13
alloc-2015_2802556_CAPE HORN-2015-07-15,2015_2802556_CAPE HORN,Cape Horn,ID,2015,2015-07-15,2015-07-16,171.0,160.0,8,13
alloc-2015_2802556_CAPE HORN-2015-07-17,2015_2802556_CAPE HORN,Cape Horn,ID,2015,2015-07-17,2015-07-18,118.0,154.0,10,13
alloc-2015_2802556_CAPE HORN-2015-07-19,2015_2802556_CAPE HORN,Cape Horn,ID,2015,2015-07-19,2015-07-20,85.0,118.0,12,13
alloc-2015_2804076_RUBY AREA FIRES-2015-07-06,2015_2804076_RUBY AREA FIRES,Middle Yukon,AK,2015,2015-07-06,2015-07-07,145.0,138.0,4,13
alloc-2015_2804076_RUBY AREA FIRES-2015-07-07,2015_2804076_RUBY AREA FIRES,Middle Yukon,AK,2015,2015-07-07,2015-07-08,124.0,145.0,5,13
alloc-2015_2804076_RUBY AREA FIRES-2015-07-09,2015_2804076_RUBY AREA FIRES,Middle Yukon,AK,2015,2015-07-09,2015-07-10,87.0,80.0,7,13
alloc-2015_2804076_RUBY AREA FIRES-2015-07-10,2015_2804076_RUBY AREA FIRES,Middle Yukon,AK,2015,2015-07-10,2015-07-11,107.0,87.0,8,13
alloc-2015_2804076_RUBY AREA FIRES-2015-07-12,2015_2804076_RUBY AREA FIRES,Middle Yukon,AK,2015,2015-07-12,2015-07-13,68.0,94.0,10,13
alloc-2015_2804076_RUBY AREA FIRES-2015-07-14,2015_2804076_RUBY AREA FIRES,Middle Yukon,AK,2015,2015-07-14,2015-07-15,50.0,50.0,12,13
alloc-2015_2804076_RUBY AREA FIRES-2015-07-20,2015_2804076_RUBY AREA FIRES,Ruby Area Fires,AK,2015,2015-07-20,2015-07-21,45.0,43.0,4,18
alloc-2015_2804076_RUBY AREA FIRES-2015-07-22,2015_2804076_RUBY AREA FIRES,Ruby Area Fires,AK,2015,2015-07-22,2015-07-23,33.0,49.0,6,18
alloc-2015_2804076_RUBY AREA FIRES-2015-07-25,2015_2804076_RUBY AREA FIRES,Ruby Area Fires,AK,2015,2015-07-25,2015-07-26,48.0,35.0,9,18
alloc-2015_2804076_RUBY AREA FIRES-2015-07-27,2015_2804076_RUBY AREA FIRES,Ruby Area Fires,AK,2015,2015-07-27,2015-07-28,47.0,47.0,11,18
alloc-2015_2804076_RUBY AREA FIRES-2015-07-30,2015_2804076_RUBY AREA FIRES,Ruby Area Fires,AK,2015,2015-07-30,2015-07-31,37.0,37.0,14,18
alloc-2015_2804076_RUBY AREA FIRES-2015-08-02,2015_2804076_RUBY AREA FIRES,Ruby Area Fires,AK,2015,2015-08-02,2015-08-03,9.0,9.0,17,18
alloc-2015_2804734_CORNER CREEK 0297 PR-2015-07-04,2015_2804734_CORNER CREEK 0297 PR,CORNER CREEK 0297 PR,OR,2015,2015-07-04,2015-07-05,713.0,710.0,4,21
alloc-2015_2804734_CORNER CREEK 0297 PR-2015-07-07,2015_2804734_CORNER CREEK 0297 PR,CORNER CREEK 0297 PR,OR,2015,2015-07-07,2015-07-08,735.0,770.0,7,21
alloc-2015_2804734_CORNER CREEK 0297 PR-2015-07-10,2015_2804734_CORNER CREEK 0297 PR,CORNER CREEK 0297 PR,OR,2015,2015-07-10,2015-07-11,267.0,530.0,10,21
alloc-2015_2804734_CORNER CREEK 0297 PR-2015-07-13,2015_2804734_CORNER CREEK 0297 PR,CORNER CREEK 0297 PR,OR,2015,2015-07-13,2015-07-14,57.0,80.0,13,21
alloc-2015_2804734_CORNER CREEK 0297 PR-2015-07-16,2015_2804734_CORNER CREEK 0297 PR,CORNER CREEK 0297 PR,OR,2015,2015-07-16,2015-07-17,75.0,53.0,16,21
alloc-2015_2804734_CORNER CREEK 0297 PR-2015-07-20,2015_2804734_CORNER CREEK 0297 PR,CORNER CREEK 0297 PR,OR,2015,2015-07-20,2015-07-21,72.0,111.0,20,21
alloc-2015_2806273_WOLVERINE-2015-07-06,2015_2806273_WOLVERINE,WOLVERINE,WA,2015,2015-07-06,2015-07-07,64.0,64.0,4,12
alloc-2015_2806273_WOLVERINE-2015-07-07,2015_2806273_WOLVERINE,WOLVERINE,WA,2015,2015-07-07,2015-07-08,64.0,64.0,5,12
alloc-2015_2806273_WOLVERINE-2015-07-08,2015_2806273_WOLVERINE,WOLVERINE,WA,2015,2015-07-08,2015-07-09,64.0,64.0,6,12
alloc-2015_2806273_WOLVERINE-2015-07-10,2015_2806273_WOLVERINE,WOLVERINE,WA,2015,2015-07-10,2015-07-11,64.0,64.0,8,12
alloc-2015_2806273_WOLVERINE-2015-07-11,2015_2806273_WOLVERINE,WOLVERINE,WA,2015,2015-07-11,2015-07-12,58.0,64.0,9,12
alloc-2015_2806273_WOLVERINE-2015-07-13,2015_2806273_WOLVERINE,WOLVERINE,WA,2015,2015-07-13,2015-07-14,57.0,57.0,11,12
alloc-2015_2806273_WOLVERINE-2015-08-01,2015_2806273_WOLVERINE,WOLVERINE,WA,2015,2015-08-01,2015-08-02,165.0,165.0,4,61
alloc-2015_2806273_WOLVERINE-2015-08-12,2015_2806273_WOLVERINE,WOLVERINE,WA,2015,2015-08-12,2015-08-13,141.0,157.0,15,61
alloc-2015_2806273_WOLVERINE-2015-08-23,2015_2806273_WOLVERINE,WOLVERINE,WA,2015,2015-08-23,2015-08-24,96.0,121.0,26,61
alloc-2015_2806273_WOLVERINE-2015-09-03,2015_2806273_WOLVERINE,WOLVERINE,WA,2015,2015-09-03,2015-09-04,267.0,287.0,37,61
alloc-2015_2806273_WOLVERINE-2015-09-14,2015_2806273_WOLVERINE,WOLVERINE,WA,2015,2015-09-14,2015-09-15,281.0,328.0,48,61
alloc-2015_2806273_WOLVERINE-2015-09-26,2015_2806273_WOLVERINE,WOLVERINE,WA,2015,2015-09-26,2015-09-27,54.0,62.0,60,61
alloc-2015_2808952_BIG CREEK TWO-2015-08-08,2015_2808952_BIG CREEK TWO,Big Creek Two,AK,2015,2015-08-08,2015-08-09,8.0,8.0,4,13
alloc-2015_2808952_BIG CREEK TWO-2015-08-09,2015_2808952_BIG CREEK TWO,Big Creek Two,AK,2015,2015-08-09,2015-08-10,8.0,8.0,5,13
alloc-2015_2808952_BIG CREEK TWO-2015-08-11,2015_2808952_BIG CREEK TWO,Big Creek Two,AK,2015,2015-08-11,2015-08-12,8.0,8.0,7,13
alloc-2015_2808952_BIG CREEK TWO-2015-08-12,2015_2808952_BIG CREEK TWO,Big Creek Two,AK,2015,2015-08-12,2015-08-13,8.0,8.0,8,13
alloc-2015_2808952_BIG CREEK TWO-2015-08-14,2015_2808952_BIG CREEK TWO,Big Creek Two,AK,2015,2015-08-14,2015-08-15,8.0,8.0,10,13
alloc-2015_2808952_BIG CREEK TWO-2015-08-16,2015_2808952_BIG CREEK TWO,Big Creek Two,AK,2015,2015-08-16,2015-08-17,8.0,8.0,12,13
alloc-2015_2809484_BLACKTAIL-2015-07-10,2015_2809484_BLACKTAIL,Blacktail,ID,2015,2015-07-10,2015-07-11,35.0,33.0,4,10
alloc-2015_2809484_BLACKTAIL-2015-07-11,2015_2809484_BLACKTAIL,Blacktail,ID,2015,2015-07-11,2015-07-12,32.0,35.0,5,10
alloc-2015_2809484_BLACKTAIL-2015-07-12,2015_2809484_BLACKTAIL,Blacktail,ID,2015,2015-07-12,2015-07-13,32.0,32.0,6,10
alloc-2015_2809484_BLACKTAIL-2015-07-13,2015_2809484_BLACKTAIL,Blacktail,ID,2015,2015-07-13,2015-07-14,32.0,32.0,7,10
alloc-2015_2809484_BLACKTAIL-2015-07-14,2015_2809484_BLACKTAIL,Blacktail,ID,2015,2015-07-14,2015-07-15,32.0,32.0,8,10
alloc-2015_2809484_BLACKTAIL-2015-07-15,2015_2809484_BLACKTAIL,Blacktail,ID,2015,2015-07-15,2015-07-16,21.0,32.0,9,10
alloc-2015_2809699_HEALY LAKE-2015-06-24,2015_2809699_HEALY LAKE,Healy Lake,AK,2015,2015-06-24,2015-06-25,81.0,77.0,4,26
alloc-2015_2809699_HEALY LAKE-2015-06-28,2015_2809699_HEALY LAKE,Healy Lake,AK,2015,2015-06-28,2015-06-29,72.0,77.0,8,26
alloc-2015_2809699_HEALY LAKE-2015-07-02,2015_2809699_HEALY LAKE,Healy Lake,AK,2015,2015-07-02,2015-07-03,70.0,80.0,12,26
alloc-2015_2809699_HEALY LAKE-2015-07-06,2015_2809699_HEALY LAKE,Healy Lake,AK,2015,2015-07-06,2015-07-07,19.0,21.0,16,26
alloc-2015_2809699_HEALY LAKE-2015-07-10,2015_2809699_HEALY LAKE,Healy Lake,AK,2015,2015-07-10,2015-07-11,21.0,17.0,20,26
alloc-2015_2809699_HEALY LAKE-2015-07-15,2015_2809699_HEALY LAKE,Healy Lake,AK,2015,2015-07-15,2015-07-16,16.0,18.0,25,26
alloc-2015_2809699_HEALY LAKE-2015-07-21,2015_2809699_HEALY LAKE,Healy Lake,AK,2015,2015-07-21,2015-07-22,14.0,14.0,4,14
alloc-2015_2809699_HEALY LAKE-2015-07-22,2015_2809699_HEALY LAKE,Healy Lake,AK,2015,2015-07-22,2015-07-23,13.0,14.0,5,14
alloc-2015_2809699_HEALY LAKE-2015-07-24,2015_2809699_HEALY LAKE,Healy Lake,AK,2015,2015-07-24,2015-07-25,13.0,13.0,7,14
alloc-2015_2809699_HEALY LAKE-2015-07-26,2015_2809699_HEALY LAKE,Healy Lake,AK,2015,2015-07-26,2015-07-27,13.0,12.0,9,14
alloc-2015_2809699_HEALY LAKE-2015-07-28,2015_2809699_HEALY LAKE,Healy Lake,AK,2015,2015-07-28,2015-07-29,3.0,13.0,11,14
alloc-2015_2809699_HEALY LAKE-2015-07-30,2015_2809699_HEALY LAKE,Healy Lake,AK,2015,2015-07-30,2015-07-31,3.0,3.0,13,14
alloc-2015_2813383_SAWMILL-2015-06-23,2015_2813383_SAWMILL,Sawmill,AZ,2015,2015-06-23,2015-06-24,47.0,45.0,4,10
alloc-2015_2813383_SAWMILL-2015-06-24,2015_2813383_SAWMILL,Sawmill,AZ,2015,2015-06-24,2015-06-25,49.0,47.0,5,10
alloc-2015_2813383_SAWMILL-2015-06-25,2015_2813383_SAWMILL,Sawmill,AZ,2015,2015-06-25,2015-06-26,49.0,49.0,6,10
alloc-2015_2813383_SAWMILL-2015-06-26,2015_2813383_SAWMILL,Sawmill,AZ,2015,2015-06-26,2015-06-27,49.0,49.0,7,10
alloc-2015_2813383_SAWMILL-2015-06-27,2015_2813383_SAWMILL,Sawmill,AZ,2015,2015-06-27,2015-06-28,4.0,49.0,8,10
alloc-2015_2813383_SAWMILL-2015-06-28,2015_2813383_SAWMILL,Sawmill,AZ,2015,2015-06-28,2015-06-29,2.0,4.0,9,10
alloc-2015_2815765_BAKERS CAMP-2015-07-08,2015_2815765_BAKERS CAMP,Bakers Camp,ID,2015,2015-07-08,2015-07-09,76.0,65.0,4,16
alloc-2015_2815765_BAKERS CAMP-2015-07-10,2015_2815765_BAKERS CAMP,Bakers Camp,ID,2015,2015-07-10,2015-07-11,76.0,76.0,6,16
alloc-2015_2815765_BAKERS CAMP-2015-07-12,2015_2815765_BAKERS CAMP,Bakers Camp,ID,2015,2015-07-12,2015-07-13,76.0,76.0,8,16
alloc-2015_2815765_BAKERS CAMP-2015-07-14,2015_2815765_BAKERS CAMP,Bakers Camp,ID,2015,2015-07-14,2015-07-15,75.0,55.0,10,16
alloc-2015_2815765_BAKERS CAMP-2015-07-16,2015_2815765_BAKERS CAMP,Bakers Camp,ID,2015,2015-07-16,2015-07-17,54.0,75.0,12,16
alloc-2015_2815765_BAKERS CAMP-2015-07-19,2015_2815765_BAKERS CAMP,Bakers Camp,ID,2015,2015-07-19,2015-07-20,32.0,32.0,15,16
alloc-2015_2821019_ANACONDA CREEK-2015-06-28,2015_2821019_ANACONDA CREEK,Anaconda Creek,AK,2015,2015-06-28,2015-06-29,138.0,135.0,4,15
alloc-2015_2821019_ANACONDA CREEK-2015-06-30,2015_2821019_ANACONDA CREEK,Anaconda Creek,AK,2015,2015-06-30,2015-07-01,117.0,139.0,6,15
alloc-2015_2821019_ANACONDA CREEK-2015-07-02,2015_2821019_ANACONDA CREEK,Anaconda Creek,AK,2015,2015-07-02,2015-07-03,107.0,117.0,8,15
alloc-2015_2821019_ANACONDA CREEK-2015-07-04,2015_2821019_ANACONDA CREEK,Anaconda Creek,AK,2015,2015-07-04,2015-07-05,116.0,117.0,10,15
alloc-2015_2821019_ANACONDA CREEK-2015-07-06,2015_2821019_ANACONDA CREEK,Anaconda Creek,AK,2015,2015-07-06,2015-07-07,49.0,111.0,12,15
alloc-2015_2821019_ANACONDA CREEK-2015-07-08,2015_2821019_ANACONDA CREEK,Anaconda Creek,AK,2015,2015-07-08,2015-07-09,27.0,48.0,14,15
alloc-2015_2821443_REX COMPLEX-2015-07-17,2015_2821443_REX COMPLEX,Rex Complex,AK,2015,2015-07-17,2015-07-18,147.0,130.0,4,14
alloc-2015_2821443_REX COMPLEX-2015-07-18,2015_2821443_REX COMPLEX,Rex Complex,AK,2015,2015-07-18,2015-07-19,151.0,147.0,5,14
alloc-2015_2821443_REX COMPLEX-2015-07-20,2015_2821443_REX COMPLEX,Rex Complex,AK,2015,2015-07-20,2015-07-21,149.0,151.0,7,14
alloc-2015_2821443_REX COMPLEX-2015-07-22,2015_2821443_REX COMPLEX,Rex Complex,AK,2015,2015-07-22,2015-07-23,149.0,149.0,9,14
alloc-2015_2821443_REX COMPLEX-2015-07-24,2015_2821443_REX COMPLEX,Rex Complex,AK,2015,2015-07-24,2015-07-25,116.0,135.0,11,14
alloc-2015_2821443_REX COMPLEX-2015-07-26,2015_2821443_REX COMPLEX,Rex Complex,AK,2015,2015-07-26,2015-07-27,102.0,116.0,13,14
alloc-2015_2823042_NORTH BOULDER 2-2015-07-26,2015_2823042_NORTH BOULDER 2,NORTH BOULDER 2,WA,2015,2015-07-26,2015-07-27,224.0,215.0,4,17
alloc-2015_2823042_NORTH BOULDER 2-2015-07-28,2015_2823042_NORTH BOULDER 2,NORTH BOULDER 2,WA,2015,2015-07-28,2015-07-29,218.0,216.0,6,17
alloc-2015_2823042_NORTH BOULDER 2-2015-07-30,2015_2823042_NORTH BOULDER 2,NORTH BOULDER 2,WA,2015,2015-07-30,2015-07-31,141.0,141.0,8,17
alloc-2015_2823042_NORTH BOULDER 2-2015-08-02,2015_2823042_NORTH BOULDER 2,NORTH BOULDER 2,WA,2015,2015-08-02,2015-08-03,72.0,93.0,11,17
alloc-2015_2823042_NORTH BOULDER 2-2015-08-04,2015_2823042_NORTH BOULDER 2,NORTH BOULDER 2,WA,2015,2015-08-04,2015-08-05,59.0,72.0,13,17
alloc-2015_2823042_NORTH BOULDER 2-2015-08-07,2015_2823042_NORTH BOULDER 2,NORTH BOULDER 2,WA,2015,2015-08-07,2015-08-08,34.0,62.0,16,17
alloc-2015_2826352_CHISANA RIVER  2-2015-06-23,2015_2826352_CHISANA RIVER  2,Chisana River  2,AK,2015,2015-06-23,2015-06-24,2.0,3.0,4,14
alloc-2015_2826352_CHISANA RIVER  2-2015-06-24,2015_2826352_CHISANA RIVER  2,Chisana River  2,AK,2015,2015-06-24,2015-06-25,3.0,2.0,5,14
alloc-2015_2826352_CHISANA RIVER  2-2015-06-26,2015_2826352_CHISANA RIVER  2,Chisana River  2,AK,2015,2015-06-26,2015-06-27,4.0,4.0,7,14
alloc-2015_2826352_CHISANA RIVER  2-2015-06-28,2015_2826352_CHISANA RIVER  2,Chisana River  2,AK,2015,2015-06-28,2015-06-29,4.0,4.0,9,14
alloc-2015_2826352_CHISANA RIVER  2-2015-06-30,2015_2826352_CHISANA RIVER  2,Chisana River  2,AK,2015,2015-06-30,2015-07-01,4.0,4.0,11,14
alloc-2015_2826352_CHISANA RIVER  2-2015-07-02,2015_2826352_CHISANA RIVER  2,Chisana River  2,AK,2015,2015-07-02,2015-07-03,4.0,4.0,13,14
alloc-2015_2827429_BUCKSKIN-2015-06-23,2015_2827429_BUCKSKIN,Buckskin,OR,2015,2015-06-23,2015-06-24,140.0,199.0,4,13
alloc-2015_2827429_BUCKSKIN-2015-06-24,2015_2827429_BUCKSKIN,Buckskin,OR,2015,2015-06-24,2015-06-25,123.0,140.0,5,13
alloc-2015_2827429_BUCKSKIN-2015-06-26,2015_2827429_BUCKSKIN,Buckskin,OR,2015,2015-06-26,2015-06-27,59.0,82.0,7,13
alloc-2015_2827429_BUCKSKIN-2015-06-27,2015_2827429_BUCKSKIN,Buckskin,OR,2015,2015-06-27,2015-06-28,64.0,59.0,8,13
alloc-2015_2827429_BUCKSKIN-2015-06-29,2015_2827429_BUCKSKIN,Buckskin,OR,2015,2015-06-29,2015-06-30,39.0,46.0,10,13
alloc-2015_2827429_BUCKSKIN-2015-07-01,2015_2827429_BUCKSKIN,Buckskin,OR,2015,2015-07-01,2015-07-02,36.0,36.0,12,13
alloc-2015_2828221_GUADALUPE-2015-06-06,2015_2828221_GUADALUPE,GUADALUPE,NM,2015,2015-06-06,2015-06-07,122.0,118.0,4,14
alloc-2015_2828221_GUADALUPE-2015-06-07,2015_2828221_GUADALUPE,GUADALUPE,NM,2015,2015-06-07,2015-06-08,94.0,122.0,5,14
alloc-2015_2828221_GUADALUPE-2015-06-09,2015_2828221_GUADALUPE,GUADALUPE,NM,2015,2015-06-09,2015-06-10,82.0,84.0,7,14
alloc-2015_2828221_GUADALUPE-2015-06-11,2015_2828221_GUADALUPE,GUADALUPE,NM,2015,2015-06-11,2015-06-12,26.0,82.0,9,14
alloc-2015_2828221_GUADALUPE-2015-06-13,2015_2828221_GUADALUPE,GUADALUPE,NM,2015,2015-06-13,2015-06-14,26.0,26.0,11,14
alloc-2015_2828221_GUADALUPE-2015-06-15,2015_2828221_GUADALUPE,GUADALUPE,NM,2015,2015-06-15,2015-06-16,24.0,26.0,13,14
alloc-2015_2833246_FT. CRAIG-2015-07-31,2015_2833246_FT. CRAIG,Ft. Craig,NM,2015,2015-07-31,2015-08-01,10.0,30.0,4,10
alloc-2015_2833246_FT. CRAIG-2015-08-01,2015_2833246_FT. CRAIG,Ft. Craig,NM,2015,2015-08-01,2015-08-02,7.0,10.0,5,10
alloc-2015_2833246_FT. CRAIG-2015-08-02,2015_2833246_FT. CRAIG,Ft. Craig,NM,2015,2015-08-02,2015-08-03,5.0,7.0,6,10
alloc-2015_2833246_FT. CRAIG-2015-08-03,2015_2833246_FT. CRAIG,Ft. Craig,NM,2015,2015-08-03,2015-08-04,4.0,5.0,7,10
alloc-2015_2833246_FT. CRAIG-2015-08-04,2015_2833246_FT. CRAIG,Ft. Craig,NM,2015,2015-08-04,2015-08-05,3.0,4.0,8,10
alloc-2015_2833246_FT. CRAIG-2015-08-05,2015_2833246_FT. CRAIG,Ft. Craig,NM,2015,2015-08-05,2015-08-06,3.0,3.0,9,10
alloc-2015_2837946_BLUE CREEK-2015-07-24,2015_2837946_BLUE CREEK,Blue Creek,WA,2015,2015-07-24,2015-07-25,279.0,299.0,4,15
alloc-2015_2837946_BLUE CREEK-2015-07-26,2015_2837946_BLUE CREEK,Blue Creek,WA,2015,2015-07-26,2015-07-27,264.0,286.0,6,15
alloc-2015_2837946_BLUE CREEK-2015-07-28,2015_2837946_BLUE CREEK,Blue Creek,WA,2015,2015-07-28,2015-07-29,227.0,252.0,8,15
alloc-2015_2837946_BLUE CREEK-2015-07-30,2015_2837946_BLUE CREEK,Blue Creek,WA,2015,2015-07-30,2015-07-31,74.0,207.0,10,15
alloc-2015_2837946_BLUE CREEK-2015-08-01,2015_2837946_BLUE CREEK,Blue Creek,WA,2015,2015-08-01,2015-08-02,99.0,89.0,12,15
alloc-2015_2837946_BLUE CREEK-2015-08-03,2015_2837946_BLUE CREEK,Blue Creek,WA,2015,2015-08-03,2015-08-04,64.0,82.0,14,15
alloc-2015_2841533_LONG LAKE-2015-06-28,2015_2841533_LONG LAKE,Long Lake,AK,2015,2015-06-28,2015-06-29,61.0,60.0,4,10
alloc-2015_2841533_LONG LAKE-2015-06-29,2015_2841533_LONG LAKE,Long Lake,AK,2015,2015-06-29,2015-06-30,61.0,61.0,5,10
alloc-2015_2841533_LONG LAKE-2015-06-30,2015_2841533_LONG LAKE,Long Lake,AK,2015,2015-06-30,2015-07-01,59.0,61.0,6,10
alloc-2015_2841533_LONG LAKE-2015-07-01,2015_2841533_LONG LAKE,Long Lake,AK,2015,2015-07-01,2015-07-02,44.0,59.0,7,10
alloc-2015_2841533_LONG LAKE-2015-07-02,2015_2841533_LONG LAKE,Long Lake,AK,2015,2015-07-02,2015-07-03,6.0,44.0,8,10
alloc-2015_2841533_LONG LAKE-2015-07-03,2015_2841533_LONG LAKE,Long Lake,AK,2015,2015-07-03,2015-07-04,4.0,6.0,9,10
alloc-2015_2841533_LONG LAKE-2015-07-09,2015_2841533_LONG LAKE,Long Lake,AK,2015,2015-07-09,2015-07-10,27.0,27.0,4,15
alloc-2015_2841533_LONG LAKE-2015-07-11,2015_2841533_LONG LAKE,Long Lake,AK,2015,2015-07-11,2015-07-12,46.0,28.0,6,15
alloc-2015_2841533_LONG LAKE-2015-07-13,2015_2841533_LONG LAKE,Long Lake,AK,2015,2015-07-13,2015-07-14,46.0,46.0,8,15
alloc-2015_2841533_LONG LAKE-2015-07-15,2015_2841533_LONG LAKE,Long Lake,AK,2015,2015-07-15,2015-07-16,77.0,58.0,10,15
alloc-2015_2841533_LONG LAKE-2015-07-17,2015_2841533_LONG LAKE,Long Lake,AK,2015,2015-07-17,2015-07-18,77.0,77.0,12,15
alloc-2015_2841533_LONG LAKE-2015-07-19,2015_2841533_LONG LAKE,Long Lake,AK,2015,2015-07-19,2015-07-20,98.0,88.0,14,15
alloc-2015_2841533_LONG LAKE-2015-08-01,2015_2841533_LONG LAKE,Long Lake,AK,2015,2015-08-01,2015-08-02,55.0,54.0,4,10
alloc-2015_2841533_LONG LAKE-2015-08-02,2015_2841533_LONG LAKE,Long Lake,AK,2015,2015-08-02,2015-08-03,5.0,55.0,5,10
alloc-2015_2841533_LONG LAKE-2015-08-03,2015_2841533_LONG LAKE,Long Lake,AK,2015,2015-08-03,2015-08-04,2.0,5.0,6,10
alloc-2015_2841533_LONG LAKE-2015-08-04,2015_2841533_LONG LAKE,Long Lake,AK,2015,2015-08-04,2015-08-05,2.0,2.0,7,10
alloc-2015_2841533_LONG LAKE-2015-08-05,2015_2841533_LONG LAKE,Long Lake,AK,2015,2015-08-05,2015-08-06,18.0,2.0,8,10
alloc-2015_2841533_LONG LAKE-2015-08-06,2015_2841533_LONG LAKE,Long Lake,AK,2015,2015-08-06,2015-08-07,6.0,18.0,9,10
alloc-2015_2844434_BLAIR-2015-07-03,2015_2844434_BLAIR,Blair,AK,2015,2015-07-03,2015-07-04,13.0,13.0,4,30
alloc-2015_2844434_BLAIR-2015-07-08,2015_2844434_BLAIR,Blair,AK,2015,2015-07-08,2015-07-09,11.0,11.0,9,30
alloc-2015_2844434_BLAIR-2015-07-13,2015_2844434_BLAIR,Blair,AK,2015,2015-07-13,2015-07-14,9.0,9.0,14,30
alloc-2015_2844434_BLAIR-2015-07-18,2015_2844434_BLAIR,Blair,AK,2015,2015-07-18,2015-07-19,9.0,9.0,19,30
alloc-2015_2844434_BLAIR-2015-07-23,2015_2844434_BLAIR,Blair,AK,2015,2015-07-23,2015-07-24,6.0,10.0,24,30
alloc-2015_2844434_BLAIR-2015-07-28,2015_2844434_BLAIR,Blair,AK,2015,2015-07-28,2015-07-29,5.0,5.0,29,30
alloc-2015_2848324_MT ADAMS COMPLEX-2015-07-13,2015_2848324_MT ADAMS COMPLEX,Mt Adams Complex,WA,2015,2015-07-13,2015-07-14,136.0,144.0,4,10
alloc-2015_2848324_MT ADAMS COMPLEX-2015-07-14,2015_2848324_MT ADAMS COMPLEX,Mt Adams COMPLEX,WA,2015,2015-07-14,2015-07-15,136.0,136.0,5,10
alloc-2015_2848324_MT ADAMS COMPLEX-2015-07-15,2015_2848324_MT ADAMS COMPLEX,Mt Adams COMPLEX,WA,2015,2015-07-15,2015-07-16,136.0,136.0,6,10
alloc-2015_2848324_MT ADAMS COMPLEX-2015-07-16,2015_2848324_MT ADAMS COMPLEX,Mt Adams COMPLEX,WA,2015,2015-07-16,2015-07-17,94.0,136.0,7,10
alloc-2015_2848324_MT ADAMS COMPLEX-2015-07-17,2015_2848324_MT ADAMS COMPLEX,Mt Adams COMPLEX,WA,2015,2015-07-17,2015-07-18,47.0,94.0,8,10
alloc-2015_2848324_MT ADAMS COMPLEX-2015-07-18,2015_2848324_MT ADAMS COMPLEX,Mt Adams COMPLEX,WA,2015,2015-07-18,2015-07-19,46.0,47.0,9,10
alloc-2015_2851264_HOG-2015-06-20,2015_2851264_HOG,HOG,AZ,2015,2015-06-20,2015-06-21,32.0,29.0,4,14
alloc-2015_2851264_HOG-2015-06-21,2015_2851264_HOG,HOG,AZ,2015,2015-06-21,2015-06-22,70.0,32.0,5,14
alloc-2015_2851264_HOG-2015-06-23,2015_2851264_HOG,HOG,AZ,2015,2015-06-23,2015-06-24,56.0,61.0,7,14
alloc-2015_2851264_HOG-2015-06-25,2015_2851264_HOG,HOG,AZ,2015,2015-06-25,2015-06-26,20.0,26.0,9,14
alloc-2015_2851264_HOG-2015-06-27,2015_2851264_HOG,HOG,AZ,2015,2015-06-27,2015-06-28,20.0,20.0,11,14
alloc-2015_2851264_HOG-2015-06-29,2015_2851264_HOG,HOG,AZ,2015,2015-06-29,2015-06-30,20.0,20.0,13,14
alloc-2015_2851584_KEARNY RIVER-2015-06-20,2015_2851584_KEARNY RIVER,KEARNY RIVER,AZ,2015,2015-06-20,2015-06-21,138.0,134.0,4,11
alloc-2015_2851584_KEARNY RIVER-2015-06-21,2015_2851584_KEARNY RIVER,KEARNY RIVER,AZ,2015,2015-06-21,2015-06-22,83.0,138.0,5,11
alloc-2015_2851584_KEARNY RIVER-2015-06-22,2015_2851584_KEARNY RIVER,KEARNY RIVER,AZ,2015,2015-06-22,2015-06-23,78.0,83.0,6,11
alloc-2015_2851584_KEARNY RIVER-2015-06-23,2015_2851584_KEARNY RIVER,KEARNY RIVER,AZ,2015,2015-06-23,2015-06-24,78.0,78.0,7,11
alloc-2015_2851584_KEARNY RIVER-2015-06-24,2015_2851584_KEARNY RIVER,KEARNY RIVER,AZ,2015,2015-06-24,2015-06-25,94.0,78.0,8,11
alloc-2015_2851584_KEARNY RIVER-2015-06-26,2015_2851584_KEARNY RIVER,KEARNY RIVER,AZ,2015,2015-06-26,2015-06-27,44.0,44.0,10,11
alloc-2015_2852141_TANANA AREA FIRES-2015-07-01,2015_2852141_TANANA AREA FIRES,Tanana Area Fires,AK,2015,2015-07-01,2015-07-02,133.0,132.0,4,37
alloc-2015_2852141_TANANA AREA FIRES-2015-07-07,2015_2852141_TANANA AREA FIRES,Tanana Area Fires,AK,2015,2015-07-07,2015-07-08,128.0,172.0,10,37
alloc-2015_2852141_TANANA AREA FIRES-2015-07-13,2015_2852141_TANANA AREA FIRES,Tanana Area Fires,AK,2015,2015-07-13,2015-07-14,137.0,136.0,16,37
alloc-2015_2852141_TANANA AREA FIRES-2015-07-20,2015_2852141_TANANA AREA FIRES,Tanana Area Fires,AK,2015,2015-07-20,2015-07-21,128.0,132.0,23,37
alloc-2015_2852141_TANANA AREA FIRES-2015-07-26,2015_2852141_TANANA AREA FIRES,Tanana Area Fires,AK,2015,2015-07-26,2015-07-27,102.0,104.0,29,37
alloc-2015_2852141_TANANA AREA FIRES-2015-08-02,2015_2852141_TANANA AREA FIRES,Tanana Area Fires,AK,2015,2015-08-02,2015-08-03,11.0,21.0,36,37
alloc-2015_2856114_WEST FORK FISH CREEK-2015-08-31,2015_2856114_WEST FORK FISH CREEK,West Fork Fish Creek,MT,2015,2015-08-31,2015-09-01,104.0,74.0,4,15
alloc-2015_2856114_WEST FORK FISH CREEK-2015-09-02,2015_2856114_WEST FORK FISH CREEK,West Fork Fish Creek,MT,2015,2015-09-02,2015-09-03,110.0,108.0,6,15
alloc-2015_2856114_WEST FORK FISH CREEK-2015-09-04,2015_2856114_WEST FORK FISH CREEK,West Fork Fish Creek,MT,2015,2015-09-04,2015-09-05,115.0,129.0,8,15
alloc-2015_2856114_WEST FORK FISH CREEK-2015-09-06,2015_2856114_WEST FORK FISH CREEK,West Fork Fish Creek,MT,2015,2015-09-06,2015-09-07,106.0,114.0,10,15
alloc-2015_2856114_WEST FORK FISH CREEK-2015-09-08,2015_2856114_WEST FORK FISH CREEK,West Fork Fish Creek,MT,2015,2015-09-08,2015-09-09,115.0,101.0,12,15
alloc-2015_2856114_WEST FORK FISH CREEK-2015-09-10,2015_2856114_WEST FORK FISH CREEK,West Fork Fish Creek,MT,2015,2015-09-10,2015-09-11,88.0,96.0,14,15
alloc-2015_2858198_BEAR LAKE-2015-08-27,2015_2858198_BEAR LAKE,Bear Lake,MT,2015,2015-08-27,2015-08-28,100.0,98.0,4,15
alloc-2015_2858198_BEAR LAKE-2015-08-29,2015_2858198_BEAR LAKE,Bear Lake,MT,2015,2015-08-29,2015-08-30,121.0,110.0,6,15
alloc-2015_2858198_BEAR LAKE-2015-08-31,2015_2858198_BEAR LAKE,Bear Lake,MT,2015,2015-08-31,2015-09-01,129.0,141.0,8,15
alloc-2015_2858198_BEAR LAKE-2015-09-02,2015_2858198_BEAR LAKE,Bear Lake,MT,2015,2015-09-02,2015-09-03,105.0,140.0,10,15
alloc-2015_2858198_BEAR LAKE-2015-09-04,2015_2858198_BEAR LAKE,Bear Lake,MT,2015,2015-09-04,2015-09-05,55.0,84.0,12,15
alloc-2015_2858198_BEAR LAKE-2015-09-06,2015_2858198_BEAR LAKE,Bear Lake,MT,2015,2015-09-06,2015-09-07,52.0,52.0,14,15
alloc-2015_2860062_COUGAR CREEK-2015-08-15,2015_2860062_COUGAR CREEK,COUGAR CREEK,WA,2015,2015-08-15,2015-08-16,201.0,216.0,4,36
alloc-2015_2860062_COUGAR CREEK-2015-08-21,2015_2860062_COUGAR CREEK,COUGAR CREEK,WA,2015,2015-08-21,2015-08-22,246.0,240.0,10,36
alloc-2015_2860062_COUGAR CREEK-2015-08-27,2015_2860062_COUGAR CREEK,COUGAR CREEK,WA,2015,2015-08-27,2015-08-28,193.0,217.0,16,36
alloc-2015_2860062_COUGAR CREEK-2015-09-02,2015_2860062_COUGAR CREEK,COUGAR CREEK,WA,2015,2015-09-02,2015-09-03,250.0,248.0,22,36
alloc-2015_2860062_COUGAR CREEK-2015-09-08,2015_2860062_COUGAR CREEK,COUGAR CREEK,WA,2015,2015-09-08,2015-09-09,192.0,285.0,28,36
alloc-2015_2860062_COUGAR CREEK-2015-09-15,2015_2860062_COUGAR CREEK,COUGAR CREEK,WA,2015,2015-09-15,2015-09-16,75.0,159.0,35,36
alloc-2015_2861568_MARBLE CREEK-2015-08-19,2015_2861568_MARBLE CREEK,Marble Creek,ID,2015,2015-08-19,2015-08-20,34.0,35.0,4,13
alloc-2015_2861568_MARBLE CREEK-2015-08-20,2015_2861568_MARBLE CREEK,Marble Creek,ID,2015,2015-08-20,2015-08-21,36.0,34.0,5,13
alloc-2015_2861568_MARBLE CREEK-2015-08-22,2015_2861568_MARBLE CREEK,Marble Creek,ID,2015,2015-08-22,2015-08-23,34.0,34.0,7,13
alloc-2015_2861568_MARBLE CREEK-2015-08-23,2015_2861568_MARBLE CREEK,Marble Creek,ID,2015,2015-08-23,2015-08-24,34.0,34.0,8,13
alloc-2015_2861568_MARBLE CREEK-2015-08-25,2015_2861568_MARBLE CREEK,Marble Creek,ID,2015,2015-08-25,2015-08-26,74.0,50.0,10,13
alloc-2015_2861568_MARBLE CREEK-2015-08-27,2015_2861568_MARBLE CREEK,Marble Creek,ID,2015,2015-08-27,2015-08-28,66.0,66.0,12,13
alloc-2015_2862923_BEAR CREEK-2015-08-22,2015_2862923_BEAR CREEK,Bear Creek,MT,2015,2015-08-22,2015-08-23,8.0,28.0,4,23
alloc-2015_2862923_BEAR CREEK-2015-08-25,2015_2862923_BEAR CREEK,Bear Creek,MT,2015,2015-08-25,2015-08-26,22.0,34.0,7,23
alloc-2015_2862923_BEAR CREEK-2015-08-29,2015_2862923_BEAR CREEK,Bear Creek,MT,2015,2015-08-29,2015-08-30,55.0,50.0,11,23
alloc-2015_2862923_BEAR CREEK-2015-09-01,2015_2862923_BEAR CREEK,Bear Creek,MT,2015,2015-09-01,2015-09-02,44.0,55.0,14,23
alloc-2015_2862923_BEAR CREEK-2015-09-05,2015_2862923_BEAR CREEK,Bear Creek,MT,2015,2015-09-05,2015-09-06,47.0,47.0,18,23
alloc-2015_2862923_BEAR CREEK-2015-09-09,2015_2862923_BEAR CREEK,Bear Creek,MT,2015,2015-09-09,2015-09-10,17.0,36.0,22,23
alloc-2015_2864375_TEPEE SPRINGS-2015-08-17,2015_2864375_TEPEE SPRINGS,Tepee Springs,ID,2015,2015-08-17,2015-08-18,162.0,93.0,4,44
alloc-2015_2864375_TEPEE SPRINGS-2015-08-24,2015_2864375_TEPEE SPRINGS,Tepee Springs,ID,2015,2015-08-24,2015-08-25,165.0,173.0,11,44
alloc-2015_2864375_TEPEE SPRINGS-2015-09-01,2015_2864375_TEPEE SPRINGS,Tepee Springs,ID,2015,2015-09-01,2015-09-02,276.0,254.0,19,44
alloc-2015_2864375_TEPEE SPRINGS-2015-09-09,2015_2864375_TEPEE SPRINGS,Tepee Springs,ID,2015,2015-09-09,2015-09-10,229.0,241.0,27,44
alloc-2015_2864375_TEPEE SPRINGS-2015-09-17,2015_2864375_TEPEE SPRINGS,Tepee Springs,ID,2015,2015-09-17,2015-09-18,147.0,174.0,35,44
alloc-2015_2864375_TEPEE SPRINGS-2015-09-25,2015_2864375_TEPEE SPRINGS,Tepee Springs,ID,2015,2015-09-25,2015-09-26,19.0,15.0,43,44
alloc-2015_2867919_NORTH STAR-2015-08-17,2015_2867919_NORTH STAR,NORTH STAR,WA,2015,2015-08-17,2015-08-18,111.0,116.0,4,42
alloc-2015_2867919_NORTH STAR-2015-08-24,2015_2867919_NORTH STAR,NORTH STAR,WA,2015,2015-08-24,2015-08-25,208.0,193.0,11,42
alloc-2015_2867919_NORTH STAR-2015-08-31,2015_2867919_NORTH STAR,NORTH STAR,WA,2015,2015-08-31,2015-09-01,351.0,243.0,18,42
alloc-2015_2867919_NORTH STAR-2015-09-08,2015_2867919_NORTH STAR,NORTH STAR,WA,2015,2015-09-08,2015-09-09,405.0,419.0,26,42
alloc-2015_2867919_NORTH STAR-2015-09-15,2015_2867919_NORTH STAR,NORTH STAR,WA,2015,2015-09-15,2015-09-16,453.0,418.0,33,42
alloc-2015_2867919_NORTH STAR-2015-09-23,2015_2867919_NORTH STAR,NORTH STAR,WA,2015,2015-09-23,2015-09-24,148.0,194.0,41,42
alloc-2015_2870956_CANYON CREEK COMPLEX-2015-08-16,2015_2870956_CANYON CREEK COMPLEX,CANYON CREEK COMPLEX,OR,2015,2015-08-16,2015-08-17,386.0,211.0,4,35
alloc-2015_2870956_CANYON CREEK COMPLEX-2015-08-22,2015_2870956_CANYON CREEK COMPLEX,CANYON CREEK COMPLEX,OR,2015,2015-08-22,2015-08-23,295.0,398.0,10,35
alloc-2015_2870956_CANYON CREEK COMPLEX-2015-08-28,2015_2870956_CANYON CREEK COMPLEX,CANYON CREEK COMPLEX,OR,2015,2015-08-28,2015-08-29,376.0,326.0,16,35
alloc-2015_2870956_CANYON CREEK COMPLEX-2015-09-03,2015_2870956_CANYON CREEK COMPLEX,CANYON CREEK COMPLEX,OR,2015,2015-09-03,2015-09-04,367.0,362.0,22,35
alloc-2015_2870956_CANYON CREEK COMPLEX-2015-09-09,2015_2870956_CANYON CREEK COMPLEX,CANYON CREEK COMPLEX,OR,2015,2015-09-09,2015-09-10,153.0,216.0,28,35
alloc-2015_2870956_CANYON CREEK COMPLEX-2015-09-15,2015_2870956_CANYON CREEK COMPLEX,CANYON CREEK COMPLEX,OR,2015,2015-09-15,2015-09-16,137.0,78.0,34,35
alloc-2015_2873774_LARKIN COMPLEX-2015-08-28,2015_2873774_LARKIN COMPLEX,LARKIN COMPLEX,ID,2015,2015-08-28,2015-08-29,4.0,4.0,4,11
alloc-2015_2873774_LARKIN COMPLEX-2015-08-29,2015_2873774_LARKIN COMPLEX,LARKIN COMPLEX,ID,2015,2015-08-29,2015-08-30,4.0,4.0,5,11
alloc-2015_2873774_LARKIN COMPLEX-2015-08-30,2015_2873774_LARKIN COMPLEX,LARKIN COMPLEX,ID,2015,2015-08-30,2015-08-31,4.0,4.0,6,11
alloc-2015_2873774_LARKIN COMPLEX-2015-08-31,2015_2873774_LARKIN COMPLEX,LARKIN COMPLEX,ID,2015,2015-08-31,2015-09-01,4.0,4.0,7,11
alloc-2015_2873774_LARKIN COMPLEX-2015-09-01,2015_2873774_LARKIN COMPLEX,LARKIN COMPLEX,ID,2015,2015-09-01,2015-09-02,4.0,4.0,8,11
alloc-2015_2873774_LARKIN COMPLEX-2015-09-03,2015_2873774_LARKIN COMPLEX,LARKIN COMPLEX,ID,2015,2015-09-03,2015-09-04,4.0,4.0,10,11
alloc-2015_2875162_MOTORWAY COMPLEX-2015-08-24,2015_2875162_MOTORWAY COMPLEX,MOTORWAY COMPLEX,ID,2015,2015-08-24,2015-08-25,144.0,135.0,4,27
alloc-2015_2875162_MOTORWAY COMPLEX-2015-08-28,2015_2875162_MOTORWAY COMPLEX,MOTORWAY COMPLEX,ID,2015,2015-08-28,2015-08-29,221.0,190.0,8,27
alloc-2015_2875162_MOTORWAY COMPLEX-2015-09-01,2015_2875162_MOTORWAY COMPLEX,MOTORWAY COMPLEX,ID,2015,2015-09-01,2015-09-02,200.0,174.0,12,27
alloc-2015_2875162_MOTORWAY COMPLEX-2015-09-06,2015_2875162_MOTORWAY COMPLEX,MOTORWAY COMPLEX,ID,2015,2015-09-06,2015-09-07,248.0,240.0,17,27
alloc-2015_2875162_MOTORWAY COMPLEX-2015-09-10,2015_2875162_MOTORWAY COMPLEX,MOTORWAY COMPLEX,ID,2015,2015-09-10,2015-09-11,207.0,207.0,21,27
alloc-2015_2875162_MOTORWAY COMPLEX-2015-09-15,2015_2875162_MOTORWAY COMPLEX,MOTORWAY COMPLEX,ID,2015,2015-09-15,2015-09-16,112.0,139.0,26,27
alloc-2015_2877328_FIRST CREEK-2015-08-17,2015_2877328_FIRST CREEK,First Creek,WA,2015,2015-08-17,2015-08-18,130.0,129.0,4,39
alloc-2015_2877328_FIRST CREEK-2015-08-23,2015_2877328_FIRST CREEK,First Creek,WA,2015,2015-08-23,2015-08-24,107.0,100.0,10,39
alloc-2015_2877328_FIRST CREEK-2015-08-30,2015_2877328_FIRST CREEK,First Creek,WA,2015,2015-08-30,2015-08-31,112.0,112.0,17,39
alloc-2015_2877328_FIRST CREEK-2015-09-06,2015_2877328_FIRST CREEK,First Creek,WA,2015,2015-09-06,2015-09-07,38.0,41.0,24,39
alloc-2015_2877328_FIRST CREEK-2015-09-13,2015_2877328_FIRST CREEK,First Creek,WA,2015,2015-09-13,2015-09-14,58.0,80.0,31,39
alloc-2015_2877328_FIRST CREEK-2015-09-20,2015_2877328_FIRST CREEK,First Creek,WA,2015,2015-09-20,2015-09-21,30.0,30.0,38,39
alloc-2015_2878511_GRIZZLY BEAR COMPLEX-2015-08-19,2015_2878511_GRIZZLY BEAR COMPLEX,Grizzly Bear Complex,WA,2015,2015-08-19,2015-08-20,106.0,106.0,4,11
alloc-2015_2878511_GRIZZLY BEAR COMPLEX-2015-08-20,2015_2878511_GRIZZLY BEAR COMPLEX,Grizzly Bear Complex,WA,2015,2015-08-20,2015-08-21,112.0,106.0,5,11
alloc-2015_2878511_GRIZZLY BEAR COMPLEX-2015-08-21,2015_2878511_GRIZZLY BEAR COMPLEX,Grizzly Bear Complex,WA,2015,2015-08-21,2015-08-22,146.0,112.0,6,11
alloc-2015_2878511_GRIZZLY BEAR COMPLEX-2015-08-22,2015_2878511_GRIZZLY BEAR COMPLEX,Grizzly Bear Complex,WA,2015,2015-08-22,2015-08-23,225.0,146.0,7,11
alloc-2015_2878511_GRIZZLY BEAR COMPLEX-2015-08-23,2015_2878511_GRIZZLY BEAR COMPLEX,Grizzly Bear Complex,WA,2015,2015-08-23,2015-08-24,249.0,225.0,8,11
alloc-2015_2878511_GRIZZLY BEAR COMPLEX-2015-08-25,2015_2878511_GRIZZLY BEAR COMPLEX,Grizzly Bear Complex,WA,2015,2015-08-25,2015-08-26,399.0,275.0,10,11
alloc-2015_2880290_SODA-2015-08-13,2015_2880290_SODA,SODA,ID,2015,2015-08-13,2015-08-14,192.0,132.0,4,14
alloc-2015_2880290_SODA-2015-08-14,2015_2880290_SODA,SODA,ID,2015,2015-08-14,2015-08-15,226.0,192.0,5,14
alloc-2015_2880290_SODA-2015-08-16,2015_2880290_SODA,SODA,ID,2015,2015-08-16,2015-08-17,206.0,214.0,7,14
alloc-2015_2880290_SODA-2015-08-18,2015_2880290_SODA,SODA,ID,2015,2015-08-18,2015-08-19,46.0,156.0,9,14
alloc-2015_2880290_SODA-2015-08-20,2015_2880290_SODA,SODA,ID,2015,2015-08-20,2015-08-21,46.0,46.0,11,14
alloc-2015_2880290_SODA-2015-08-22,2015_2880290_SODA,SODA,ID,2015,2015-08-22,2015-08-23,30.0,30.0,13,14
alloc-2015_2880759_WEST SCRIVER-2015-08-14,2015_2880759_WEST SCRIVER,West Scriver,ID,2015,2015-08-14,2015-08-15,119.0,124.0,4,20
alloc-2015_2880759_WEST SCRIVER-2015-08-17,2015_2880759_WEST SCRIVER,West Scriver,ID,2015,2015-08-17,2015-08-18,120.0,122.0,7,20
alloc-2015_2880759_WEST SCRIVER-2015-08-20,2015_2880759_WEST SCRIVER,West Scriver,ID,2015,2015-08-20,2015-08-21,101.0,94.0,10,20
alloc-2015_2880759_WEST SCRIVER-2015-08-23,2015_2880759_WEST SCRIVER,West Scriver,ID,2015,2015-08-23,2015-08-24,43.0,67.0,13,20
alloc-2015_2880759_WEST SCRIVER-2015-08-26,2015_2880759_WEST SCRIVER,West Scriver,ID,2015,2015-08-26,2015-08-27,38.0,41.0,16,20
alloc-2015_2880759_WEST SCRIVER-2015-08-29,2015_2880759_WEST SCRIVER,West Scriver,ID,2015,2015-08-29,2015-08-30,6.0,12.0,19,20
alloc-2015_2882088_CORNET-2015-08-21,2015_2882088_CORNET,Windy Ridge,OR,2015,2015-08-21,2015-08-22,169.0,219.0,4,11
alloc-2015_2882088_CORNET-2015-08-22,2015_2882088_CORNET,Windy Ridge,OR,2015,2015-08-22,2015-08-23,151.0,169.0,5,11
alloc-2015_2882088_CORNET-2015-08-23,2015_2882088_CORNET,Windy Ridge,OR,2015,2015-08-23,2015-08-24,134.0,151.0,6,11
alloc-2015_2882088_CORNET-2015-08-24,2015_2882088_CORNET,Windy Ridge,OR,2015,2015-08-24,2015-08-25,32.0,134.0,7,11
alloc-2015_2882088_CORNET-2015-08-25,2015_2882088_CORNET,Windy Ridge,OR,2015,2015-08-25,2015-08-26,33.0,32.0,8,11
alloc-2015_2882088_CORNET-2015-08-27,2015_2882088_CORNET,Windy Ridge,OR,2015,2015-08-27,2015-08-28,32.0,32.0,10,11
alloc-2015_2883365_UPPER SKAGIT COMPLEX-2015-08-25,2015_2883365_UPPER SKAGIT COMPLEX,UPPER SKAGIT COMPLEX,WA,2015,2015-08-25,2015-08-26,150.0,78.0,4,11
alloc-2015_2883365_UPPER SKAGIT COMPLEX-2015-08-26,2015_2883365_UPPER SKAGIT COMPLEX,UPPER SKAGIT COMPLEX,WA,2015,2015-08-26,2015-08-27,118.0,150.0,5,11
alloc-2015_2883365_UPPER SKAGIT COMPLEX-2015-08-27,2015_2883365_UPPER SKAGIT COMPLEX,UPPER SKAGIT COMPLEX,WA,2015,2015-08-27,2015-08-28,63.0,118.0,6,11
alloc-2015_2883365_UPPER SKAGIT COMPLEX-2015-08-28,2015_2883365_UPPER SKAGIT COMPLEX,UPPER SKAGIT COMPLEX,WA,2015,2015-08-28,2015-08-29,63.0,63.0,7,11
alloc-2015_2883365_UPPER SKAGIT COMPLEX-2015-08-29,2015_2883365_UPPER SKAGIT COMPLEX,UPPER SKAGIT COMPLEX,WA,2015,2015-08-29,2015-08-30,38.0,63.0,8,11
alloc-2015_2883365_UPPER SKAGIT COMPLEX-2015-08-31,2015_2883365_UPPER SKAGIT COMPLEX,UPPER SKAGIT COMPLEX,WA,2015,2015-08-31,2015-09-01,29.0,29.0,10,11
alloc-2015_2884431_MORRELL COMPLEX-2015-08-20,2015_2884431_MORRELL COMPLEX,MORRELL COMPLEX,MT,2015,2015-08-20,2015-08-21,65.0,66.0,4,20
alloc-2015_2884431_MORRELL COMPLEX-2015-08-23,2015_2884431_MORRELL COMPLEX,MORRELL COMPLEX,MT,2015,2015-08-23,2015-08-24,70.0,71.0,7,20
alloc-2015_2884431_MORRELL COMPLEX-2015-08-26,2015_2884431_MORRELL COMPLEX,MORRELL COMPLEX,MT,2015,2015-08-26,2015-08-27,72.0,71.0,10,20
alloc-2015_2884431_MORRELL COMPLEX-2015-08-29,2015_2884431_MORRELL COMPLEX,MORRELL COMPLEX,MT,2015,2015-08-29,2015-08-30,100.0,97.0,13,20
alloc-2015_2884431_MORRELL COMPLEX-2015-09-01,2015_2884431_MORRELL COMPLEX,MORRELL COMPLEX,MT,2015,2015-09-01,2015-09-02,81.0,90.0,16,20
alloc-2015_2884431_MORRELL COMPLEX-2015-09-04,2015_2884431_MORRELL COMPLEX,MORRELL COMPLEX,MT,2015,2015-09-04,2015-09-05,5.0,46.0,19,20
alloc-2015_2887809_BOBCAT-2015-08-19,2015_2887809_BOBCAT,Bobcat,ID,2015,2015-08-19,2015-08-20,117.0,55.0,4,16
alloc-2015_2887809_BOBCAT-2015-08-21,2015_2887809_BOBCAT,Bobcat,ID,2015,2015-08-21,2015-08-22,167.0,142.0,6,16
alloc-2015_2887809_BOBCAT-2015-08-23,2015_2887809_BOBCAT,Bobcat,ID,2015,2015-08-23,2015-08-24,157.0,185.0,8,16
alloc-2015_2887809_BOBCAT-2015-08-25,2015_2887809_BOBCAT,Bobcat,ID,2015,2015-08-25,2015-08-26,157.0,98.0,10,16
alloc-2015_2887809_BOBCAT-2015-08-27,2015_2887809_BOBCAT,Bobcat,ID,2015,2015-08-27,2015-08-28,32.0,26.0,12,16
alloc-2015_2887809_BOBCAT-2015-08-30,2015_2887809_BOBCAT,Bobcat,ID,2015,2015-08-30,2015-08-31,11.0,26.0,15,16
alloc-2015_2888586_NORTHEAST KOOTENAI COMPLEX-2015-08-19,2015_2888586_NORTHEAST KOOTENAI COMPLEX,NORTHEAST KOOTENAI COMPLEX,MT,2015,2015-08-19,2015-08-20,165.0,157.0,4,28
alloc-2015_2888586_NORTHEAST KOOTENAI COMPLEX-2015-08-23,2015_2888586_NORTHEAST KOOTENAI COMPLEX,NORTHEAST KOOTENAI COMPLEX,MT,2015,2015-08-23,2015-08-24,199.0,199.0,8,28
alloc-2015_2888586_NORTHEAST KOOTENAI COMPLEX-2015-08-28,2015_2888586_NORTHEAST KOOTENAI COMPLEX,NORTHEAST KOOTENAI COMPLEX,MT,2015,2015-08-28,2015-08-29,194.0,237.0,13,28
alloc-2015_2888586_NORTHEAST KOOTENAI COMPLEX-2015-09-01,2015_2888586_NORTHEAST KOOTENAI COMPLEX,NORTHEAST KOOTENAI COMPLEX,MT,2015,2015-09-01,2015-09-02,122.0,151.0,17,28
alloc-2015_2888586_NORTHEAST KOOTENAI COMPLEX-2015-09-06,2015_2888586_NORTHEAST KOOTENAI COMPLEX,NORTHEAST KOOTENAI COMPLEX,MT,2015,2015-09-06,2015-09-07,66.0,89.0,22,28
alloc-2015_2888586_NORTHEAST KOOTENAI COMPLEX-2015-09-11,2015_2888586_NORTHEAST KOOTENAI COMPLEX,NORTHEAST KOOTENAI COMPLEX,MT,2015,2015-09-11,2015-09-12,15.0,15.0,27,28
alloc-2015_2890578_CLARK FORK COMPLEX-2015-08-25,2015_2890578_CLARK FORK COMPLEX,CLARK FORK COMPLEX,ID,2015,2015-08-25,2015-08-26,93.0,78.0,4,10
alloc-2015_2890578_CLARK FORK COMPLEX-2015-08-26,2015_2890578_CLARK FORK COMPLEX,CLARK FORK COMPLEX,ID,2015,2015-08-26,2015-08-27,127.0,93.0,5,10
alloc-2015_2890578_CLARK FORK COMPLEX-2015-08-27,2015_2890578_CLARK FORK COMPLEX,CLARK FORK COMPLEX,ID,2015,2015-08-27,2015-08-28,138.0,127.0,6,10
alloc-2015_2890578_CLARK FORK COMPLEX-2015-08-28,2015_2890578_CLARK FORK COMPLEX,CLARK FORK COMPLEX,ID,2015,2015-08-28,2015-08-29,138.0,138.0,7,10
alloc-2015_2890578_CLARK FORK COMPLEX-2015-08-29,2015_2890578_CLARK FORK COMPLEX,CLARK FORK COMPLEX,ID,2015,2015-08-29,2015-08-30,136.0,138.0,8,10
alloc-2015_2890578_CLARK FORK COMPLEX-2015-08-30,2015_2890578_CLARK FORK COMPLEX,CLARK FORK COMPLEX,ID,2015,2015-08-30,2015-08-31,140.0,136.0,9,10
alloc-2015_2891473_GRIZZLY COMPLEX-2015-08-25,2015_2891473_GRIZZLY COMPLEX,GRIZZLY COMPLEX,ID,2015,2015-08-25,2015-08-26,89.0,73.0,4,17
alloc-2015_2891473_GRIZZLY COMPLEX-2015-08-27,2015_2891473_GRIZZLY COMPLEX,GRIZZLY COMPLEX,ID,2015,2015-08-27,2015-08-28,84.0,84.0,6,17
alloc-2015_2891473_GRIZZLY COMPLEX-2015-08-29,2015_2891473_GRIZZLY COMPLEX,GRIZZLY COMPLEX,ID,2015,2015-08-29,2015-08-30,100.0,96.0,8,17
alloc-2015_2891473_GRIZZLY COMPLEX-2015-09-01,2015_2891473_GRIZZLY COMPLEX,GRIZZLY COMPLEX,ID,2015,2015-09-01,2015-09-02,80.0,84.0,11,17
alloc-2015_2891473_GRIZZLY COMPLEX-2015-09-03,2015_2891473_GRIZZLY COMPLEX,GRIZZLY COMPLEX,ID,2015,2015-09-03,2015-09-04,50.0,77.0,13,17
alloc-2015_2891473_GRIZZLY COMPLEX-2015-09-06,2015_2891473_GRIZZLY COMPLEX,GRIZZLY COMPLEX,ID,2015,2015-09-06,2015-09-07,34.0,45.0,16,17
alloc-2015_2892247_SELWAY/ELK CITY/RED RIVER COMPLEX-2015-09-07,2015_2892247_SELWAY/ELK CITY/RED RIVER COMPLEX,SELWAY/ELK CITY/RED RIVER COMPLEX,ID,2015,2015-09-07,2015-09-08,149.0,172.0,4,14
alloc-2015_2892247_SELWAY/ELK CITY/RED RIVER COMPLEX-2015-09-08,2015_2892247_SELWAY/ELK CITY/RED RIVER COMPLEX,SELWAY/ELK CITY/RED RIVER COMPLEX,ID,2015,2015-09-08,2015-09-09,148.0,149.0,5,14
alloc-2015_2892247_SELWAY/ELK CITY/RED RIVER COMPLEX-2015-09-10,2015_2892247_SELWAY/ELK CITY/RED RIVER COMPLEX,SELWAY/ELK CITY/RED RIVER COMPLEX,ID,2015,2015-09-10,2015-09-11,157.0,166.0,7,14
alloc-2015_2892247_SELWAY/ELK CITY/RED RIVER COMPLEX-2015-09-12,2015_2892247_SELWAY/ELK CITY/RED RIVER COMPLEX,SELWAY/ELK CITY/RED RIVER COMPLEX,ID,2015,2015-09-12,2015-09-13,138.0,161.0,9,14
alloc-2015_2892247_SELWAY/ELK CITY/RED RIVER COMPLEX-2015-09-14,2015_2892247_SELWAY/ELK CITY/RED RIVER COMPLEX,SELWAY/ELK CITY/RED RIVER COMPLEX,ID,2015,2015-09-14,2015-09-15,86.0,147.0,11,14
alloc-2015_2892247_SELWAY/ELK CITY/RED RIVER COMPLEX-2015-09-16,2015_2892247_SELWAY/ELK CITY/RED RIVER COMPLEX,SELWAY/ELK CITY/RED RIVER COMPLEX,ID,2015,2015-09-16,2015-09-17,60.0,82.0,13,14
alloc-2015_2893226_SHEEP MOUNTAIN-2015-09-02,2015_2893226_SHEEP MOUNTAIN,Sheep Mountain,MT,2015,2015-09-02,2015-09-03,10.0,6.0,4,12
alloc-2015_2893226_SHEEP MOUNTAIN-2015-09-03,2015_2893226_SHEEP MOUNTAIN,Sheep Mountain,MT,2015,2015-09-03,2015-09-04,10.0,10.0,5,12
alloc-2015_2893226_SHEEP MOUNTAIN-2015-09-04,2015_2893226_SHEEP MOUNTAIN,Sheep Mountain,MT,2015,2015-09-04,2015-09-05,10.0,10.0,6,12
alloc-2015_2893226_SHEEP MOUNTAIN-2015-09-06,2015_2893226_SHEEP MOUNTAIN,Sheep Mountain,MT,2015,2015-09-06,2015-09-07,10.0,10.0,8,12
alloc-2015_2893226_SHEEP MOUNTAIN-2015-09-07,2015_2893226_SHEEP MOUNTAIN,Sheep Mountain,MT,2015,2015-09-07,2015-09-08,10.0,10.0,9,12
alloc-2015_2893226_SHEEP MOUNTAIN-2015-09-09,2015_2893226_SHEEP MOUNTAIN,Sheep Mountain,MT,2015,2015-09-09,2015-09-10,5.0,5.0,11,12
alloc-2015_2893226_SHEEP MOUNTAIN-2015-09-29,2015_2893226_SHEEP MOUNTAIN,Sheep Mountain,MT,2015,2015-09-29,2015-09-30,92.0,91.0,4,13
alloc-2015_2893226_SHEEP MOUNTAIN-2015-09-30,2015_2893226_SHEEP MOUNTAIN,Sheep Mountain,MT,2015,2015-09-30,2015-10-01,92.0,92.0,5,13
alloc-2015_2893226_SHEEP MOUNTAIN-2015-10-02,2015_2893226_SHEEP MOUNTAIN,Sheep Mountain,MT,2015,2015-10-02,2015-10-03,27.0,92.0,7,13
alloc-2015_2893226_SHEEP MOUNTAIN-2015-10-03,2015_2893226_SHEEP MOUNTAIN,Sheep Mountain,MT,2015,2015-10-03,2015-10-04,23.0,27.0,8,13
alloc-2015_2893226_SHEEP MOUNTAIN-2015-10-05,2015_2893226_SHEEP MOUNTAIN,Sheep Mountain,MT,2015,2015-10-05,2015-10-06,19.0,17.0,10,13
alloc-2015_2893226_SHEEP MOUNTAIN-2015-10-07,2015_2893226_SHEEP MOUNTAIN,Sheep Mountain,MT,2015,2015-10-07,2015-10-08,19.0,25.0,12,13
alloc-2015_2893226_SHEEP MOUNTAIN-2015-10-18,2015_2893226_SHEEP MOUNTAIN,Sheep Mountain,MT,2015,2015-10-18,2015-10-19,28.0,28.0,4,13
alloc-2015_2893226_SHEEP MOUNTAIN-2015-10-19,2015_2893226_SHEEP MOUNTAIN,Sheep Mountain,MT,2015,2015-10-19,2015-10-20,28.0,28.0,5,13
alloc-2015_2893226_SHEEP MOUNTAIN-2015-10-21,2015_2893226_SHEEP MOUNTAIN,Sheep Mountain,MT,2015,2015-10-21,2015-10-22,28.0,28.0,7,13
alloc-2015_2893226_SHEEP MOUNTAIN-2015-10-22,2015_2893226_SHEEP MOUNTAIN,Sheep Mountain,MT,2015,2015-10-22,2015-10-23,28.0,28.0,8,13
alloc-2015_2893226_SHEEP MOUNTAIN-2015-10-24,2015_2893226_SHEEP MOUNTAIN,Sheep Mountain,MT,2015,2015-10-24,2015-10-25,26.0,26.0,10,13
alloc-2015_2893226_SHEEP MOUNTAIN-2015-10-26,2015_2893226_SHEEP MOUNTAIN,Sheep Mountain,MT,2015,2015-10-26,2015-10-27,26.0,26.0,12,13
alloc-2015_2897183_TUNK BLOCK-2015-09-12,2015_2897183_TUNK BLOCK,TUNK BLOCK,WA,2015,2015-09-12,2015-09-13,408.0,291.0,4,11
alloc-2015_2897183_TUNK BLOCK-2015-09-13,2015_2897183_TUNK BLOCK,TUNK BLOCK,WA,2015,2015-09-13,2015-09-14,422.0,408.0,5,11
alloc-2015_2897183_TUNK BLOCK-2015-09-14,2015_2897183_TUNK BLOCK,TUNK BLOCK,WA,2015,2015-09-14,2015-09-15,398.0,422.0,6,11
alloc-2015_2897183_TUNK BLOCK-2015-09-15,2015_2897183_TUNK BLOCK,TUNK BLOCK,WA,2015,2015-09-15,2015-09-16,299.0,398.0,7,11
alloc-2015_2897183_TUNK BLOCK-2015-09-16,2015_2897183_TUNK BLOCK,TUNK BLOCK,WA,2015,2015-09-16,2015-09-17,258.0,299.0,8,11
alloc-2015_2897183_TUNK BLOCK-2015-09-18,2015_2897183_TUNK BLOCK,TUNK BLOCK,WA,2015,2015-09-18,2015-09-19,259.0,257.0,10,11
alloc-2015_2898201_JAY PT/ BOULDER-2015-08-26,2015_2898201_JAY PT/ BOULDER,Jay Pt,ID,2015,2015-08-26,2015-08-27,112.0,118.0,4,24
alloc-2015_2898201_JAY PT/ BOULDER-2015-08-29,2015_2898201_JAY PT/ BOULDER,Jay Pt,ID,2015,2015-08-29,2015-08-30,75.0,84.0,7,24
alloc-2015_2898201_JAY PT/ BOULDER-2015-09-02,2015_2898201_JAY PT/ BOULDER,Jay Pt,ID,2015,2015-09-02,2015-09-03,93.0,69.0,11,24
alloc-2015_2898201_JAY PT/ BOULDER-2015-09-06,2015_2898201_JAY PT/ BOULDER,Jay Pt/ Boulder,ID,2015,2015-09-06,2015-09-07,70.0,59.0,15,24
alloc-2015_2898201_JAY PT/ BOULDER-2015-09-10,2015_2898201_JAY PT/ BOULDER,Jay Pt/ Boulder,ID,2015,2015-09-10,2015-09-11,10.0,10.0,19,24
alloc-2015_2898201_JAY PT/ BOULDER-2015-09-14,2015_2898201_JAY PT/ BOULDER,Jay Pt/ Boulder,ID,2015,2015-09-14,2015-09-15,6.0,8.0,23,24
alloc-2015_2902128_AVERY COMPLEX-2015-09-04,2015_2902128_AVERY COMPLEX,AVERY COMPLEX,ID,2015,2015-09-04,2015-09-05,179.0,128.0,4,12
alloc-2015_2902128_AVERY COMPLEX-2015-09-05,2015_2902128_AVERY COMPLEX,AVERY COMPLEX,ID,2015,2015-09-05,2015-09-06,192.0,179.0,5,12
alloc-2015_2902128_AVERY COMPLEX-2015-09-06,2015_2902128_AVERY COMPLEX,AVERY COMPLEX,ID,2015,2015-09-06,2015-09-07,190.0,192.0,6,12
alloc-2015_2902128_AVERY COMPLEX-2015-09-08,2015_2902128_AVERY COMPLEX,AVERY COMPLEX,ID,2015,2015-09-08,2015-09-09,200.0,200.0,8,12
alloc-2015_2902128_AVERY COMPLEX-2015-09-09,2015_2902128_AVERY COMPLEX,AVERY COMPLEX,ID,2015,2015-09-09,2015-09-10,177.0,200.0,9,12
alloc-2015_2902128_AVERY COMPLEX-2015-09-11,2015_2902128_AVERY COMPLEX,AVERY COMPLEX,ID,2015,2015-09-11,2015-09-12,126.0,132.0,11,12
alloc-2015_2903654_MOOSE RIDGE-2015-09-02,2015_2903654_MOOSE RIDGE,Moose Ridge,MT,2015,2015-09-02,2015-09-03,11.0,6.0,4,12
alloc-2015_2903654_MOOSE RIDGE-2015-09-03,2015_2903654_MOOSE RIDGE,Moose Ridge,MT,2015,2015-09-03,2015-09-04,11.0,11.0,5,12
alloc-2015_2903654_MOOSE RIDGE-2015-09-04,2015_2903654_MOOSE RIDGE,Moose Ridge,MT,2015,2015-09-04,2015-09-05,11.0,11.0,6,12
alloc-2015_2903654_MOOSE RIDGE-2015-09-06,2015_2903654_MOOSE RIDGE,Moose Ridge,MT,2015,2015-09-06,2015-09-07,11.0,11.0,8,12
alloc-2015_2903654_MOOSE RIDGE-2015-09-07,2015_2903654_MOOSE RIDGE,Moose Ridge,MT,2015,2015-09-07,2015-09-08,11.0,11.0,9,12
alloc-2015_2903654_MOOSE RIDGE-2015-09-09,2015_2903654_MOOSE RIDGE,Moose Ridge,MT,2015,2015-09-09,2015-09-10,10.0,11.0,11,12
alloc-2015_2906716_CHELAN COMPLEX-2015-08-24,2015_2906716_CHELAN COMPLEX,Chelan Complex,WA,2015,2015-08-24,2015-08-25,292.0,250.0,4,19
alloc-2015_2906716_CHELAN COMPLEX-2015-08-26,2015_2906716_CHELAN COMPLEX,Chelan Complex,WA,2015,2015-08-26,2015-08-27,373.0,274.0,6,19
alloc-2015_2906716_CHELAN COMPLEX-2015-08-29,2015_2906716_CHELAN COMPLEX,Chelan Complex,WA,2015,2015-08-29,2015-08-30,389.0,389.0,9,19
alloc-2015_2906716_CHELAN COMPLEX-2015-09-01,2015_2906716_CHELAN COMPLEX,Chelan Complex,WA,2015,2015-09-01,2015-09-02,363.0,327.0,12,19
alloc-2015_2906716_CHELAN COMPLEX-2015-09-04,2015_2906716_CHELAN COMPLEX,Chelan Complex,WA,2015,2015-09-04,2015-09-05,417.0,372.0,15,19
alloc-2015_2906716_CHELAN COMPLEX-2015-09-07,2015_2906716_CHELAN COMPLEX,Chelan Complex,WA,2015,2015-09-07,2015-09-08,245.0,332.0,18,19
alloc-2015_2906716_CHELAN COMPLEX-2015-09-13,2015_2906716_CHELAN COMPLEX,Chelan Complex,WA,2015,2015-09-13,2015-09-14,139.0,172.0,4,11
alloc-2015_2906716_CHELAN COMPLEX-2015-09-14,2015_2906716_CHELAN COMPLEX,Chelan Complex,WA,2015,2015-09-14,2015-09-15,139.0,139.0,5,11
alloc-2015_2906716_CHELAN COMPLEX-2015-09-15,2015_2906716_CHELAN COMPLEX,Chelan Complex,WA,2015,2015-09-15,2015-09-16,150.0,139.0,6,11
alloc-2015_2906716_CHELAN COMPLEX-2015-09-16,2015_2906716_CHELAN COMPLEX,Chelan Complex,WA,2015,2015-09-16,2015-09-17,197.0,150.0,7,11
alloc-2015_2906716_CHELAN COMPLEX-2015-09-17,2015_2906716_CHELAN COMPLEX,Chelan Complex,WA,2015,2015-09-17,2015-09-18,197.0,197.0,8,11
alloc-2015_2906716_CHELAN COMPLEX-2015-09-19,2015_2906716_CHELAN COMPLEX,Chelan Complex,WA,2015,2015-09-19,2015-09-20,74.0,71.0,10,11
alloc-2015_2914355_DRY GULCH-2015-09-17,2015_2914355_DRY GULCH,Dry Gulch,OR,2015,2015-09-17,2015-09-18,79.0,179.0,4,10
alloc-2015_2914355_DRY GULCH-2015-09-18,2015_2914355_DRY GULCH,Dry Gulch,OR,2015,2015-09-18,2015-09-19,56.0,79.0,5,10
alloc-2015_2914355_DRY GULCH-2015-09-19,2015_2914355_DRY GULCH,Dry Gulch,OR,2015,2015-09-19,2015-09-20,62.0,56.0,6,10
alloc-2015_2914355_DRY GULCH-2015-09-20,2015_2914355_DRY GULCH,Dry Gulch,OR,2015,2015-09-20,2015-09-21,82.0,62.0,7,10
alloc-2015_2914355_DRY GULCH-2015-09-21,2015_2914355_DRY GULCH,Dry Gulch,OR,2015,2015-09-21,2015-09-22,76.0,82.0,8,10
alloc-2015_2914355_DRY GULCH-2015-09-22,2015_2914355_DRY GULCH,Dry Gulch,OR,2015,2015-09-22,2015-09-23,28.0,76.0,9,10
alloc-2015_2917997_EAGLE-2015-08-15,2015_2917997_EAGLE,Eagle,OR,2015,2015-08-15,2015-08-16,124.0,116.0,4,30
alloc-2015_2917997_EAGLE-2015-08-20,2015_2917997_EAGLE,Eagle,OR,2015,2015-08-20,2015-08-21,172.0,154.0,9,30
alloc-2015_2917997_EAGLE-2015-08-25,2015_2917997_EAGLE,Eagle,OR,2015,2015-08-25,2015-08-26,221.0,215.0,14,30
alloc-2015_2917997_EAGLE-2015-08-30,2015_2917997_EAGLE,Eagle,OR,2015,2015-08-30,2015-08-31,120.0,259.0,19,30
alloc-2015_2917997_EAGLE-2015-09-04,2015_2917997_EAGLE,Eagle,OR,2015,2015-09-04,2015-09-05,89.0,97.0,24,30
alloc-2015_2917997_EAGLE-2015-09-09,2015_2917997_EAGLE,Eagle,OR,2015,2015-09-09,2015-09-10,59.0,67.0,29,30
alloc-2015_2919855_BENDIRE COMPLEX-2015-08-15,2015_2919855_BENDIRE COMPLEX,Bendire Complex,OR,2015,2015-08-15,2015-08-16,224.0,270.0,4,11
alloc-2015_2919855_BENDIRE COMPLEX-2015-08-16,2015_2919855_BENDIRE COMPLEX,Bendire Complex,OR,2015,2015-08-16,2015-08-17,280.0,224.0,5,11
alloc-2015_2919855_BENDIRE COMPLEX-2015-08-17,2015_2919855_BENDIRE COMPLEX,Bendire Complex,OR,2015,2015-08-17,2015-08-18,318.0,280.0,6,11
alloc-2015_2919855_BENDIRE COMPLEX-2015-08-18,2015_2919855_BENDIRE COMPLEX,Bendire Complex,OR,2015,2015-08-18,2015-08-19,338.0,318.0,7,11
alloc-2015_2919855_BENDIRE COMPLEX-2015-08-19,2015_2919855_BENDIRE COMPLEX,Bendire Complex,OR,2015,2015-08-19,2015-08-20,136.0,338.0,8,11
alloc-2015_2919855_BENDIRE COMPLEX-2015-08-21,2015_2919855_BENDIRE COMPLEX,Bendire Complex,OR,2015,2015-08-21,2015-08-22,12.0,37.0,10,11
alloc-2015_2920368_CLEARWATER/MUNICIPAL COMPLEX-2015-08-18,2015_2920368_CLEARWATER/MUNICIPAL COMPLEX,CLEARWATER COMPLEX,ID,2015,2015-08-18,2015-08-19,304.0,348.0,4,26
alloc-2015_2920368_CLEARWATER/MUNICIPAL COMPLEX-2015-08-22,2015_2920368_CLEARWATER/MUNICIPAL COMPLEX,CLEARWATER COMPLEX,ID,2015,2015-08-22,2015-08-23,271.0,358.0,8,26
alloc-2015_2920368_CLEARWATER/MUNICIPAL COMPLEX-2015-08-26,2015_2920368_CLEARWATER/MUNICIPAL COMPLEX,CLEARWATER COMPLEX,ID,2015,2015-08-26,2015-08-27,268.0,196.0,12,26
alloc-2015_2920368_CLEARWATER/MUNICIPAL COMPLEX-2015-08-30,2015_2920368_CLEARWATER/MUNICIPAL COMPLEX,CLEARWATER/MUNICIPAL/MOTORWAY NORTH COMPLEX,ID,2015,2015-08-30,2015-08-31,226.0,233.0,16,26
alloc-2015_2920368_CLEARWATER/MUNICIPAL COMPLEX-2015-09-03,2015_2920368_CLEARWATER/MUNICIPAL COMPLEX,CLEARWATER/MUNICIPAL COMPLEX,ID,2015,2015-09-03,2015-09-04,92.0,93.0,20,26
alloc-2015_2920368_CLEARWATER/MUNICIPAL COMPLEX-2015-09-08,2015_2920368_CLEARWATER/MUNICIPAL COMPLEX,CLEARWATER/MUNICIPAL COMPLEX,ID,2015,2015-09-08,2015-09-09,76.0,76.0,25,26
alloc-2015_2922269_COUNTY LINE 2-2015-08-17,2015_2922269_COUNTY LINE 2,COUNTY LINE 2,OR,2015,2015-08-17,2015-08-18,373.0,396.0,4,20
alloc-2015_2922269_COUNTY LINE 2-2015-08-20,2015_2922269_COUNTY LINE 2,COUNTY LINE 2,OR,2015,2015-08-20,2015-08-21,395.0,390.0,7,20
alloc-2015_2922269_COUNTY LINE 2-2015-08-23,2015_2922269_COUNTY LINE 2,COUNTY LINE 2,OR,2015,2015-08-23,2015-08-24,348.0,376.0,10,20
alloc-2015_2922269_COUNTY LINE 2-2015-08-26,2015_2922269_COUNTY LINE 2,COUNTY LINE 2,OR,2015,2015-08-26,2015-08-27,345.0,350.0,13,20
alloc-2015_2922269_COUNTY LINE 2-2015-08-29,2015_2922269_COUNTY LINE 2,COUNTY LINE 2,OR,2015,2015-08-29,2015-08-30,316.0,329.0,16,20
alloc-2015_2922269_COUNTY LINE 2-2015-09-01,2015_2922269_COUNTY LINE 2,COUNTY LINE 2,OR,2015,2015-09-01,2015-09-02,319.0,286.0,19,20
alloc-2015_2923340_TRAIL CREEK-2015-08-19,2015_2923340_TRAIL CREEK,Trail Creek,MT,2015,2015-08-19,2015-08-20,1.0,1.0,4,26
alloc-2015_2923340_TRAIL CREEK-2015-08-23,2015_2923340_TRAIL CREEK,Trail Creek,MT,2015,2015-08-23,2015-08-24,59.0,35.0,8,26
alloc-2015_2923340_TRAIL CREEK-2015-08-27,2015_2923340_TRAIL CREEK,Trail Creek,MT,2015,2015-08-27,2015-08-28,32.0,34.0,12,26
alloc-2015_2923340_TRAIL CREEK-2015-08-31,2015_2923340_TRAIL CREEK,Trail Creek,MT,2015,2015-08-31,2015-09-01,25.0,5.0,16,26
alloc-2015_2923340_TRAIL CREEK-2015-09-04,2015_2923340_TRAIL CREEK,Trail Creek,MT,2015,2015-09-04,2015-09-05,14.0,14.0,20,26
alloc-2015_2923340_TRAIL CREEK-2015-09-09,2015_2923340_TRAIL CREEK,Trail Creek,MT,2015,2015-09-09,2015-09-10,11.0,10.0,25,26
alloc-2015_2924073_SUCKER CREEK-2015-08-20,2015_2924073_SUCKER CREEK,Sucker Creek,MT,2015,2015-08-20,2015-08-21,122.0,120.0,4,15
alloc-2015_2924073_SUCKER CREEK-2015-08-22,2015_2924073_SUCKER CREEK,Sucker Creek,MT,2015,2015-08-22,2015-08-23,97.0,115.0,6,15
alloc-2015_2924073_SUCKER CREEK-2015-08-24,2015_2924073_SUCKER CREEK,Sucker Creek,MT,2015,2015-08-24,2015-08-25,88.0,91.0,8,15
alloc-2015_2924073_SUCKER CREEK-2015-08-26,2015_2924073_SUCKER CREEK,Sucker Creek,MT,2015,2015-08-26,2015-08-27,52.0,63.0,10,15
alloc-2015_2924073_SUCKER CREEK-2015-08-28,2015_2924073_SUCKER CREEK,Sucker Creek,MT,2015,2015-08-28,2015-08-29,43.0,43.0,12,15
alloc-2015_2924073_SUCKER CREEK-2015-08-30,2015_2924073_SUCKER CREEK,Sucker Creek,MT,2015,2015-08-30,2015-08-31,9.0,18.0,14,15
alloc-2015_2924893_CAMPBELLS-2015-08-25,2015_2924893_CAMPBELLS,Campbells,ID,2015,2015-08-25,2015-08-26,27.0,26.0,4,10
alloc-2015_2924893_CAMPBELLS-2015-08-26,2015_2924893_CAMPBELLS,Campbells,ID,2015,2015-08-26,2015-08-27,27.0,27.0,5,10
alloc-2015_2924893_CAMPBELLS-2015-08-27,2015_2924893_CAMPBELLS,Campbells,ID,2015,2015-08-27,2015-08-28,26.0,27.0,6,10
alloc-2015_2924893_CAMPBELLS-2015-08-28,2015_2924893_CAMPBELLS,Campbells,ID,2015,2015-08-28,2015-08-29,26.0,26.0,7,10
alloc-2015_2924893_CAMPBELLS-2015-08-29,2015_2924893_CAMPBELLS,Campbells,ID,2015,2015-08-29,2015-08-30,26.0,26.0,8,10
alloc-2015_2924893_CAMPBELLS-2015-08-30,2015_2924893_CAMPBELLS,Campbells,ID,2015,2015-08-30,2015-08-31,2.0,26.0,9,10
alloc-2015_2925355_ELDORADO-2015-08-21,2015_2925355_ELDORADO,Eldorado,OR,2015,2015-08-21,2015-08-22,153.0,190.0,4,14
alloc-2015_2925355_ELDORADO-2015-08-22,2015_2925355_ELDORADO,Eldorado,OR,2015,2015-08-22,2015-08-23,141.0,153.0,5,14
alloc-2015_2925355_ELDORADO-2015-08-24,2015_2925355_ELDORADO,Eldorado,OR,2015,2015-08-24,2015-08-25,77.0,104.0,7,14
alloc-2015_2925355_ELDORADO-2015-08-26,2015_2925355_ELDORADO,Eldorado,OR,2015,2015-08-26,2015-08-27,24.0,24.0,9,14
alloc-2015_2925355_ELDORADO-2015-08-28,2015_2925355_ELDORADO,Eldorado,OR,2015,2015-08-28,2015-08-29,24.0,24.0,11,14
alloc-2015_2925355_ELDORADO-2015-08-30,2015_2925355_ELDORADO,Eldorado,OR,2015,2015-08-30,2015-08-31,24.0,24.0,13,14
alloc-2015_2926612_KANIKSU COMPLEX-2015-08-22,2015_2926612_KANIKSU COMPLEX,Kaniksu Complex,WA,2015,2015-08-22,2015-08-23,189.0,102.0,4,33
alloc-2015_2926612_KANIKSU COMPLEX-2015-08-27,2015_2926612_KANIKSU COMPLEX,Kaniksu Complex,WA,2015,2015-08-27,2015-08-28,241.0,255.0,9,33
alloc-2015_2926612_KANIKSU COMPLEX-2015-09-02,2015_2926612_KANIKSU COMPLEX,Kaniksu Complex,WA,2015,2015-09-02,2015-09-03,275.0,277.0,15,33
alloc-2015_2926612_KANIKSU COMPLEX-2015-09-07,2015_2926612_KANIKSU COMPLEX,Kaniksu Complex,WA,2015,2015-09-07,2015-09-08,260.0,244.0,20,33
alloc-2015_2926612_KANIKSU COMPLEX-2015-09-13,2015_2926612_KANIKSU COMPLEX,Kaniksu Complex,WA,2015,2015-09-13,2015-09-14,81.0,128.0,26,33
alloc-2015_2926612_KANIKSU COMPLEX-2015-09-19,2015_2926612_KANIKSU COMPLEX,Kaniksu Complex,WA,2015,2015-09-19,2015-09-20,77.0,84.0,32,33
alloc-2015_2926612_KANIKSU COMPLEX-2015-09-25,2015_2926612_KANIKSU COMPLEX,Kaniksu Complex,WA,2015,2015-09-25,2015-09-26,77.0,68.0,4,10
alloc-2015_2926612_KANIKSU COMPLEX-2015-09-26,2015_2926612_KANIKSU COMPLEX,Kaniksu Complex,WA,2015,2015-09-26,2015-09-27,79.0,77.0,5,10
alloc-2015_2926612_KANIKSU COMPLEX-2015-09-27,2015_2926612_KANIKSU COMPLEX,Kaniksu Complex,WA,2015,2015-09-27,2015-09-28,93.0,79.0,6,10
alloc-2015_2926612_KANIKSU COMPLEX-2015-09-28,2015_2926612_KANIKSU COMPLEX,Kaniksu Complex,WA,2015,2015-09-28,2015-09-29,94.0,93.0,7,10
alloc-2015_2926612_KANIKSU COMPLEX-2015-09-29,2015_2926612_KANIKSU COMPLEX,Kaniksu Complex,WA,2015,2015-09-29,2015-09-30,93.0,94.0,8,10
alloc-2015_2926612_KANIKSU COMPLEX-2015-09-30,2015_2926612_KANIKSU COMPLEX,Kaniksu Complex,WA,2015,2015-09-30,2015-10-01,93.0,93.0,9,10
alloc-2015_2928822_LAST INCH-2015-08-30,2015_2928822_LAST INCH,Last Inch,ID,2015,2015-08-30,2015-08-31,47.0,47.0,4,14
alloc-2015_2928822_LAST INCH-2015-08-31,2015_2928822_LAST INCH,Last Inch,ID,2015,2015-08-31,2015-09-01,46.0,47.0,5,14
alloc-2015_2928822_LAST INCH-2015-09-02,2015_2928822_LAST INCH,Last Inch,ID,2015,2015-09-02,2015-09-03,44.0,44.0,7,14
alloc-2015_2928822_LAST INCH-2015-09-04,2015_2928822_LAST INCH,Last Inch,ID,2015,2015-09-04,2015-09-05,38.0,44.0,9,14
alloc-2015_2928822_LAST INCH-2015-09-06,2015_2928822_LAST INCH,Last Inch,ID,2015,2015-09-06,2015-09-07,36.0,38.0,11,14
alloc-2015_2928822_LAST INCH-2015-09-08,2015_2928822_LAST INCH,Last Inch,ID,2015,2015-09-08,2015-09-09,35.0,36.0,13,14
alloc-2015_2929371_SCOTCHMANS GULCH-2015-08-17,2015_2929371_SCOTCHMANS GULCH,Scotchmans Gulch,MT,2015,2015-08-17,2015-08-18,33.0,37.0,4,13
alloc-2015_2929371_SCOTCHMANS GULCH-2015-08-18,2015_2929371_SCOTCHMANS GULCH,Scotchmans Gulch,MT,2015,2015-08-18,2015-08-19,56.0,33.0,5,13
alloc-2015_2929371_SCOTCHMANS GULCH-2015-08-20,2015_2929371_SCOTCHMANS GULCH,Scotchmans Gulch,MT,2015,2015-08-20,2015-08-21,57.0,57.0,7,13
alloc-2015_2929371_SCOTCHMANS GULCH-2015-08-21,2015_2929371_SCOTCHMANS GULCH,Scotchmans Gulch,MT,2015,2015-08-21,2015-08-22,57.0,57.0,8,13
alloc-2015_2929371_SCOTCHMANS GULCH-2015-08-23,2015_2929371_SCOTCHMANS GULCH,Scotchmans Gulch,MT,2015,2015-08-23,2015-08-24,72.0,72.0,10,13
alloc-2015_2929371_SCOTCHMANS GULCH-2015-08-25,2015_2929371_SCOTCHMANS GULCH,Scotchmans Gulch,MT,2015,2015-08-25,2015-08-26,71.0,70.0,12,13
alloc-2015_2929894_RAPID-2015-08-19,2015_2929894_RAPID,Rapid,ID,2015,2015-08-19,2015-08-20,107.0,86.0,4,32
alloc-2015_2929894_RAPID-2015-08-24,2015_2929894_RAPID,Rapid,ID,2015,2015-08-24,2015-08-25,135.0,164.0,9,32
alloc-2015_2929894_RAPID-2015-08-29,2015_2929894_RAPID,Rapid,ID,2015,2015-08-29,2015-08-30,102.0,94.0,14,32
alloc-2015_2929894_RAPID-2015-09-04,2015_2929894_RAPID,Rapid,ID,2015,2015-09-04,2015-09-05,98.0,100.0,20,32
alloc-2015_2929894_RAPID-2015-09-09,2015_2929894_RAPID,Rapid,ID,2015,2015-09-09,2015-09-10,54.0,54.0,25,32
alloc-2015_2929894_RAPID-2015-09-15,2015_2929894_RAPID,Rapid,ID,2015,2015-09-15,2015-09-16,1.0,4.0,31,32
alloc-2015_2930859_LAFAYETTE-2015-08-17,2015_2930859_LAFAYETTE,LAFAYETTE,LA,2015,2015-08-17,2015-08-18,190.0,189.0,4,12
alloc-2015_2930859_LAFAYETTE-2015-08-18,2015_2930859_LAFAYETTE,LAFAYETTE,LA,2015,2015-08-18,2015-08-19,168.0,190.0,5,12
alloc-2015_2930859_LAFAYETTE-2015-08-19,2015_2930859_LAFAYETTE,LAFAYETTE,LA,2015,2015-08-19,2015-08-20,168.0,168.0,6,12
alloc-2015_2930859_LAFAYETTE-2015-08-21,2015_2930859_LAFAYETTE,LAFAYETTE,LA,2015,2015-08-21,2015-08-22,146.0,151.0,8,12
alloc-2015_2930859_LAFAYETTE-2015-08-22,2015_2930859_LAFAYETTE,LAFAYETTE,LA,2015,2015-08-22,2015-08-23,58.0,146.0,9,12
alloc-2015_2930859_LAFAYETTE-2015-08-24,2015_2930859_LAFAYETTE,LAFAYETTE,LA,2015,2015-08-24,2015-08-25,58.0,58.0,11,12
alloc-2015_2931055_OKANOGAN COMPLEX-2015-08-20,2015_2931055_OKANOGAN COMPLEX,OKANOGAN COMPLEX,WA,2015,2015-08-20,2015-08-21,530.0,527.0,4,12
alloc-2015_2931055_OKANOGAN COMPLEX-2015-08-21,2015_2931055_OKANOGAN COMPLEX,OKANOGAN COMPLEX,WA,2015,2015-08-21,2015-08-22,537.0,530.0,5,12
alloc-2015_2931055_OKANOGAN COMPLEX-2015-08-22,2015_2931055_OKANOGAN COMPLEX,OKANOGAN COMPLEX,WA,2015,2015-08-22,2015-08-23,672.0,537.0,6,12
alloc-2015_2931055_OKANOGAN COMPLEX-2015-08-24,2015_2931055_OKANOGAN COMPLEX,OKANOGAN COMPLEX,WA,2015,2015-08-24,2015-08-25,676.0,676.0,8,12
alloc-2015_2931055_OKANOGAN COMPLEX-2015-08-25,2015_2931055_OKANOGAN COMPLEX,OKANOGAN COMPLEX,WA,2015,2015-08-25,2015-08-26,787.0,676.0,9,12
alloc-2015_2931055_OKANOGAN COMPLEX-2015-08-27,2015_2931055_OKANOGAN COMPLEX,OKANOGAN COMPLEX,WA,2015,2015-08-27,2015-08-28,762.0,768.0,11,12
alloc-2015_2931055_OKANOGAN COMPLEX-2015-09-02,2015_2931055_OKANOGAN COMPLEX,OKANOGAN COMPLEX,WA,2015,2015-09-02,2015-09-03,567.0,553.0,4,22
alloc-2015_2931055_OKANOGAN COMPLEX-2015-09-05,2015_2931055_OKANOGAN COMPLEX,OKANOGAN COMPLEX,WA,2015,2015-09-05,2015-09-06,624.0,504.0,7,22
alloc-2015_2931055_OKANOGAN COMPLEX-2015-09-08,2015_2931055_OKANOGAN COMPLEX,OKANOGAN COMPLEX,WA,2015,2015-09-08,2015-09-09,454.0,454.0,10,22
alloc-2015_2931055_OKANOGAN COMPLEX-2015-09-12,2015_2931055_OKANOGAN COMPLEX,OKANOGAN COMPLEX,WA,2015,2015-09-12,2015-09-13,271.0,277.0,14,22
alloc-2015_2931055_OKANOGAN COMPLEX-2015-09-15,2015_2931055_OKANOGAN COMPLEX,OKANOGAN COMPLEX,WA,2015,2015-09-15,2015-09-16,199.0,218.0,17,22
alloc-2015_2931055_OKANOGAN COMPLEX-2015-09-19,2015_2931055_OKANOGAN COMPLEX,OKANOGAN COMPLEX,WA,2015,2015-09-19,2015-09-20,141.0,166.0,21,22
alloc-2015_2933305_WILLAMINA CREEK-2015-08-26,2015_2933305_WILLAMINA CREEK,Willamina Creek,OR,2015,2015-08-26,2015-08-27,102.0,102.0,4,13
alloc-2015_2933305_WILLAMINA CREEK-2015-08-27,2015_2933305_WILLAMINA CREEK,Willamina Creek,OR,2015,2015-08-27,2015-08-28,62.0,102.0,5,13
alloc-2015_2933305_WILLAMINA CREEK-2015-08-29,2015_2933305_WILLAMINA CREEK,Willamina Creek,OR,2015,2015-08-29,2015-08-30,62.0,62.0,7,13
alloc-2015_2933305_WILLAMINA CREEK-2015-08-30,2015_2933305_WILLAMINA CREEK,Willamina Creek,OR,2015,2015-08-30,2015-08-31,62.0,62.0,8,13
alloc-2015_2933305_WILLAMINA CREEK-2015-09-01,2015_2933305_WILLAMINA CREEK,Willamina Creek,OR,2015,2015-09-01,2015-09-02,2.0,2.0,10,13
alloc-2015_2933305_WILLAMINA CREEK-2015-09-03,2015_2933305_WILLAMINA CREEK,Willamina Creek,OR,2015,2015-09-03,2015-09-04,2.0,2.0,12,13
alloc-2015_2933887_GOAT ROCK COMPLEX-2015-08-26,2015_2933887_GOAT ROCK COMPLEX,Goat Rock Complex,MT,2015,2015-08-26,2015-08-27,14.0,12.0,4,23
alloc-2015_2933887_GOAT ROCK COMPLEX-2015-08-29,2015_2933887_GOAT ROCK COMPLEX,Goat Rock Complex,MT,2015,2015-08-29,2015-08-30,38.0,16.0,7,23
alloc-2015_2933887_GOAT ROCK COMPLEX-2015-09-02,2015_2933887_GOAT ROCK COMPLEX,Goat Rock Complex,MT,2015,2015-09-02,2015-09-03,63.0,63.0,11,23
alloc-2015_2933887_GOAT ROCK COMPLEX-2015-09-05,2015_2933887_GOAT ROCK COMPLEX,Goat Rock Complex,MT,2015,2015-09-05,2015-09-06,58.0,54.0,14,23
alloc-2015_2933887_GOAT ROCK COMPLEX-2015-09-09,2015_2933887_GOAT ROCK COMPLEX,GOAT ROCK COMPLEX,MT,2015,2015-09-09,2015-09-10,50.0,50.0,18,23
alloc-2015_2933887_GOAT ROCK COMPLEX-2015-09-13,2015_2933887_GOAT ROCK COMPLEX,GOAT ROCK COMPLEX,MT,2015,2015-09-13,2015-09-14,16.0,24.0,22,23
alloc-2015_2934748_KETTLE COMPLEX-2015-08-25,2015_2934748_KETTLE COMPLEX,KETTLE COMPLEX,WA,2015,2015-08-25,2015-08-26,313.0,293.0,4,37
alloc-2015_2934748_KETTLE COMPLEX-2015-08-31,2015_2934748_KETTLE COMPLEX,KETTLE COMPLEX,WA,2015,2015-08-31,2015-09-01,519.0,533.0,10,37
alloc-2015_2934748_KETTLE COMPLEX-2015-09-06,2015_2934748_KETTLE COMPLEX,KETTLE COMPLEX,WA,2015,2015-09-06,2015-09-07,337.0,347.0,16,37
alloc-2015_2934748_KETTLE COMPLEX-2015-09-13,2015_2934748_KETTLE COMPLEX,KETTLE COMPLEX,WA,2015,2015-09-13,2015-09-14,282.0,280.0,23,37
alloc-2015_2934748_KETTLE COMPLEX-2015-09-19,2015_2934748_KETTLE COMPLEX,KETTLE COMPLEX,WA,2015,2015-09-19,2015-09-20,323.0,333.0,29,37
alloc-2015_2934748_KETTLE COMPLEX-2015-09-26,2015_2934748_KETTLE COMPLEX,KETTLE COMPLEX,WA,2015,2015-09-26,2015-09-27,78.0,92.0,36,37
alloc-2015_2936647_COUGAR-2015-08-16,2015_2936647_COUGAR,COUGAR,ID,2015,2015-08-16,2015-08-17,95.0,74.0,4,13
alloc-2015_2936647_COUGAR-2015-08-17,2015_2936647_COUGAR,COUGAR,ID,2015,2015-08-17,2015-08-18,120.0,95.0,5,13
alloc-2015_2936647_COUGAR-2015-08-19,2015_2936647_COUGAR,COUGAR,ID,2015,2015-08-19,2015-08-20,143.0,143.0,7,13
alloc-2015_2936647_COUGAR-2015-08-20,2015_2936647_COUGAR,COUGAR,ID,2015,2015-08-20,2015-08-21,136.0,143.0,8,13
alloc-2015_2936647_COUGAR-2015-08-22,2015_2936647_COUGAR,COUGAR,ID,2015,2015-08-22,2015-08-23,132.0,132.0,10,13
alloc-2015_2936647_COUGAR-2015-08-24,2015_2936647_COUGAR,COUGAR,ID,2015,2015-08-24,2015-08-25,120.0,134.0,12,13
alloc-2015_2937522_FAMILY PEAK COMPLEX-2015-09-01,2015_2937522_FAMILY PEAK COMPLEX,FAMILY PEAK COMPLEX,MT,2015,2015-09-01,2015-09-02,116.0,71.0,4,13
alloc-2015_2937522_FAMILY PEAK COMPLEX-2015-09-02,2015_2937522_FAMILY PEAK COMPLEX,FAMILY PEAK COMPLEX,MT,2015,2015-09-02,2015-09-03,94.0,116.0,5,13
alloc-2015_2937522_FAMILY PEAK COMPLEX-2015-09-04,2015_2937522_FAMILY PEAK COMPLEX,FAMILY PEAK COMPLEX,MT,2015,2015-09-04,2015-09-05,115.0,121.0,7,13
alloc-2015_2937522_FAMILY PEAK COMPLEX-2015-09-05,2015_2937522_FAMILY PEAK COMPLEX,FAMILY PEAK COMPLEX,MT,2015,2015-09-05,2015-09-06,85.0,115.0,8,13
alloc-2015_2937522_FAMILY PEAK COMPLEX-2015-09-07,2015_2937522_FAMILY PEAK COMPLEX,FAMILY PEAK COMPLEX,MT,2015,2015-09-07,2015-09-08,77.0,84.0,10,13
alloc-2015_2937522_FAMILY PEAK COMPLEX-2015-09-09,2015_2937522_FAMILY PEAK COMPLEX,FAMILY PEAK COMPLEX,MT,2015,2015-09-09,2015-09-10,50.0,76.0,12,13
alloc-2015_2937522_FAMILY PEAK COMPLEX-2015-09-15,2015_2937522_FAMILY PEAK COMPLEX,FAMILY PEAK COMPLEX,MT,2015,2015-09-15,2015-09-16,52.0,38.0,4,10
alloc-2015_2937522_FAMILY PEAK COMPLEX-2015-09-16,2015_2937522_FAMILY PEAK COMPLEX,FAMILY PEAK COMPLEX,MT,2015,2015-09-16,2015-09-17,52.0,52.0,5,10
alloc-2015_2937522_FAMILY PEAK COMPLEX-2015-09-17,2015_2937522_FAMILY PEAK COMPLEX,FAMILY PEAK COMPLEX,MT,2015,2015-09-17,2015-09-18,51.0,52.0,6,10
alloc-2015_2937522_FAMILY PEAK COMPLEX-2015-09-18,2015_2937522_FAMILY PEAK COMPLEX,FAMILY PEAK COMPLEX,MT,2015,2015-09-18,2015-09-19,50.0,51.0,7,10
alloc-2015_2937522_FAMILY PEAK COMPLEX-2015-09-19,2015_2937522_FAMILY PEAK COMPLEX,FAMILY PEAK COMPLEX,MT,2015,2015-09-19,2015-09-20,29.0,50.0,8,10
alloc-2015_2937522_FAMILY PEAK COMPLEX-2015-09-20,2015_2937522_FAMILY PEAK COMPLEX,FAMILY PEAK COMPLEX,MT,2015,2015-09-20,2015-09-21,6.0,29.0,9,10
alloc-2015_2938502_MELTON 1-2015-08-17,2015_2938502_MELTON 1,MELTON 1,MT,2015,2015-08-17,2015-08-18,80.0,52.0,4,18
alloc-2015_2938502_MELTON 1-2015-08-19,2015_2938502_MELTON 1,MELTON 1,MT,2015,2015-08-19,2015-08-20,92.0,90.0,6,18
alloc-2015_2938502_MELTON 1-2015-08-22,2015_2938502_MELTON 1,MELTON 1,MT,2015,2015-08-22,2015-08-23,85.0,95.0,9,18
alloc-2015_2938502_MELTON 1-2015-08-24,2015_2938502_MELTON 1,MELTON 1,MT,2015,2015-08-24,2015-08-25,72.0,72.0,11,18
alloc-2015_2938502_MELTON 1-2015-08-27,2015_2938502_MELTON 1,MELTON 1,MT,2015,2015-08-27,2015-08-28,72.0,72.0,14,18
alloc-2015_2938502_MELTON 1-2015-08-30,2015_2938502_MELTON 1,MELTON 1,MT,2015,2015-08-30,2015-08-31,16.0,72.0,17,18
alloc-2015_2938854_CARPENTER RD.-2015-08-19,2015_2938854_CARPENTER RD.,CARPENTER ROAD,WA,2015,2015-08-19,2015-08-20,167.0,165.0,4,29
alloc-2015_2938854_CARPENTER RD.-2015-08-23,2015_2938854_CARPENTER RD.,CARPENTER ROAD,WA,2015,2015-08-23,2015-08-24,205.0,231.0,8,29
alloc-2015_2938854_CARPENTER RD.-2015-08-28,2015_2938854_CARPENTER RD.,CARPENTER RD.,WA,2015,2015-08-28,2015-08-29,313.0,349.0,13,29
alloc-2015_2938854_CARPENTER RD.-2015-09-02,2015_2938854_CARPENTER RD.,CARPENTER RD.,WA,2015,2015-09-02,2015-09-03,303.0,324.0,18,29
alloc-2015_2938854_CARPENTER RD.-2015-09-07,2015_2938854_CARPENTER RD.,CARPENTER RD.,WA,2015,2015-09-07,2015-09-08,269.0,358.0,23,29
alloc-2015_2938854_CARPENTER RD.-2015-09-12,2015_2938854_CARPENTER RD.,CARPENTER RD.,WA,2015,2015-09-12,2015-09-13,128.0,178.0,28,29
alloc-2015_2940729_ELEVENMILE-2015-09-03,2015_2940729_ELEVENMILE,Elevenmile,ID,2015,2015-09-03,2015-09-04,187.0,184.0,4,15
alloc-2015_2940729_ELEVENMILE-2015-09-05,2015_2940729_ELEVENMILE,Elevenmile,ID,2015,2015-09-05,2015-09-06,165.0,170.0,6,15
alloc-2015_2940729_ELEVENMILE-2015-09-07,2015_2940729_ELEVENMILE,Elevenmile,ID,2015,2015-09-07,2015-09-08,125.0,157.0,8,15
alloc-2015_2940729_ELEVENMILE-2015-09-09,2015_2940729_ELEVENMILE,Elevenmile,ID,2015,2015-09-09,2015-09-10,112.0,103.0,10,15
alloc-2015_2940729_ELEVENMILE-2015-09-11,2015_2940729_ELEVENMILE,Elevenmile,ID,2015,2015-09-11,2015-09-12,73.0,73.0,12,15
alloc-2015_2940729_ELEVENMILE-2015-09-13,2015_2940729_ELEVENMILE,Elevenmile,ID,2015,2015-09-13,2015-09-14,55.0,68.0,14,15
alloc-2015_2942070_HIDDEN PINES-2015-10-16,2015_2942070_HIDDEN PINES,Hidden Pines,TX,2015,2015-10-16,2015-10-17,169.0,162.0,4,10
alloc-2015_2942070_HIDDEN PINES-2015-10-17,2015_2942070_HIDDEN PINES,Hidden Pines,TX,2015,2015-10-17,2015-10-18,180.0,169.0,5,10
alloc-2015_2942070_HIDDEN PINES-2015-10-18,2015_2942070_HIDDEN PINES,Hidden Pines,TX,2015,2015-10-18,2015-10-19,138.0,180.0,6,10
alloc-2015_2942070_HIDDEN PINES-2015-10-19,2015_2942070_HIDDEN PINES,Hidden Pines,TX,2015,2015-10-19,2015-10-20,136.0,138.0,7,10
alloc-2015_2942070_HIDDEN PINES-2015-10-20,2015_2942070_HIDDEN PINES,Hidden Pines,TX,2015,2015-10-20,2015-10-21,124.0,136.0,8,10
alloc-2015_2942070_HIDDEN PINES-2015-10-21,2015_2942070_HIDDEN PINES,Hidden Pines,TX,2015,2015-10-21,2015-10-22,73.0,124.0,9,10
alloc-2015_2944838_BIG TREE-2015-10-21,2015_2944838_BIG TREE,Big Tree,AL,2015,2015-10-21,2015-10-22,44.0,45.0,4,14
alloc-2015_2944838_BIG TREE-2015-10-22,2015_2944838_BIG TREE,Big Tree,AL,2015,2015-10-22,2015-10-23,44.0,44.0,5,14
alloc-2015_2944838_BIG TREE-2015-10-24,2015_2944838_BIG TREE,Big Tree,AL,2015,2015-10-24,2015-10-25,44.0,44.0,7,14
alloc-2015_2944838_BIG TREE-2015-10-26,2015_2944838_BIG TREE,Big Tree,AL,2015,2015-10-26,2015-10-27,42.0,42.0,9,14
alloc-2015_2944838_BIG TREE-2015-10-28,2015_2944838_BIG TREE,Big Tree,AL,2015,2015-10-28,2015-10-29,26.0,26.0,11,14
alloc-2015_2944838_BIG TREE-2015-10-30,2015_2944838_BIG TREE,Big Tree,AL,2015,2015-10-30,2015-10-31,6.0,22.0,13,14
alloc-2015_2946370_ALDER LAKE-2015-08-30,2015_2946370_ALDER LAKE,Alder Lake,WA,2015,2015-08-30,2015-08-31,62.0,61.0,4,13
alloc-2015_2946370_ALDER LAKE-2015-08-31,2015_2946370_ALDER LAKE,Alder Lake,WA,2015,2015-08-31,2015-09-01,50.0,62.0,5,13
alloc-2015_2946370_ALDER LAKE-2015-09-02,2015_2946370_ALDER LAKE,Alder Lake,WA,2015,2015-09-02,2015-09-03,45.0,51.0,7,13
alloc-2015_2946370_ALDER LAKE-2015-09-03,2015_2946370_ALDER LAKE,Alder Lake,WA,2015,2015-09-03,2015-09-04,45.0,45.0,8,13
alloc-2015_2946370_ALDER LAKE-2015-09-05,2015_2946370_ALDER LAKE,Alder Lake,WA,2015,2015-09-05,2015-09-06,82.0,115.0,10,13
alloc-2015_2946370_ALDER LAKE-2015-09-07,2015_2946370_ALDER LAKE,Alder Lake,WA,2015,2015-09-07,2015-09-08,59.0,81.0,12,13
alloc-2015_2947080_WALKER-2015-10-14,2015_2947080_WALKER,WALKER,ID,2015,2015-10-14,2015-10-15,208.0,207.0,4,10
alloc-2015_2947080_WALKER-2015-10-15,2015_2947080_WALKER,WALKER,ID,2015,2015-10-15,2015-10-16,204.0,208.0,5,10
alloc-2015_2947080_WALKER-2015-10-16,2015_2947080_WALKER,WALKER,ID,2015,2015-10-16,2015-10-17,200.0,204.0,6,10
alloc-2015_2947080_WALKER-2015-10-17,2015_2947080_WALKER,WALKER,ID,2015,2015-10-17,2015-10-18,160.0,200.0,7,10
alloc-2015_2947080_WALKER-2015-10-18,2015_2947080_WALKER,WALKER,ID,2015,2015-10-18,2015-10-19,102.0,160.0,8,10
alloc-2015_2947080_WALKER-2015-10-19,2015_2947080_WALKER,WALKER,ID,2015,2015-10-19,2015-10-20,105.0,102.0,9,10
alloc-2016_4245976_TETLIN RIVER-2016-06-21,2016_4245976_TETLIN RIVER,Tetlin River,AK,2016,2016-06-21,2016-06-22,156.0,140.0,4,15
alloc-2016_4245976_TETLIN RIVER-2016-06-23,2016_4245976_TETLIN RIVER,Tetlin River,AK,2016,2016-06-23,2016-06-24,191.0,191.0,6,15
alloc-2016_4245976_TETLIN RIVER-2016-06-25,2016_4245976_TETLIN RIVER,Tetlin River,AK,2016,2016-06-25,2016-06-26,180.0,180.0,8,15
alloc-2016_4245976_TETLIN RIVER-2016-06-27,2016_4245976_TETLIN RIVER,Tetlin River,AK,2016,2016-06-27,2016-06-28,168.0,214.0,10,15
alloc-2016_4245976_TETLIN RIVER-2016-06-29,2016_4245976_TETLIN RIVER,Tetlin River,AK,2016,2016-06-29,2016-06-30,158.0,166.0,12,15
alloc-2016_4245976_TETLIN RIVER-2016-07-01,2016_4245976_TETLIN RIVER,Tetlin River,AK,2016,2016-07-01,2016-07-02,124.0,142.0,14,15
alloc-2016_4248057_OBSERVATION-2016-06-29,2016_4248057_OBSERVATION,Observation,MT,2016,2016-06-29,2016-06-30,121.0,119.0,4,20
alloc-2016_4248057_OBSERVATION-2016-07-02,2016_4248057_OBSERVATION,Observation,MT,2016,2016-07-02,2016-07-03,232.0,182.0,7,20
alloc-2016_4248057_OBSERVATION-2016-07-05,2016_4248057_OBSERVATION,Observation,MT,2016,2016-07-05,2016-07-06,228.0,244.0,10,20
alloc-2016_4248057_OBSERVATION-2016-07-08,2016_4248057_OBSERVATION,Observation,MT,2016,2016-07-08,2016-07-09,139.0,188.0,13,20
alloc-2016_4248057_OBSERVATION-2016-07-11,2016_4248057_OBSERVATION,Observation,MT,2016,2016-07-11,2016-07-12,80.0,132.0,16,20
alloc-2016_4248057_OBSERVATION-2016-07-14,2016_4248057_OBSERVATION,Observation,MT,2016,2016-07-14,2016-07-15,50.0,58.0,19,20
alloc-2016_4248733_CROW PEAK-2016-06-28,2016_4248733_CROW PEAK,Crow Peak,SD,2016,2016-06-28,2016-06-29,219.0,210.0,4,12
alloc-2016_4248733_CROW PEAK-2016-06-29,2016_4248733_CROW PEAK,Crow Peak,SD,2016,2016-06-29,2016-06-30,211.0,219.0,5,12
alloc-2016_4248733_CROW PEAK-2016-06-30,2016_4248733_CROW PEAK,Crow Peak,SD,2016,2016-06-30,2016-07-01,203.0,211.0,6,12
alloc-2016_4248733_CROW PEAK-2016-07-02,2016_4248733_CROW PEAK,Crow Peak,SD,2016,2016-07-02,2016-07-03,115.0,162.0,8,12
alloc-2016_4248733_CROW PEAK-2016-07-03,2016_4248733_CROW PEAK,Crow Peak,SD,2016,2016-07-03,2016-07-04,101.0,115.0,9,12
alloc-2016_4248733_CROW PEAK-2016-07-05,2016_4248733_CROW PEAK,Crow Peak,SD,2016,2016-07-05,2016-07-06,88.0,100.0,11,12
alloc-2016_4251067_NORTH-2016-05-27,2016_4251067_NORTH,North,NM,2016,2016-05-27,2016-05-28,57.0,55.0,4,28
alloc-2016_4251067_NORTH-2016-05-31,2016_4251067_NORTH,North,NM,2016,2016-05-31,2016-06-01,58.0,58.0,8,28
alloc-2016_4251067_NORTH-2016-06-05,2016_4251067_NORTH,North,NM,2016,2016-06-05,2016-06-06,42.0,49.0,13,28
alloc-2016_4251067_NORTH-2016-06-09,2016_4251067_NORTH,North,NM,2016,2016-06-09,2016-06-10,53.0,53.0,17,28
alloc-2016_4251067_NORTH-2016-06-14,2016_4251067_NORTH,North,NM,2016,2016-06-14,2016-06-15,58.0,59.0,22,28
alloc-2016_4251067_NORTH-2016-06-19,2016_4251067_NORTH,North,NM,2016,2016-06-19,2016-06-20,59.0,69.0,27,28
alloc-2016_4252036_JUNIPER-2016-05-26,2016_4252036_JUNIPER,Juniper,AZ,2016,2016-05-26,2016-05-27,146.0,145.0,4,22
alloc-2016_4252036_JUNIPER-2016-05-29,2016_4252036_JUNIPER,Juniper,AZ,2016,2016-05-29,2016-05-30,164.0,148.0,7,22
alloc-2016_4252036_JUNIPER-2016-06-01,2016_4252036_JUNIPER,Juniper,AZ,2016,2016-06-01,2016-06-02,201.0,191.0,10,22
alloc-2016_4252036_JUNIPER-2016-06-05,2016_4252036_JUNIPER,Juniper,AZ,2016,2016-06-05,2016-06-06,225.0,229.0,14,22
alloc-2016_4252036_JUNIPER-2016-06-08,2016_4252036_JUNIPER,Juniper,AZ,2016,2016-06-08,2016-06-09,244.0,268.0,17,22
alloc-2016_4252036_JUNIPER-2016-06-12,2016_4252036_JUNIPER,Juniper,AZ,2016,2016-06-12,2016-06-13,126.0,135.0,21,22
alloc-2016_4253101_WARREN CREEK-2016-06-14,2016_4253101_WARREN CREEK,Warren Creek,AK,2016,2016-06-14,2016-06-15,136.0,225.0,4,11
alloc-2016_4253101_WARREN CREEK-2016-06-15,2016_4253101_WARREN CREEK,Warren Creek,AK,2016,2016-06-15,2016-06-16,130.0,136.0,5,11
alloc-2016_4253101_WARREN CREEK-2016-06-16,2016_4253101_WARREN CREEK,Warren Creek,AK,2016,2016-06-16,2016-06-17,129.0,130.0,6,11
alloc-2016_4253101_WARREN CREEK-2016-06-17,2016_4253101_WARREN CREEK,Warren Creek,AK,2016,2016-06-17,2016-06-18,109.0,129.0,7,11
alloc-2016_4253101_WARREN CREEK-2016-06-18,2016_4253101_WARREN CREEK,Warren Creek,AK,2016,2016-06-18,2016-06-19,96.0,109.0,8,11
alloc-2016_4253101_WARREN CREEK-2016-06-20,2016_4253101_WARREN CREEK,Warren Creek,AK,2016,2016-06-20,2016-06-21,44.0,48.0,10,11
alloc-2016_4255086_WHIPPING CREEK ROAD-2016-04-22,2016_4255086_WHIPPING CREEK ROAD,WHIPPING CREEK ROAD,NC,2016,2016-04-22,2016-04-23,76.0,68.0,4,11
alloc-2016_4255086_WHIPPING CREEK ROAD-2016-04-23,2016_4255086_WHIPPING CREEK ROAD,WHIPPING CREEK ROAD,NC,2016,2016-04-23,2016-04-24,80.0,76.0,5,11
alloc-2016_4255086_WHIPPING CREEK ROAD-2016-04-24,2016_4255086_WHIPPING CREEK ROAD,WHIPPING CREEK ROAD,NC,2016,2016-04-24,2016-04-25,62.0,80.0,6,11
alloc-2016_4255086_WHIPPING CREEK ROAD-2016-04-25,2016_4255086_WHIPPING CREEK ROAD,WHIPPING CREEK ROAD,NC,2016,2016-04-25,2016-04-26,56.0,62.0,7,11
alloc-2016_4255086_WHIPPING CREEK ROAD-2016-04-26,2016_4255086_WHIPPING CREEK ROAD,WHIPPING CREEK ROAD,NC,2016,2016-04-26,2016-04-27,50.0,56.0,8,11
alloc-2016_4255086_WHIPPING CREEK ROAD-2016-04-28,2016_4255086_WHIPPING CREEK ROAD,WHIPPING CREEK ROAD,NC,2016,2016-04-28,2016-04-29,14.0,20.0,10,11
alloc-2016_4255493_HALLS TOP-2016-04-08,2016_4255493_HALLS TOP,Halls Top,TN,2016,2016-04-08,2016-04-09,86.0,135.0,4,10
alloc-2016_4255493_HALLS TOP-2016-04-09,2016_4255493_HALLS TOP,Halls Top,TN,2016,2016-04-09,2016-04-10,84.0,86.0,5,10
alloc-2016_4255493_HALLS TOP-2016-04-10,2016_4255493_HALLS TOP,Halls Top,TN,2016,2016-04-10,2016-04-11,60.0,84.0,6,10
alloc-2016_4255493_HALLS TOP-2016-04-11,2016_4255493_HALLS TOP,Halls Top,TN,2016,2016-04-11,2016-04-12,58.0,60.0,7,10
alloc-2016_4255493_HALLS TOP-2016-04-12,2016_4255493_HALLS TOP,Halls Top,TN,2016,2016-04-12,2016-04-13,35.0,58.0,8,10
alloc-2016_4255493_HALLS TOP-2016-04-13,2016_4255493_HALLS TOP,Halls Top,TN,2016,2016-04-13,2016-04-14,16.0,35.0,9,10
alloc-2016_4255921_ROCKY MTN FIRE 2016-2016-04-22,2016_4255921_ROCKY MTN FIRE 2016,ROCKY MTN FIRE 2016,VA,2016,2016-04-22,2016-04-23,142.0,148.0,4,11
alloc-2016_4255921_ROCKY MTN FIRE 2016-2016-04-23,2016_4255921_ROCKY MTN FIRE 2016,ROCKY MTN FIRE 2016,VA,2016,2016-04-23,2016-04-24,143.0,142.0,5,11
alloc-2016_4255921_ROCKY MTN FIRE 2016-2016-04-24,2016_4255921_ROCKY MTN FIRE 2016,ROCKY MTN FIRE 2016,VA,2016,2016-04-24,2016-04-25,143.0,143.0,6,11
alloc-2016_4255921_ROCKY MTN FIRE 2016-2016-04-25,2016_4255921_ROCKY MTN FIRE 2016,ROCKY MTN FIRE 2016,VA,2016,2016-04-25,2016-04-26,143.0,143.0,7,11
alloc-2016_4255921_ROCKY MTN FIRE 2016-2016-04-26,2016_4255921_ROCKY MTN FIRE 2016,ROCKY MTN FIRE 2016,VA,2016,2016-04-26,2016-04-27,140.0,143.0,8,11
alloc-2016_4255921_ROCKY MTN FIRE 2016-2016-04-28,2016_4255921_ROCKY MTN FIRE 2016,ROCKY MTN FIRE 2016,VA,2016,2016-04-28,2016-04-29,58.0,94.0,10,11
alloc-2016_4265801_CLIFF CREEK-2016-07-23,2016_4265801_CLIFF CREEK,Cliff Creek,WY,2016,2016-07-23,2016-07-24,203.0,203.0,4,25
alloc-2016_4265801_CLIFF CREEK-2016-07-27,2016_4265801_CLIFF CREEK,Cliff Creek,WY,2016,2016-07-27,2016-07-28,274.0,271.0,8,25
alloc-2016_4265801_CLIFF CREEK-2016-07-31,2016_4265801_CLIFF CREEK,Cliff Creek,WY,2016,2016-07-31,2016-08-01,239.0,247.0,12,25
alloc-2016_4265801_CLIFF CREEK-2016-08-04,2016_4265801_CLIFF CREEK,Cliff Creek,WY,2016,2016-08-04,2016-08-05,113.0,116.0,16,25
alloc-2016_4265801_CLIFF CREEK-2016-08-08,2016_4265801_CLIFF CREEK,Cliff Creek,WY,2016,2016-08-08,2016-08-09,71.0,77.0,20,25
alloc-2016_4265801_CLIFF CREEK-2016-08-12,2016_4265801_CLIFF CREEK,Cliff Creek,WY,2016,2016-08-12,2016-08-13,49.0,51.0,24,25
alloc-2016_4269951_RAVALLI HILL #2-2016-07-10,2016_4269951_RAVALLI HILL #2,RAVALLI HILL #2,MT,2016,2016-07-10,2016-07-11,1.0,3.0,4,10
alloc-2016_4269951_RAVALLI HILL #2-2016-07-11,2016_4269951_RAVALLI HILL #2,RAVALLI HILL #2,MT,2016,2016-07-11,2016-07-12,1.0,1.0,5,10
alloc-2016_4269951_RAVALLI HILL #2-2016-07-12,2016_4269951_RAVALLI HILL #2,RAVALLI HILL #2,MT,2016,2016-07-12,2016-07-13,1.0,1.0,6,10
alloc-2016_4269951_RAVALLI HILL #2-2016-07-13,2016_4269951_RAVALLI HILL #2,RAVALLI HILL #2,MT,2016,2016-07-13,2016-07-14,1.0,1.0,7,10
alloc-2016_4269951_RAVALLI HILL #2-2016-07-14,2016_4269951_RAVALLI HILL #2,RAVALLI HILL #2,MT,2016,2016-07-14,2016-07-15,1.0,1.0,8,10
alloc-2016_4269951_RAVALLI HILL #2-2016-07-15,2016_4269951_RAVALLI HILL #2,RAVALLI HILL #2,MT,2016,2016-07-15,2016-07-16,1.0,1.0,9,10
alloc-2016_4274345_CEDAR-2016-06-19,2016_4274345_CEDAR,Cedar,AZ,2016,2016-06-19,2016-06-20,335.0,293.0,4,12
alloc-2016_4274345_CEDAR-2016-06-20,2016_4274345_CEDAR,Cedar,AZ,2016,2016-06-20,2016-06-21,316.0,335.0,5,12
alloc-2016_4274345_CEDAR-2016-06-21,2016_4274345_CEDAR,Cedar,AZ,2016,2016-06-21,2016-06-22,336.0,316.0,6,12
alloc-2016_4274345_CEDAR-2016-06-23,2016_4274345_CEDAR,Cedar,AZ,2016,2016-06-23,2016-06-24,292.0,328.0,8,12
alloc-2016_4274345_CEDAR-2016-06-24,2016_4274345_CEDAR,Cedar,AZ,2016,2016-06-24,2016-06-25,260.0,292.0,9,12
alloc-2016_4274345_CEDAR-2016-06-26,2016_4274345_CEDAR,Cedar,AZ,2016,2016-06-26,2016-06-27,171.0,220.0,11,12
alloc-2016_4276911_BROWN-2016-06-21,2016_4276911_BROWN,BROWN,AZ,2016,2016-06-21,2016-06-22,97.0,127.0,4,13
alloc-2016_4276911_BROWN-2016-06-22,2016_4276911_BROWN,BROWN,AZ,2016,2016-06-22,2016-06-23,79.0,97.0,5,13
alloc-2016_4276911_BROWN-2016-06-24,2016_4276911_BROWN,BROWN,AZ,2016,2016-06-24,2016-06-25,34.0,34.0,7,13
alloc-2016_4276911_BROWN-2016-06-25,2016_4276911_BROWN,BROWN,AZ,2016,2016-06-25,2016-06-26,5.0,34.0,8,13
alloc-2016_4276911_BROWN-2016-06-27,2016_4276911_BROWN,BROWN,AZ,2016,2016-06-27,2016-06-28,7.0,3.0,10,13
alloc-2016_4276911_BROWN-2016-06-29,2016_4276911_BROWN,BROWN,AZ,2016,2016-06-29,2016-06-30,7.0,7.0,12,13
alloc-2016_4282481_GUN CLUB-2016-08-21,2016_4282481_GUN CLUB,Gun Club,ID,2016,2016-08-21,2016-08-22,84.0,137.0,4,10
alloc-2016_4282481_GUN CLUB-2016-08-22,2016_4282481_GUN CLUB,Gun Club,ID,2016,2016-08-22,2016-08-23,69.0,84.0,5,10
alloc-2016_4282481_GUN CLUB-2016-08-23,2016_4282481_GUN CLUB,Gun Club,ID,2016,2016-08-23,2016-08-24,62.0,69.0,6,10
alloc-2016_4282481_GUN CLUB-2016-08-24,2016_4282481_GUN CLUB,Gun Club,ID,2016,2016-08-24,2016-08-25,42.0,62.0,7,10
alloc-2016_4282481_GUN CLUB-2016-08-25,2016_4282481_GUN CLUB,Gun Club,ID,2016,2016-08-25,2016-08-26,40.0,42.0,8,10
alloc-2016_4282481_GUN CLUB-2016-08-26,2016_4282481_GUN CLUB,Gun Club,ID,2016,2016-08-26,2016-08-27,40.0,40.0,9,10
alloc-2016_4282979_BEAVER CREEK-2016-06-25,2016_4282979_BEAVER CREEK,BEAVER CREEK,CO,2016,2016-06-25,2016-06-26,209.0,214.0,4,79
alloc-2016_4282979_BEAVER CREEK-2016-07-09,2016_4282979_BEAVER CREEK,BEAVER CREEK,CO,2016,2016-07-09,2016-07-10,90.0,76.0,18,79
alloc-2016_4282979_BEAVER CREEK-2016-07-24,2016_4282979_BEAVER CREEK,BEAVER CREEK,CO,2016,2016-07-24,2016-07-25,131.0,142.0,33,79
alloc-2016_4282979_BEAVER CREEK-2016-08-08,2016_4282979_BEAVER CREEK,BEAVER CREEK,CO,2016,2016-08-08,2016-08-09,76.0,88.0,48,79
alloc-2016_4282979_BEAVER CREEK-2016-08-23,2016_4282979_BEAVER CREEK,BEAVER CREEK,CO,2016,2016-08-23,2016-08-24,88.0,88.0,63,79
alloc-2016_4282979_BEAVER CREEK-2016-09-07,2016_4282979_BEAVER CREEK,BEAVER CREEK,CO,2016,2016-09-07,2016-09-08,46.0,46.0,78,79
alloc-2016_4282979_BEAVER CREEK-2016-09-13,2016_4282979_BEAVER CREEK,BEAVER CREEK,CO,2016,2016-09-13,2016-09-14,46.0,55.0,4,16
alloc-2016_4282979_BEAVER CREEK-2016-09-15,2016_4282979_BEAVER CREEK,BEAVER CREEK,CO,2016,2016-09-15,2016-09-16,43.0,46.0,6,16
alloc-2016_4282979_BEAVER CREEK-2016-09-17,2016_4282979_BEAVER CREEK,BEAVER CREEK,CO,2016,2016-09-17,2016-09-18,44.0,50.0,8,16
alloc-2016_4282979_BEAVER CREEK-2016-09-19,2016_4282979_BEAVER CREEK,BEAVER CREEK,CO,2016,2016-09-19,2016-09-20,43.0,44.0,10,16
alloc-2016_4282979_BEAVER CREEK-2016-09-21,2016_4282979_BEAVER CREEK,BEAVER CREEK,CO,2016,2016-09-21,2016-09-22,38.0,43.0,12,16
alloc-2016_4282979_BEAVER CREEK-2016-09-24,2016_4282979_BEAVER CREEK,BEAVER CREEK,CO,2016,2016-09-24,2016-09-25,19.0,19.0,15,16
alloc-2016_4288701_BLACK-2016-08-26,2016_4288701_BLACK,Black,ID,2016,2016-08-26,2016-08-27,25.0,22.0,4,19
alloc-2016_4288701_BLACK-2016-08-28,2016_4288701_BLACK,Black,ID,2016,2016-08-28,2016-08-29,50.0,35.0,6,19
alloc-2016_4288701_BLACK-2016-08-31,2016_4288701_BLACK,Black,ID,2016,2016-08-31,2016-09-01,32.0,58.0,9,19
alloc-2016_4288701_BLACK-2016-09-03,2016_4288701_BLACK,Black,ID,2016,2016-09-03,2016-09-04,4.0,8.0,12,19
alloc-2016_4288701_BLACK-2016-09-06,2016_4288701_BLACK,Black,ID,2016,2016-09-06,2016-09-07,4.0,4.0,15,19
alloc-2016_4288701_BLACK-2016-09-09,2016_4288701_BLACK,Black,ID,2016,2016-09-09,2016-09-10,2.0,2.0,18,19
alloc-2016_4289708_KEWA FIRE-2016-08-08,2016_4289708_KEWA FIRE,KEWA FIRE,WA,2016,2016-08-08,2016-08-09,279.0,276.0,4,11
alloc-2016_4289708_KEWA FIRE-2016-08-09,2016_4289708_KEWA FIRE,KEWA FIRE,WA,2016,2016-08-09,2016-08-10,207.0,279.0,5,11
alloc-2016_4289708_KEWA FIRE-2016-08-10,2016_4289708_KEWA FIRE,KEWA FIRE,WA,2016,2016-08-10,2016-08-11,156.0,207.0,6,11
alloc-2016_4289708_KEWA FIRE-2016-08-11,2016_4289708_KEWA FIRE,KEWA FIRE,WA,2016,2016-08-11,2016-08-12,119.0,156.0,7,11
alloc-2016_4289708_KEWA FIRE-2016-08-12,2016_4289708_KEWA FIRE,KEWA FIRE,WA,2016,2016-08-12,2016-08-13,96.0,119.0,8,11
alloc-2016_4289708_KEWA FIRE-2016-08-14,2016_4289708_KEWA FIRE,KEWA FIRE,WA,2016,2016-08-14,2016-08-15,90.0,100.0,10,11
alloc-2016_4290237_BAKER CANYON-2016-03-24,2016_4290237_BAKER CANYON,BAKER CANYON,AZ,2016,2016-03-24,2016-03-25,33.0,60.0,4,10
alloc-2016_4290237_BAKER CANYON-2016-03-25,2016_4290237_BAKER CANYON,BAKER CANYON,AZ,2016,2016-03-25,2016-03-26,34.0,33.0,5,10
alloc-2016_4290237_BAKER CANYON-2016-03-26,2016_4290237_BAKER CANYON,BAKER CANYON,AZ,2016,2016-03-26,2016-03-27,8.0,34.0,6,10
alloc-2016_4290237_BAKER CANYON-2016-03-27,2016_4290237_BAKER CANYON,BAKER CANYON,AZ,2016,2016-03-27,2016-03-28,3.0,8.0,7,10
alloc-2016_4290237_BAKER CANYON-2016-03-28,2016_4290237_BAKER CANYON,BAKER CANYON,AZ,2016,2016-03-28,2016-03-29,2.0,3.0,8,10
alloc-2016_4290237_BAKER CANYON-2016-03-29,2016_4290237_BAKER CANYON,BAKER CANYON,AZ,2016,2016-03-29,2016-03-30,2.0,2.0,9,10
alloc-2016_4291733_TWIN LAKES-2016-08-13,2016_4291733_TWIN LAKES,TWIN LAKES,WY,2016,2016-08-13,2016-08-14,183.0,169.0,4,10
alloc-2016_4291733_TWIN LAKES-2016-08-14,2016_4291733_TWIN LAKES,TWIN LAKES,WY,2016,2016-08-14,2016-08-15,215.0,183.0,5,10
alloc-2016_4291733_TWIN LAKES-2016-08-15,2016_4291733_TWIN LAKES,TWIN LAKES,WY,2016,2016-08-15,2016-08-16,199.0,215.0,6,10
alloc-2016_4291733_TWIN LAKES-2016-08-16,2016_4291733_TWIN LAKES,TWIN LAKES,WY,2016,2016-08-16,2016-08-17,216.0,199.0,7,10
alloc-2016_4291733_TWIN LAKES-2016-08-17,2016_4291733_TWIN LAKES,TWIN LAKES,WY,2016,2016-08-17,2016-08-18,216.0,216.0,8,10
alloc-2016_4291733_TWIN LAKES-2016-08-18,2016_4291733_TWIN LAKES,TWIN LAKES,WY,2016,2016-08-18,2016-08-19,223.0,216.0,9,10
alloc-2016_4293451_FOSS LAKE-2016-05-22,2016_4293451_FOSS LAKE,Foss Lake,MN,2016,2016-05-22,2016-05-23,96.0,76.0,4,10
alloc-2016_4293451_FOSS LAKE-2016-05-23,2016_4293451_FOSS LAKE,Foss Lake,MN,2016,2016-05-23,2016-05-24,88.0,96.0,5,10
alloc-2016_4293451_FOSS LAKE-2016-05-24,2016_4293451_FOSS LAKE,Foss Lake,MN,2016,2016-05-24,2016-05-25,88.0,88.0,6,10
alloc-2016_4293451_FOSS LAKE-2016-05-25,2016_4293451_FOSS LAKE,Foss Lake,MN,2016,2016-05-25,2016-05-26,64.0,88.0,7,10
alloc-2016_4293451_FOSS LAKE-2016-05-26,2016_4293451_FOSS LAKE,Foss Lake,MN,2016,2016-05-26,2016-05-27,21.0,64.0,8,10
alloc-2016_4293451_FOSS LAKE-2016-05-27,2016_4293451_FOSS LAKE,Foss Lake,MN,2016,2016-05-27,2016-05-28,26.0,21.0,9,10
alloc-2016_4293838_DRY CREEK-2016-08-09,2016_4293838_DRY CREEK,Dry Creek,ID,2016,2016-08-09,2016-08-10,180.0,170.0,4,10
alloc-2016_4293838_DRY CREEK-2016-08-10,2016_4293838_DRY CREEK,Dry Creek,ID,2016,2016-08-10,2016-08-11,127.0,180.0,5,10
alloc-2016_4293838_DRY CREEK-2016-08-11,2016_4293838_DRY CREEK,Dry Creek,ID,2016,2016-08-11,2016-08-12,66.0,127.0,6,10
alloc-2016_4293838_DRY CREEK-2016-08-12,2016_4293838_DRY CREEK,Dry Creek,ID,2016,2016-08-12,2016-08-13,61.0,66.0,7,10
alloc-2016_4293838_DRY CREEK-2016-08-13,2016_4293838_DRY CREEK,Dry Creek,ID,2016,2016-08-13,2016-08-14,58.0,61.0,8,10
alloc-2016_4293838_DRY CREEK-2016-08-14,2016_4293838_DRY CREEK,Dry Creek,ID,2016,2016-08-14,2016-08-15,48.0,58.0,9,10
alloc-2016_4294326_ROUGH-2016-08-10,2016_4294326_ROUGH,ROUGH,ID,2016,2016-08-10,2016-08-11,211.0,168.0,4,20
alloc-2016_4294326_ROUGH-2016-08-13,2016_4294326_ROUGH,ROUGH,ID,2016,2016-08-13,2016-08-14,211.0,211.0,7,20
alloc-2016_4294326_ROUGH-2016-08-16,2016_4294326_ROUGH,ROUGH,ID,2016,2016-08-16,2016-08-17,111.0,111.0,10,20
alloc-2016_4294326_ROUGH-2016-08-19,2016_4294326_ROUGH,ROUGH,ID,2016,2016-08-19,2016-08-20,46.0,47.0,13,20
alloc-2016_4294326_ROUGH-2016-08-22,2016_4294326_ROUGH,ROUGH,ID,2016,2016-08-22,2016-08-23,50.0,72.0,16,20
alloc-2016_4294326_ROUGH-2016-08-25,2016_4294326_ROUGH,ROUGH,ID,2016,2016-08-25,2016-08-26,48.0,66.0,19,20
alloc-2016_4296560_HUNTER PEAK-2016-08-14,2016_4296560_HUNTER PEAK,HUNTER PEAK,WY,2016,2016-08-14,2016-08-15,210.0,213.0,4,22
alloc-2016_4296560_HUNTER PEAK-2016-08-17,2016_4296560_HUNTER PEAK,HUNTER PEAK,WY,2016,2016-08-17,2016-08-18,98.0,134.0,7,22
alloc-2016_4296560_HUNTER PEAK-2016-08-20,2016_4296560_HUNTER PEAK,HUNTER PEAK,WY,2016,2016-08-20,2016-08-21,65.0,65.0,10,22
alloc-2016_4296560_HUNTER PEAK-2016-08-24,2016_4296560_HUNTER PEAK,HUNTER PEAK,WY,2016,2016-08-24,2016-08-25,64.0,65.0,14,22
alloc-2016_4296560_HUNTER PEAK-2016-08-27,2016_4296560_HUNTER PEAK,HUNTER PEAK,WY,2016,2016-08-27,2016-08-28,44.0,44.0,17,22
alloc-2016_4296560_HUNTER PEAK-2016-08-31,2016_4296560_HUNTER PEAK,HUNTER PEAK,WY,2016,2016-08-31,2016-09-01,3.0,23.0,21,22
alloc-2016_4304633_TIE-2016-08-26,2016_4304633_TIE,Tie,ID,2016,2016-08-26,2016-08-27,129.0,88.0,4,19
alloc-2016_4304633_TIE-2016-08-28,2016_4304633_TIE,Tie,ID,2016,2016-08-28,2016-08-29,171.0,135.0,6,19
alloc-2016_4304633_TIE-2016-08-31,2016_4304633_TIE,Tie,ID,2016,2016-08-31,2016-09-01,158.0,164.0,9,19
alloc-2016_4304633_TIE-2016-09-03,2016_4304633_TIE,Tie,ID,2016,2016-09-03,2016-09-04,71.0,111.0,12,19
alloc-2016_4304633_TIE-2016-09-06,2016_4304633_TIE,Tie,ID,2016,2016-09-06,2016-09-07,68.0,68.0,15,19
alloc-2016_4304633_TIE-2016-09-09,2016_4304633_TIE,Tie,ID,2016,2016-09-09,2016-09-10,15.0,15.0,18,19
alloc-2016_4308849_SADDLE-2016-06-19,2016_4308849_SADDLE,Saddle,UT,2016,2016-06-19,2016-06-20,155.0,107.0,4,17
alloc-2016_4308849_SADDLE-2016-06-21,2016_4308849_SADDLE,Saddle,UT,2016,2016-06-21,2016-06-22,138.0,139.0,6,17
alloc-2016_4308849_SADDLE-2016-06-23,2016_4308849_SADDLE,Saddle,UT,2016,2016-06-23,2016-06-24,163.0,160.0,8,17
alloc-2016_4308849_SADDLE-2016-06-26,2016_4308849_SADDLE,Saddle,UT,2016,2016-06-26,2016-06-27,209.0,184.0,11,17
alloc-2016_4308849_SADDLE-2016-06-28,2016_4308849_SADDLE,Saddle,UT,2016,2016-06-28,2016-06-29,202.0,209.0,13,17
alloc-2016_4308849_SADDLE-2016-07-01,2016_4308849_SADDLE,Saddle,UT,2016,2016-07-01,2016-07-02,150.0,220.0,16,17
alloc-2016_4310663_ROARING LION-2016-08-03,2016_4310663_ROARING LION,Roaring Lion,MT,2016,2016-08-03,2016-08-04,319.0,326.0,4,28
alloc-2016_4310663_ROARING LION-2016-08-07,2016_4310663_ROARING LION,Roaring Lion,MT,2016,2016-08-07,2016-08-08,333.0,296.0,8,28
alloc-2016_4310663_ROARING LION-2016-08-12,2016_4310663_ROARING LION,Roaring Lion,MT,2016,2016-08-12,2016-08-13,86.0,129.0,13,28
alloc-2016_4310663_ROARING LION-2016-08-16,2016_4310663_ROARING LION,Roaring Lion,MT,2016,2016-08-16,2016-08-17,45.0,86.0,17,28
alloc-2016_4310663_ROARING LION-2016-08-21,2016_4310663_ROARING LION,Roaring Lion,MT,2016,2016-08-21,2016-08-22,52.0,39.0,22,28
alloc-2016_4310663_ROARING LION-2016-08-26,2016_4310663_ROARING LION,Roaring Lion,MT,2016,2016-08-26,2016-08-27,26.0,34.0,27,28
alloc-2016_4311668_COPPER KING-2016-08-03,2016_4311668_COPPER KING,COPPER KING,MT,2016,2016-08-03,2016-08-04,116.0,144.0,4,51
alloc-2016_4311668_COPPER KING-2016-08-12,2016_4311668_COPPER KING,COPPER KING,MT,2016,2016-08-12,2016-08-13,79.0,94.0,13,51
alloc-2016_4311668_COPPER KING-2016-08-21,2016_4311668_COPPER KING,COPPER KING,MT,2016,2016-08-21,2016-08-22,115.0,96.0,22,51
alloc-2016_4311668_COPPER KING-2016-08-30,2016_4311668_COPPER KING,COPPER KING,MT,2016,2016-08-30,2016-08-31,264.0,266.0,31,51
alloc-2016_4311668_COPPER KING-2016-09-08,2016_4311668_COPPER KING,COPPER KING,MT,2016,2016-09-08,2016-09-09,135.0,136.0,40,51
alloc-2016_4311668_COPPER KING-2016-09-18,2016_4311668_COPPER KING,COPPER KING,MT,2016,2016-09-18,2016-09-19,9.0,29.0,50,51
alloc-2016_4315905_BROAD MOUTH-2016-08-06,2016_4315905_BROAD MOUTH,Broad Mouth,UT,2016,2016-08-06,2016-08-07,62.0,61.0,4,10
alloc-2016_4315905_BROAD MOUTH-2016-08-07,2016_4315905_BROAD MOUTH,Broad Mouth,UT,2016,2016-08-07,2016-08-08,56.0,62.0,5,10
alloc-2016_4315905_BROAD MOUTH-2016-08-08,2016_4315905_BROAD MOUTH,Broad Mouth,UT,2016,2016-08-08,2016-08-09,51.0,56.0,6,10
alloc-2016_4315905_BROAD MOUTH-2016-08-09,2016_4315905_BROAD MOUTH,Broad Mouth,UT,2016,2016-08-09,2016-08-10,33.0,51.0,7,10
alloc-2016_4315905_BROAD MOUTH-2016-08-10,2016_4315905_BROAD MOUTH,Broad Mouth,UT,2016,2016-08-10,2016-08-11,30.0,33.0,8,10
alloc-2016_4315905_BROAD MOUTH-2016-08-11,2016_4315905_BROAD MOUTH,Broad Mouth,UT,2016,2016-08-11,2016-08-12,27.0,30.0,9,10
alloc-2016_4317002_RACE HORSE GULCH-2016-08-09,2016_4317002_RACE HORSE GULCH,RACE HORSE GULCH,MT,2016,2016-08-09,2016-08-10,144.0,89.0,4,19
alloc-2016_4317002_RACE HORSE GULCH-2016-08-11,2016_4317002_RACE HORSE GULCH,RACE HORSE GULCH,MT,2016,2016-08-11,2016-08-12,60.0,80.0,6,19
alloc-2016_4317002_RACE HORSE GULCH-2016-08-14,2016_4317002_RACE HORSE GULCH,RACE HORSE GULCH,MT,2016,2016-08-14,2016-08-15,72.0,71.0,9,19
alloc-2016_4317002_RACE HORSE GULCH-2016-08-17,2016_4317002_RACE HORSE GULCH,RACE HORSE GULCH,MT,2016,2016-08-17,2016-08-18,51.0,71.0,12,19
alloc-2016_4317002_RACE HORSE GULCH-2016-08-20,2016_4317002_RACE HORSE GULCH,RACE HORSE GULCH,MT,2016,2016-08-20,2016-08-21,16.0,20.0,15,19
alloc-2016_4317002_RACE HORSE GULCH-2016-08-23,2016_4317002_RACE HORSE GULCH,RACE HORSE GULCH,MT,2016,2016-08-23,2016-08-24,4.0,10.0,18,19
alloc-2016_4320956_BUCK-2016-07-06,2016_4320956_BUCK,BUCK,ID,2016,2016-07-06,2016-07-07,161.0,226.0,4,12
alloc-2016_4320956_BUCK-2016-07-07,2016_4320956_BUCK,BUCK,ID,2016,2016-07-07,2016-07-08,184.0,161.0,5,12
alloc-2016_4320956_BUCK-2016-07-08,2016_4320956_BUCK,BUCK,ID,2016,2016-07-08,2016-07-09,179.0,184.0,6,12
alloc-2016_4320956_BUCK-2016-07-10,2016_4320956_BUCK,BUCK,ID,2016,2016-07-10,2016-07-11,132.0,131.0,8,12
alloc-2016_4320956_BUCK-2016-07-11,2016_4320956_BUCK,BUCK,ID,2016,2016-07-11,2016-07-12,87.0,132.0,9,12
alloc-2016_4320956_BUCK-2016-07-13,2016_4320956_BUCK,BUCK,ID,2016,2016-07-13,2016-07-14,87.0,87.0,11,12
alloc-2016_4324038_HAYDEN PASS-2016-07-15,2016_4324038_HAYDEN PASS,Hayden Pass,CO,2016,2016-07-15,2016-07-16,304.0,301.0,4,24
alloc-2016_4324038_HAYDEN PASS-2016-07-18,2016_4324038_HAYDEN PASS,Hayden Pass,CO,2016,2016-07-18,2016-07-19,303.0,318.0,7,24
alloc-2016_4324038_HAYDEN PASS-2016-07-22,2016_4324038_HAYDEN PASS,Hayden Pass,CO,2016,2016-07-22,2016-07-23,99.0,159.0,11,24
alloc-2016_4324038_HAYDEN PASS-2016-07-26,2016_4324038_HAYDEN PASS,Hayden Pass,CO,2016,2016-07-26,2016-07-27,82.0,82.0,15,24
alloc-2016_4324038_HAYDEN PASS-2016-07-30,2016_4324038_HAYDEN PASS,Hayden Pass,CO,2016,2016-07-30,2016-07-31,46.0,78.0,19,24
alloc-2016_4324038_HAYDEN PASS-2016-08-03,2016_4324038_HAYDEN PASS,Hayden Pass,CO,2016,2016-08-03,2016-08-04,36.0,38.0,23,24
alloc-2016_4326494_WHIT-2016-08-06,2016_4326494_WHIT,WHIT,WY,2016,2016-08-06,2016-08-07,298.0,270.0,4,16
alloc-2016_4326494_WHIT-2016-08-08,2016_4326494_WHIT,WHIT,WY,2016,2016-08-08,2016-08-09,229.0,270.0,6,16
alloc-2016_4326494_WHIT-2016-08-10,2016_4326494_WHIT,WHIT,WY,2016,2016-08-10,2016-08-11,84.0,189.0,8,16
alloc-2016_4326494_WHIT-2016-08-12,2016_4326494_WHIT,WHIT,WY,2016,2016-08-12,2016-08-13,56.0,90.0,10,16
alloc-2016_4326494_WHIT-2016-08-14,2016_4326494_WHIT,WHIT,WY,2016,2016-08-14,2016-08-15,61.0,61.0,12,16
alloc-2016_4326494_WHIT-2016-08-17,2016_4326494_WHIT,WHIT,WY,2016,2016-08-17,2016-08-18,28.0,55.0,15,16
alloc-2016_4341385_BERRY-2016-08-24,2016_4341385_BERRY,Berry,WY,2016,2016-08-24,2016-08-25,126.0,123.0,4,16
alloc-2016_4341385_BERRY-2016-08-26,2016_4341385_BERRY,Berry,WY,2016,2016-08-26,2016-08-27,132.0,138.0,6,16
alloc-2016_4341385_BERRY-2016-08-28,2016_4341385_BERRY,Berry,WY,2016,2016-08-28,2016-08-29,128.0,130.0,8,16
alloc-2016_4341385_BERRY-2016-08-30,2016_4341385_BERRY,Berry,WY,2016,2016-08-30,2016-08-31,127.0,125.0,10,16
alloc-2016_4341385_BERRY-2016-09-01,2016_4341385_BERRY,Berry,WY,2016,2016-09-01,2016-09-02,141.0,144.0,12,16
alloc-2016_4341385_BERRY-2016-09-04,2016_4341385_BERRY,Berry,WY,2016,2016-09-04,2016-09-05,85.0,85.0,15,16
alloc-2016_4342798_SILVER MINE-2016-04-25,2016_4342798_SILVER MINE,SILVER MINE,NC,2016,2016-04-25,2016-04-26,163.0,159.0,4,12
alloc-2016_4342798_SILVER MINE-2016-04-26,2016_4342798_SILVER MINE,SILVER MINE,NC,2016,2016-04-26,2016-04-27,163.0,163.0,5,12
alloc-2016_4342798_SILVER MINE-2016-04-27,2016_4342798_SILVER MINE,SILVER MINE,NC,2016,2016-04-27,2016-04-28,106.0,163.0,6,12
alloc-2016_4342798_SILVER MINE-2016-04-29,2016_4342798_SILVER MINE,SILVER MINE,NC,2016,2016-04-29,2016-04-30,82.0,86.0,8,12
alloc-2016_4342798_SILVER MINE-2016-04-30,2016_4342798_SILVER MINE,SILVER MINE,NC,2016,2016-04-30,2016-05-01,80.0,82.0,9,12
alloc-2016_4342798_SILVER MINE-2016-05-02,2016_4342798_SILVER MINE,SILVER MINE,NC,2016,2016-05-02,2016-05-03,47.0,66.0,11,12
alloc-2016_4344144_BOX CANYON-2016-08-19,2016_4344144_BOX CANYON,Box Canyon,UT,2016,2016-08-19,2016-08-20,18.0,18.0,4,10
alloc-2016_4344144_BOX CANYON-2016-08-20,2016_4344144_BOX CANYON,Box Canyon,UT,2016,2016-08-20,2016-08-21,18.0,18.0,5,10
alloc-2016_4344144_BOX CANYON-2016-08-21,2016_4344144_BOX CANYON,Box Canyon,UT,2016,2016-08-21,2016-08-22,18.0,18.0,6,10
alloc-2016_4344144_BOX CANYON-2016-08-22,2016_4344144_BOX CANYON,Box Canyon,UT,2016,2016-08-22,2016-08-23,18.0,18.0,7,10
alloc-2016_4344144_BOX CANYON-2016-08-23,2016_4344144_BOX CANYON,Box Canyon,UT,2016,2016-08-23,2016-08-24,16.0,18.0,8,10
alloc-2016_4344144_BOX CANYON-2016-08-24,2016_4344144_BOX CANYON,Box Canyon,UT,2016,2016-08-24,2016-08-25,21.0,16.0,9,10
alloc-2016_4345649_RAIL-2016-08-04,2016_4345649_RAIL,Rail,OR,2016,2016-08-04,2016-08-05,416.0,411.0,4,38
alloc-2016_4345649_RAIL-2016-08-10,2016_4345649_RAIL,Rail,OR,2016,2016-08-10,2016-08-11,342.0,372.0,10,38
alloc-2016_4345649_RAIL-2016-08-17,2016_4345649_RAIL,Rail,OR,2016,2016-08-17,2016-08-18,371.0,367.0,17,38
alloc-2016_4345649_RAIL-2016-08-23,2016_4345649_RAIL,Rail,OR,2016,2016-08-23,2016-08-24,378.0,377.0,23,38
alloc-2016_4345649_RAIL-2016-08-30,2016_4345649_RAIL,Rail,OR,2016,2016-08-30,2016-08-31,386.0,369.0,30,38
alloc-2016_4345649_RAIL-2016-09-06,2016_4345649_RAIL,Rail,OR,2016,2016-09-06,2016-09-07,123.0,176.0,37,38
alloc-2016_4348261_COYOTE-2016-05-12,2016_4348261_COYOTE,Coyote,TX,2016,2016-05-12,2016-05-13,138.0,139.0,4,23
alloc-2016_4348261_COYOTE-2016-05-15,2016_4348261_COYOTE,Coyote,TX,2016,2016-05-15,2016-05-16,55.0,88.0,7,23
alloc-2016_4348261_COYOTE-2016-05-19,2016_4348261_COYOTE,Coyote,TX,2016,2016-05-19,2016-05-20,45.0,47.0,11,23
alloc-2016_4348261_COYOTE-2016-05-22,2016_4348261_COYOTE,Coyote,TX,2016,2016-05-22,2016-05-23,36.0,34.0,14,23
alloc-2016_4348261_COYOTE-2016-05-26,2016_4348261_COYOTE,Coyote,TX,2016,2016-05-26,2016-05-27,81.0,99.0,18,23
alloc-2016_4348261_COYOTE-2016-05-30,2016_4348261_COYOTE,Coyote,TX,2016,2016-05-30,2016-05-31,21.0,43.0,22,23
alloc-2016_4352841_CAYUSE MTN.-2016-08-28,2016_4352841_CAYUSE MTN.,Cayuse Mtn.,WA,2016,2016-08-28,2016-08-29,166.0,199.0,4,15
alloc-2016_4352841_CAYUSE MTN.-2016-08-30,2016_4352841_CAYUSE MTN.,Cayuse Mtn.,WA,2016,2016-08-30,2016-08-31,109.0,131.0,6,15
alloc-2016_4352841_CAYUSE MTN.-2016-09-01,2016_4352841_CAYUSE MTN.,Cayuse Mtn.,WA,2016,2016-09-01,2016-09-02,55.0,83.0,8,15
alloc-2016_4352841_CAYUSE MTN.-2016-09-03,2016_4352841_CAYUSE MTN.,Cayuse Mtn.,WA,2016,2016-09-03,2016-09-04,58.0,58.0,10,15
alloc-2016_4352841_CAYUSE MTN.-2016-09-05,2016_4352841_CAYUSE MTN.,Cayuse Mtn.,WA,2016,2016-09-05,2016-09-06,58.0,59.0,12,15
alloc-2016_4352841_CAYUSE MTN.-2016-09-07,2016_4352841_CAYUSE MTN.,Cayuse Mtn.,WA,2016,2016-09-07,2016-09-08,21.0,22.0,14,15
alloc-2016_4354208_CLEAR CREEK-2016-08-30,2016_4354208_CLEAR CREEK,CLEAR CREEK,MT,2016,2016-08-30,2016-08-31,86.0,92.0,4,10
alloc-2016_4354208_CLEAR CREEK-2016-08-31,2016_4354208_CLEAR CREEK,CLEAR CREEK,MT,2016,2016-08-31,2016-09-01,80.0,86.0,5,10
alloc-2016_4354208_CLEAR CREEK-2016-09-01,2016_4354208_CLEAR CREEK,CLEAR CREEK,MT,2016,2016-09-01,2016-09-02,40.0,80.0,6,10
alloc-2016_4354208_CLEAR CREEK-2016-09-02,2016_4354208_CLEAR CREEK,CLEAR CREEK,MT,2016,2016-09-02,2016-09-03,40.0,40.0,7,10
alloc-2016_4354208_CLEAR CREEK-2016-09-03,2016_4354208_CLEAR CREEK,CLEAR CREEK,MT,2016,2016-09-03,2016-09-04,18.0,40.0,8,10
alloc-2016_4354208_CLEAR CREEK-2016-09-04,2016_4354208_CLEAR CREEK,CLEAR CREEK,MT,2016,2016-09-04,2016-09-05,12.0,18.0,9,10
alloc-2016_4354671_STRAWBERRY-2016-08-12,2016_4354671_STRAWBERRY,Strawberry,NV,2016,2016-08-12,2016-08-13,184.0,181.0,4,14
alloc-2016_4354671_STRAWBERRY-2016-08-13,2016_4354671_STRAWBERRY,Strawberry,NV,2016,2016-08-13,2016-08-14,199.0,184.0,5,14
alloc-2016_4354671_STRAWBERRY-2016-08-15,2016_4354671_STRAWBERRY,Strawberry,NV,2016,2016-08-15,2016-08-16,157.0,170.0,7,14
alloc-2016_4354671_STRAWBERRY-2016-08-17,2016_4354671_STRAWBERRY,Strawberry,NV,2016,2016-08-17,2016-08-18,70.0,133.0,9,14
alloc-2016_4354671_STRAWBERRY-2016-08-19,2016_4354671_STRAWBERRY,Strawberry,NV,2016,2016-08-19,2016-08-20,29.0,30.0,11,14
alloc-2016_4354671_STRAWBERRY-2016-08-21,2016_4354671_STRAWBERRY,Strawberry,NV,2016,2016-08-21,2016-08-22,24.0,37.0,13,14
alloc-2016_4359719_BOTELER-2016-11-05,2016_4359719_BOTELER,BOTELER,NC,2016,2016-11-05,2016-11-06,73.0,71.0,4,12
alloc-2016_4359719_BOTELER-2016-11-06,2016_4359719_BOTELER,BOTELER,NC,2016,2016-11-06,2016-11-07,115.0,73.0,5,12
alloc-2016_4359719_BOTELER-2016-11-07,2016_4359719_BOTELER,BOTELER,NC,2016,2016-11-07,2016-11-08,117.0,115.0,6,12
alloc-2016_4359719_BOTELER-2016-11-09,2016_4359719_BOTELER,BOTELER,NC,2016,2016-11-09,2016-11-10,116.0,110.0,8,12
alloc-2016_4359719_BOTELER-2016-11-10,2016_4359719_BOTELER,BOTELER,NC,2016,2016-11-10,2016-11-11,100.0,116.0,9,12
alloc-2016_4359719_BOTELER-2016-11-12,2016_4359719_BOTELER,BOTELER,NC,2016,2016-11-12,2016-11-13,106.0,121.0,11,12
alloc-2016_4359719_BOTELER-2016-11-18,2016_4359719_BOTELER,BOTELER,NC,2016,2016-11-18,2016-11-19,202.0,210.0,4,18
alloc-2016_4359719_BOTELER-2016-11-20,2016_4359719_BOTELER,BOTELER,NC,2016,2016-11-20,2016-11-21,173.0,202.0,6,18
alloc-2016_4359719_BOTELER-2016-11-23,2016_4359719_BOTELER,BOTELER,NC,2016,2016-11-23,2016-11-24,118.0,118.0,9,18
alloc-2016_4359719_BOTELER-2016-11-25,2016_4359719_BOTELER,BOTELER,NC,2016,2016-11-25,2016-11-26,84.0,83.0,11,18
alloc-2016_4359719_BOTELER-2016-11-28,2016_4359719_BOTELER,BOTELER,NC,2016,2016-11-28,2016-11-29,90.0,113.0,14,18
alloc-2016_4359719_BOTELER-2016-12-01,2016_4359719_BOTELER,BOTELER,NC,2016,2016-12-01,2016-12-02,65.0,62.0,17,18
alloc-2016_4360963_FREEMAN-2016-10-20,2016_4360963_FREEMAN,Freeman,CO,2016,2016-10-20,2016-10-21,3.0,3.0,4,10
alloc-2016_4360963_FREEMAN-2016-10-21,2016_4360963_FREEMAN,Freeman,CO,2016,2016-10-21,2016-10-22,6.0,3.0,5,10
alloc-2016_4360963_FREEMAN-2016-10-22,2016_4360963_FREEMAN,Freeman,CO,2016,2016-10-22,2016-10-23,12.0,6.0,6,10
alloc-2016_4360963_FREEMAN-2016-10-23,2016_4360963_FREEMAN,Freeman,CO,2016,2016-10-23,2016-10-24,4.0,12.0,7,10
alloc-2016_4360963_FREEMAN-2016-10-24,2016_4360963_FREEMAN,Freeman,CO,2016,2016-10-24,2016-10-25,3.0,4.0,8,10
alloc-2016_4360963_FREEMAN-2016-10-25,2016_4360963_FREEMAN,Freeman,CO,2016,2016-10-25,2016-10-26,2.0,3.0,9,10
alloc-2016_4361201_BROADWAY-2016-08-25,2016_4361201_BROADWAY,BROADWAY,WY,2016,2016-08-25,2016-08-26,26.0,28.0,4,18
alloc-2016_4361201_BROADWAY-2016-08-27,2016_4361201_BROADWAY,BROADWAY,WY,2016,2016-08-27,2016-08-28,29.0,29.0,6,18
alloc-2016_4361201_BROADWAY-2016-08-30,2016_4361201_BROADWAY,BROADWAY,WY,2016,2016-08-30,2016-08-31,48.0,48.0,9,18
alloc-2016_4361201_BROADWAY-2016-09-01,2016_4361201_BROADWAY,BROADWAY,WY,2016,2016-09-01,2016-09-02,40.0,60.0,11,18
alloc-2016_4361201_BROADWAY-2016-09-04,2016_4361201_BROADWAY,BROADWAY,WY,2016,2016-09-04,2016-09-05,20.0,46.0,14,18
alloc-2016_4361201_BROADWAY-2016-09-07,2016_4361201_BROADWAY,BROADWAY,WY,2016,2016-09-07,2016-09-08,18.0,18.0,17,18
alloc-2016_4361201_BROADWAY-2016-09-13,2016_4361201_BROADWAY,BROADWAY,WY,2016,2016-09-13,2016-09-14,24.0,26.0,4,17
alloc-2016_4361201_BROADWAY-2016-09-15,2016_4361201_BROADWAY,BROADWAY,WY,2016,2016-09-15,2016-09-16,22.0,22.0,6,17
alloc-2016_4361201_BROADWAY-2016-09-17,2016_4361201_BROADWAY,BROADWAY,WY,2016,2016-09-17,2016-09-18,19.0,22.0,8,17
alloc-2016_4361201_BROADWAY-2016-09-20,2016_4361201_BROADWAY,BROADWAY,WY,2016,2016-09-20,2016-09-21,2.0,4.0,11,17
alloc-2016_4361201_BROADWAY-2016-09-22,2016_4361201_BROADWAY,BROADWAY,WY,2016,2016-09-22,2016-09-23,1.0,2.0,13,17
alloc-2016_4361201_BROADWAY-2016-09-25,2016_4361201_BROADWAY,BROADWAY,WY,2016,2016-09-25,2016-09-26,4.0,4.0,16,17
alloc-2016_4362536_JUNKINS-2016-10-21,2016_4362536_JUNKINS,Junkins,CO,2016,2016-10-21,2016-10-22,274.0,254.0,4,18
alloc-2016_4362536_JUNKINS-2016-10-23,2016_4362536_JUNKINS,Junkins,CO,2016,2016-10-23,2016-10-24,279.0,272.0,6,18
alloc-2016_4362536_JUNKINS-2016-10-26,2016_4362536_JUNKINS,Junkins,CO,2016,2016-10-26,2016-10-27,234.0,247.0,9,18
alloc-2016_4362536_JUNKINS-2016-10-28,2016_4362536_JUNKINS,Junkins,CO,2016,2016-10-28,2016-10-29,204.0,216.0,11,18
alloc-2016_4362536_JUNKINS-2016-10-31,2016_4362536_JUNKINS,Junkins,CO,2016,2016-10-31,2016-11-01,136.0,160.0,14,18
alloc-2016_4362536_JUNKINS-2016-11-03,2016_4362536_JUNKINS,Junkins,CO,2016,2016-11-03,2016-11-04,67.0,80.0,17,18
alloc-2016_4365528_DICK'S CREEK-2016-11-07,2016_4365528_DICK'S CREEK,DICK'S CREEK,NC,2016,2016-11-07,2016-11-08,44.0,45.0,4,29
alloc-2016_4365528_DICK'S CREEK-2016-11-11,2016_4365528_DICK'S CREEK,DICK'S CREEK,NC,2016,2016-11-11,2016-11-12,23.0,23.0,8,29
alloc-2016_4365528_DICK'S CREEK-2016-11-16,2016_4365528_DICK'S CREEK,DICK'S CREEK,NC,2016,2016-11-16,2016-11-17,0.0,4.0,13,29
alloc-2016_4365528_DICK'S CREEK-2016-11-21,2016_4365528_DICK'S CREEK,DICK'S CREEK,NC,2016,2016-11-21,2016-11-22,30.0,30.0,18,29
alloc-2016_4365528_DICK'S CREEK-2016-11-26,2016_4365528_DICK'S CREEK,DICK'S CREEK,NC,2016,2016-11-26,2016-11-27,1.0,1.0,23,29
alloc-2016_4365528_DICK'S CREEK-2016-12-01,2016_4365528_DICK'S CREEK,DICK'S CREEK,NC,2016,2016-12-01,2016-12-02,0.0,0.0,28,29
alloc-2016_4371632_FULLER-2016-07-15,2016_4371632_FULLER,FULLER,AZ,2016,2016-07-15,2016-07-16,187.0,201.0,4,12
alloc-2016_4371632_FULLER-2016-07-16,2016_4371632_FULLER,FULLER,AZ,2016,2016-07-16,2016-07-17,198.0,187.0,5,12
alloc-2016_4371632_FULLER-2016-07-17,2016_4371632_FULLER,FULLER,AZ,2016,2016-07-17,2016-07-18,195.0,198.0,6,12
alloc-2016_4371632_FULLER-2016-07-19,2016_4371632_FULLER,FULLER,AZ,2016,2016-07-19,2016-07-20,184.0,197.0,8,12
alloc-2016_4371632_FULLER-2016-07-20,2016_4371632_FULLER,FULLER,AZ,2016,2016-07-20,2016-07-21,193.0,184.0,9,12
alloc-2016_4371632_FULLER-2016-07-22,2016_4371632_FULLER,FULLER,AZ,2016,2016-07-22,2016-07-23,136.0,172.0,11,12
alloc-2016_4373190_SNAKE-2016-09-14,2016_4373190_SNAKE,SNAKE,WY,2016,2016-09-14,2016-09-15,124.0,126.0,4,12
alloc-2016_4373190_SNAKE-2016-09-15,2016_4373190_SNAKE,SNAKE,WY,2016,2016-09-15,2016-09-16,144.0,124.0,5,12
alloc-2016_4373190_SNAKE-2016-09-16,2016_4373190_SNAKE,SNAKE,WY,2016,2016-09-16,2016-09-17,164.0,144.0,6,12
alloc-2016_4373190_SNAKE-2016-09-18,2016_4373190_SNAKE,SNAKE,WY,2016,2016-09-18,2016-09-19,141.0,141.0,8,12
alloc-2016_4373190_SNAKE-2016-09-19,2016_4373190_SNAKE,SNAKE,WY,2016,2016-09-19,2016-09-20,141.0,141.0,9,12
alloc-2016_4373190_SNAKE-2016-09-21,2016_4373190_SNAKE,SNAKE,WY,2016,2016-09-21,2016-09-22,46.0,133.0,11,12
alloc-2016_4373770_FLY CANYON-2016-09-14,2016_4373770_FLY CANYON,Fly Canyon,UT,2016,2016-09-14,2016-09-15,99.0,100.0,4,10
alloc-2016_4373770_FLY CANYON-2016-09-15,2016_4373770_FLY CANYON,Fly Canyon,UT,2016,2016-09-15,2016-09-16,74.0,99.0,5,10
alloc-2016_4373770_FLY CANYON-2016-09-16,2016_4373770_FLY CANYON,Fly Canyon,UT,2016,2016-09-16,2016-09-17,53.0,74.0,6,10
alloc-2016_4373770_FLY CANYON-2016-09-17,2016_4373770_FLY CANYON,Fly Canyon,UT,2016,2016-09-17,2016-09-18,45.0,53.0,7,10
alloc-2016_4373770_FLY CANYON-2016-09-18,2016_4373770_FLY CANYON,Fly Canyon,UT,2016,2016-09-18,2016-09-19,64.0,45.0,8,10
alloc-2016_4373770_FLY CANYON-2016-09-19,2016_4373770_FLY CANYON,Fly Canyon,UT,2016,2016-09-19,2016-09-20,43.0,64.0,9,10
alloc-2016_4375105_ROCK CREEK-2016-09-14,2016_4375105_ROCK CREEK,Rock Creek,WA,2016,2016-09-14,2016-09-15,223.0,223.0,4,11
alloc-2016_4375105_ROCK CREEK-2016-09-15,2016_4375105_ROCK CREEK,Rock Creek,WA,2016,2016-09-15,2016-09-16,182.0,223.0,5,11
alloc-2016_4375105_ROCK CREEK-2016-09-16,2016_4375105_ROCK CREEK,Rock Creek,WA,2016,2016-09-16,2016-09-17,138.0,182.0,6,11
alloc-2016_4375105_ROCK CREEK-2016-09-17,2016_4375105_ROCK CREEK,Rock Creek,WA,2016,2016-09-17,2016-09-18,123.0,138.0,7,11
alloc-2016_4375105_ROCK CREEK-2016-09-18,2016_4375105_ROCK CREEK,Rock Creek,WA,2016,2016-09-18,2016-09-19,79.0,123.0,8,11
alloc-2016_4375105_ROCK CREEK-2016-09-20,2016_4375105_ROCK CREEK,Rock Creek,WA,2016,2016-09-20,2016-09-21,68.0,86.0,10,11
alloc-2016_4377554_MCHUGH-2016-07-22,2016_4377554_MCHUGH,McHugh,AK,2016,2016-07-22,2016-07-23,121.0,122.0,4,13
alloc-2016_4377554_MCHUGH-2016-07-23,2016_4377554_MCHUGH,McHugh,AK,2016,2016-07-23,2016-07-24,122.0,121.0,5,13
alloc-2016_4377554_MCHUGH-2016-07-25,2016_4377554_MCHUGH,McHugh,AK,2016,2016-07-25,2016-07-26,125.0,138.0,7,13
alloc-2016_4377554_MCHUGH-2016-07-26,2016_4377554_MCHUGH,McHugh,AK,2016,2016-07-26,2016-07-27,83.0,125.0,8,13
alloc-2016_4377554_MCHUGH-2016-07-28,2016_4377554_MCHUGH,McHugh,AK,2016,2016-07-28,2016-07-29,60.0,64.0,10,13
alloc-2016_4377554_MCHUGH-2016-07-30,2016_4377554_MCHUGH,McHugh,AK,2016,2016-07-30,2016-07-31,22.0,62.0,12,13
alloc-2016_4379626_ALATNA COMPLEX-2016-07-04,2016_4379626_ALATNA COMPLEX,Alatna Complex,AK,2016,2016-07-04,2016-07-05,112.0,112.0,4,17
alloc-2016_4379626_ALATNA COMPLEX-2016-07-06,2016_4379626_ALATNA COMPLEX,Alatna Complex,AK,2016,2016-07-06,2016-07-07,132.0,133.0,6,17
alloc-2016_4379626_ALATNA COMPLEX-2016-07-08,2016_4379626_ALATNA COMPLEX,Alatna Complex,AK,2016,2016-07-08,2016-07-09,127.0,129.0,8,17
alloc-2016_4379626_ALATNA COMPLEX-2016-07-11,2016_4379626_ALATNA COMPLEX,Alatna Complex,AK,2016,2016-07-11,2016-07-12,87.0,106.0,11,17
alloc-2016_4379626_ALATNA COMPLEX-2016-07-13,2016_4379626_ALATNA COMPLEX,Alatna Complex,AK,2016,2016-07-13,2016-07-14,5.0,68.0,13,17
alloc-2016_4379626_ALATNA COMPLEX-2016-07-16,2016_4379626_ALATNA COMPLEX,Alatna Complex,AK,2016,2016-07-16,2016-07-17,3.0,3.0,16,17
alloc-2016_4381403_TOPONCE CREEK-2016-08-19,2016_4381403_TOPONCE CREEK,Toponce Creek,ID,2016,2016-08-19,2016-08-20,106.0,106.0,4,12
alloc-2016_4381403_TOPONCE CREEK-2016-08-20,2016_4381403_TOPONCE CREEK,Toponce Creek,ID,2016,2016-08-20,2016-08-21,97.0,106.0,5,12
alloc-2016_4381403_TOPONCE CREEK-2016-08-21,2016_4381403_TOPONCE CREEK,Toponce Creek,ID,2016,2016-08-21,2016-08-22,78.0,97.0,6,12
alloc-2016_4381403_TOPONCE CREEK-2016-08-23,2016_4381403_TOPONCE CREEK,Toponce Creek,ID,2016,2016-08-23,2016-08-24,47.0,78.0,8,12
alloc-2016_4381403_TOPONCE CREEK-2016-08-24,2016_4381403_TOPONCE CREEK,Toponce Creek,ID,2016,2016-08-24,2016-08-25,20.0,47.0,9,12
alloc-2016_4381403_TOPONCE CREEK-2016-08-26,2016_4381403_TOPONCE CREEK,Toponce Creek,ID,2016,2016-08-26,2016-08-27,15.0,19.0,11,12
alloc-2016_4382702_WILLOW CREEK-2016-09-02,2016_4382702_WILLOW CREEK,WILLOW CREEK,UT,2016,2016-09-02,2016-09-03,13.0,12.0,4,10
alloc-2016_4382702_WILLOW CREEK-2016-09-03,2016_4382702_WILLOW CREEK,WILLOW CREEK,UT,2016,2016-09-03,2016-09-04,13.0,13.0,5,10
alloc-2016_4382702_WILLOW CREEK-2016-09-04,2016_4382702_WILLOW CREEK,WILLOW CREEK,UT,2016,2016-09-04,2016-09-05,13.0,13.0,6,10
alloc-2016_4382702_WILLOW CREEK-2016-09-05,2016_4382702_WILLOW CREEK,WILLOW CREEK,UT,2016,2016-09-05,2016-09-06,13.0,13.0,7,10
alloc-2016_4382702_WILLOW CREEK-2016-09-06,2016_4382702_WILLOW CREEK,WILLOW CREEK,UT,2016,2016-09-06,2016-09-07,6.0,13.0,8,10
alloc-2016_4382702_WILLOW CREEK-2016-09-07,2016_4382702_WILLOW CREEK,WILLOW CREEK,UT,2016,2016-09-07,2016-09-08,6.0,6.0,9,10
alloc-2016_4384854_BLACK RANGE COMPLEX-2016-07-15,2016_4384854_BLACK RANGE COMPLEX,Black Range Complex,NM,2016,2016-07-15,2016-07-16,83.0,82.0,4,15
alloc-2016_4384854_BLACK RANGE COMPLEX-2016-07-17,2016_4384854_BLACK RANGE COMPLEX,Black Range Complex,NM,2016,2016-07-17,2016-07-18,83.0,83.0,6,15
alloc-2016_4384854_BLACK RANGE COMPLEX-2016-07-19,2016_4384854_BLACK RANGE COMPLEX,Black Range Complex,NM,2016,2016-07-19,2016-07-20,84.0,84.0,8,15
alloc-2016_4384854_BLACK RANGE COMPLEX-2016-07-21,2016_4384854_BLACK RANGE COMPLEX,Black Range Complex,NM,2016,2016-07-21,2016-07-22,63.0,63.0,10,15
alloc-2016_4384854_BLACK RANGE COMPLEX-2016-07-23,2016_4384854_BLACK RANGE COMPLEX,Black Range Complex,NM,2016,2016-07-23,2016-07-24,52.0,62.0,12,15
alloc-2016_4384854_BLACK RANGE COMPLEX-2016-07-25,2016_4384854_BLACK RANGE COMPLEX,Black Range Complex,NM,2016,2016-07-25,2016-07-26,38.0,48.0,14,15
alloc-2016_4388371_MAPLE-2016-08-25,2016_4388371_MAPLE,MAPLE,WY,2016,2016-08-25,2016-08-26,86.0,85.0,4,22
alloc-2016_4388371_MAPLE-2016-08-28,2016_4388371_MAPLE,MAPLE,WY,2016,2016-08-28,2016-08-29,88.0,82.0,7,22
alloc-2016_4388371_MAPLE-2016-08-31,2016_4388371_MAPLE,MAPLE,WY,2016,2016-08-31,2016-09-01,116.0,141.0,10,22
alloc-2016_4388371_MAPLE-2016-09-04,2016_4388371_MAPLE,MAPLE,WY,2016,2016-09-04,2016-09-05,70.0,70.0,14,22
alloc-2016_4388371_MAPLE-2016-09-07,2016_4388371_MAPLE,MAPLE,WY,2016,2016-09-07,2016-09-08,96.0,69.0,17,22
alloc-2016_4388371_MAPLE-2016-09-11,2016_4388371_MAPLE,MAPLE,WY,2016,2016-09-11,2016-09-12,68.0,95.0,21,22
alloc-2016_4390020_BRIGGS-2016-08-20,2016_4390020_BRIGGS,Briggs,UT,2016,2016-08-20,2016-08-21,64.0,61.0,4,10
alloc-2016_4390020_BRIGGS-2016-08-21,2016_4390020_BRIGGS,Briggs,UT,2016,2016-08-21,2016-08-22,57.0,64.0,5,10
alloc-2016_4390020_BRIGGS-2016-08-22,2016_4390020_BRIGGS,Briggs,UT,2016,2016-08-22,2016-08-23,57.0,57.0,6,10
alloc-2016_4390020_BRIGGS-2016-08-23,2016_4390020_BRIGGS,Briggs,UT,2016,2016-08-23,2016-08-24,31.0,57.0,7,10
alloc-2016_4390020_BRIGGS-2016-08-24,2016_4390020_BRIGGS,Briggs,UT,2016,2016-08-24,2016-08-25,30.0,31.0,8,10
alloc-2016_4390020_BRIGGS-2016-08-25,2016_4390020_BRIGGS,Briggs,UT,2016,2016-08-25,2016-08-26,28.0,30.0,9,10
alloc-2016_4390607_HICKS CREEK-2016-10-20,2016_4390607_HICKS CREEK,Hicks Creek,UT,2016,2016-10-20,2016-10-21,136.0,143.0,4,12
alloc-2016_4390607_HICKS CREEK-2016-10-21,2016_4390607_HICKS CREEK,Hicks Creek,UT,2016,2016-10-21,2016-10-22,160.0,136.0,5,12
alloc-2016_4390607_HICKS CREEK-2016-10-22,2016_4390607_HICKS CREEK,Hicks Creek,UT,2016,2016-10-22,2016-10-23,161.0,160.0,6,12
alloc-2016_4390607_HICKS CREEK-2016-10-24,2016_4390607_HICKS CREEK,Hicks Creek,UT,2016,2016-10-24,2016-10-25,26.0,134.0,8,12
alloc-2016_4390607_HICKS CREEK-2016-10-25,2016_4390607_HICKS CREEK,Hicks Creek,UT,2016,2016-10-25,2016-10-26,31.0,26.0,9,12
alloc-2016_4390607_HICKS CREEK-2016-10-27,2016_4390607_HICKS CREEK,Hicks Creek,UT,2016,2016-10-27,2016-10-28,23.0,31.0,11,12
alloc-2016_4392481_POWER HORN-2016-10-16,2016_4392481_POWER HORN,Power Horn,AL,2016,2016-10-16,2016-10-17,97.0,95.0,4,13
alloc-2016_4392481_POWER HORN-2016-10-17,2016_4392481_POWER HORN,Power Horn,AL,2016,2016-10-17,2016-10-18,100.0,97.0,5,13
alloc-2016_4392481_POWER HORN-2016-10-19,2016_4392481_POWER HORN,Power Horn,AL,2016,2016-10-19,2016-10-20,109.0,100.0,7,13
alloc-2016_4392481_POWER HORN-2016-10-20,2016_4392481_POWER HORN,Power Horn,AL,2016,2016-10-20,2016-10-21,122.0,109.0,8,13
alloc-2016_4392481_POWER HORN-2016-10-22,2016_4392481_POWER HORN,Power Horn,AL,2016,2016-10-22,2016-10-23,80.0,106.0,10,13
alloc-2016_4392481_POWER HORN-2016-10-24,2016_4392481_POWER HORN,Power Horn,AL,2016,2016-10-24,2016-10-25,24.0,24.0,12,13
alloc-2016_4393093_HENRYS CREEK-2016-08-24,2016_4393093_HENRYS CREEK,Henrys Creek,ID,2016,2016-08-24,2016-08-25,188.0,130.0,4,12
alloc-2016_4393093_HENRYS CREEK-2016-08-25,2016_4393093_HENRYS CREEK,Henrys Creek,ID,2016,2016-08-25,2016-08-26,186.0,188.0,5,12
alloc-2016_4393093_HENRYS CREEK-2016-08-26,2016_4393093_HENRYS CREEK,Henrys Creek,ID,2016,2016-08-26,2016-08-27,200.0,186.0,6,12
alloc-2016_4393093_HENRYS CREEK-2016-08-28,2016_4393093_HENRYS CREEK,Henrys Creek,ID,2016,2016-08-28,2016-08-29,130.0,187.0,8,12
alloc-2016_4393093_HENRYS CREEK-2016-08-29,2016_4393093_HENRYS CREEK,Henrys Creek,ID,2016,2016-08-29,2016-08-30,100.0,130.0,9,12
alloc-2016_4393093_HENRYS CREEK-2016-08-31,2016_4393093_HENRYS CREEK,Henrys Creek,ID,2016,2016-08-31,2016-09-01,36.0,34.0,11,12
alloc-2016_4394108_KNOB-2016-11-06,2016_4394108_KNOB,KNOB,NC,2016,2016-11-06,2016-11-07,20.0,9.0,4,13
alloc-2016_4394108_KNOB-2016-11-07,2016_4394108_KNOB,KNOB,NC,2016,2016-11-07,2016-11-08,27.0,20.0,5,13
alloc-2016_4394108_KNOB-2016-11-09,2016_4394108_KNOB,KNOB,NC,2016,2016-11-09,2016-11-10,3.0,26.0,7,13
alloc-2016_4394108_KNOB-2016-11-10,2016_4394108_KNOB,KNOB,NC,2016,2016-11-10,2016-11-11,3.0,3.0,8,13
alloc-2016_4394108_KNOB-2016-11-12,2016_4394108_KNOB,KNOB,NC,2016,2016-11-12,2016-11-13,3.0,3.0,10,13
alloc-2016_4394108_KNOB-2016-11-14,2016_4394108_KNOB,KNOB,NC,2016,2016-11-14,2016-11-15,5.0,4.0,12,13
alloc-2016_4394375_CLIFFSIDE-2016-11-07,2016_4394375_CLIFFSIDE,CLIFFSIDE,NC,2016,2016-11-07,2016-11-08,24.0,8.0,4,22
alloc-2016_4394375_CLIFFSIDE-2016-11-10,2016_4394375_CLIFFSIDE,CLIFFSIDE,NC,2016,2016-11-10,2016-11-11,1.0,28.0,7,22
alloc-2016_4394375_CLIFFSIDE-2016-11-13,2016_4394375_CLIFFSIDE,CLIFFSIDE,NC,2016,2016-11-13,2016-11-14,1.0,1.0,10,22
alloc-2016_4394375_CLIFFSIDE-2016-11-17,2016_4394375_CLIFFSIDE,CLIFFSIDE,NC,2016,2016-11-17,2016-11-18,1.0,1.0,14,22
alloc-2016_4394375_CLIFFSIDE-2016-11-20,2016_4394375_CLIFFSIDE,CLIFFSIDE,NC,2016,2016-11-20,2016-11-21,1.0,1.0,17,22
alloc-2016_4394375_CLIFFSIDE-2016-11-24,2016_4394375_CLIFFSIDE,CLIFFSIDE,NC,2016,2016-11-24,2016-11-25,1.0,1.0,21,22
alloc-2016_4395203_PETERSON HOLLOW-2016-08-30,2016_4395203_PETERSON HOLLOW,Peterson Hollow,UT,2016,2016-08-30,2016-08-31,127.0,133.0,4,10
alloc-2016_4395203_PETERSON HOLLOW-2016-08-31,2016_4395203_PETERSON HOLLOW,Peterson Hollow,UT,2016,2016-08-31,2016-09-01,127.0,127.0,5,10
alloc-2016_4395203_PETERSON HOLLOW-2016-09-01,2016_4395203_PETERSON HOLLOW,Peterson Hollow,UT,2016,2016-09-01,2016-09-02,121.0,127.0,6,10
alloc-2016_4395203_PETERSON HOLLOW-2016-09-02,2016_4395203_PETERSON HOLLOW,Peterson Hollow,UT,2016,2016-09-02,2016-09-03,77.0,121.0,7,10
alloc-2016_4395203_PETERSON HOLLOW-2016-09-03,2016_4395203_PETERSON HOLLOW,Peterson Hollow,UT,2016,2016-09-03,2016-09-04,68.0,77.0,8,10
alloc-2016_4395203_PETERSON HOLLOW-2016-09-04,2016_4395203_PETERSON HOLLOW,Peterson Hollow,UT,2016,2016-09-04,2016-09-05,60.0,68.0,9,10
alloc-2016_4396103_GATLIFF-2016-11-16,2016_4396103_GATLIFF,Gatliff,KY,2016,2016-11-16,2016-11-17,13.0,13.0,4,10
alloc-2016_4396103_GATLIFF-2016-11-17,2016_4396103_GATLIFF,Gatliff,KY,2016,2016-11-17,2016-11-18,13.0,13.0,5,10
alloc-2016_4396103_GATLIFF-2016-11-18,2016_4396103_GATLIFF,Gatliff,KY,2016,2016-11-18,2016-11-19,13.0,13.0,6,10
alloc-2016_4396103_GATLIFF-2016-11-19,2016_4396103_GATLIFF,Gatliff,KY,2016,2016-11-19,2016-11-20,13.0,13.0,7,10
alloc-2016_4396103_GATLIFF-2016-11-20,2016_4396103_GATLIFF,Gatliff,KY,2016,2016-11-20,2016-11-21,13.0,13.0,8,10
alloc-2016_4396103_GATLIFF-2016-11-21,2016_4396103_GATLIFF,Gatliff,KY,2016,2016-11-21,2016-11-22,13.0,13.0,9,10
alloc-2016_4396602_PINNACLE MOUNTAIN-2016-11-14,2016_4396602_PINNACLE MOUNTAIN,Pinnacle Mountain,SC,2016,2016-11-14,2016-11-15,112.0,112.0,4,24
alloc-2016_4396602_PINNACLE MOUNTAIN-2016-11-17,2016_4396602_PINNACLE MOUNTAIN,Pinnacle Mountain,SC,2016,2016-11-17,2016-11-18,146.0,131.0,7,24
alloc-2016_4396602_PINNACLE MOUNTAIN-2016-11-21,2016_4396602_PINNACLE MOUNTAIN,Pinnacle Mountain,SC,2016,2016-11-21,2016-11-22,139.0,146.0,11,24
alloc-2016_4396602_PINNACLE MOUNTAIN-2016-11-25,2016_4396602_PINNACLE MOUNTAIN,Pinnacle Mountain,SC,2016,2016-11-25,2016-11-26,136.0,133.0,15,24
alloc-2016_4396602_PINNACLE MOUNTAIN-2016-11-29,2016_4396602_PINNACLE MOUNTAIN,Pinnacle Mountain,SC,2016,2016-11-29,2016-11-30,48.0,113.0,19,24
alloc-2016_4396602_PINNACLE MOUNTAIN-2016-12-03,2016_4396602_PINNACLE MOUNTAIN,Pinnacle Mountain,SC,2016,2016-12-03,2016-12-04,48.0,51.0,23,24
alloc-2016_4397355_ROCK MOUNTAIN-2016-11-15,2016_4397355_ROCK MOUNTAIN,Rock Mountain,GA,2016,2016-11-15,2016-11-16,171.0,116.0,4,25
alloc-2016_4397355_ROCK MOUNTAIN-2016-11-19,2016_4397355_ROCK MOUNTAIN,Rock Mountain,GA,2016,2016-11-19,2016-11-20,167.0,227.0,8,25
alloc-2016_4397355_ROCK MOUNTAIN-2016-11-23,2016_4397355_ROCK MOUNTAIN,Rock Mountain,GA,2016,2016-11-23,2016-11-24,226.0,204.0,12,25
alloc-2016_4397355_ROCK MOUNTAIN-2016-11-27,2016_4397355_ROCK MOUNTAIN,Rock Mountain,GA,2016,2016-11-27,2016-11-28,269.0,254.0,16,25
alloc-2016_4397355_ROCK MOUNTAIN-2016-12-01,2016_4397355_ROCK MOUNTAIN,Rock Mountain,GA,2016,2016-12-01,2016-12-02,130.0,221.0,20,25
alloc-2016_4397355_ROCK MOUNTAIN-2016-12-05,2016_4397355_ROCK MOUNTAIN,Rock Mountain,GA,2016,2016-12-05,2016-12-06,36.0,36.0,24,25
alloc-2016_4398289_CHESTNUT KNOB-2016-11-13,2016_4398289_CHESTNUT KNOB,Chestnut Knob,NC,2016,2016-11-13,2016-11-14,144.0,96.0,4,25
alloc-2016_4398289_CHESTNUT KNOB-2016-11-17,2016_4398289_CHESTNUT KNOB,Chestnut Knob,NC,2016,2016-11-17,2016-11-18,212.0,172.0,8,25
alloc-2016_4398289_CHESTNUT KNOB-2016-11-21,2016_4398289_CHESTNUT KNOB,Chestnut Knob,NC,2016,2016-11-21,2016-11-22,209.0,219.0,12,25
alloc-2016_4398289_CHESTNUT KNOB-2016-11-25,2016_4398289_CHESTNUT KNOB,Chestnut Knob,NC,2016,2016-11-25,2016-11-26,114.0,119.0,16,25
alloc-2016_4398289_CHESTNUT KNOB-2016-11-29,2016_4398289_CHESTNUT KNOB,Chestnut Knob,NC,2016,2016-11-29,2016-11-30,76.0,94.0,20,25
alloc-2016_4398289_CHESTNUT KNOB-2016-12-03,2016_4398289_CHESTNUT KNOB,Chestnut Knob,NC,2016,2016-12-03,2016-12-04,22.0,44.0,24,25
alloc-2016_4399940_HWY 190-2016-11-10,2016_4399940_HWY 190,HWY 190,KY,2016,2016-11-10,2016-11-11,24.0,24.0,4,10
alloc-2016_4399940_HWY 190-2016-11-11,2016_4399940_HWY 190,HWY 190,KY,2016,2016-11-11,2016-11-12,24.0,24.0,5,10
alloc-2016_4399940_HWY 190-2016-11-12,2016_4399940_HWY 190,HWY 190,KY,2016,2016-11-12,2016-11-13,24.0,24.0,6,10
alloc-2016_4399940_HWY 190-2016-11-13,2016_4399940_HWY 190,HWY 190,KY,2016,2016-11-13,2016-11-14,24.0,24.0,7,10
alloc-2016_4399940_HWY 190-2016-11-14,2016_4399940_HWY 190,HWY 190,KY,2016,2016-11-14,2016-11-15,25.0,24.0,8,10
alloc-2016_4399940_HWY 190-2016-11-15,2016_4399940_HWY 190,HWY 190,KY,2016,2016-11-15,2016-11-16,25.0,25.0,9,10
alloc-2016_4400509_TATUM GULF-2016-11-14,2016_4400509_TATUM GULF,Tatum Gulf,GA,2016,2016-11-14,2016-11-15,102.0,118.0,4,23
alloc-2016_4400509_TATUM GULF-2016-11-17,2016_4400509_TATUM GULF,Tatum Gulf,GA,2016,2016-11-17,2016-11-18,106.0,99.0,7,23
alloc-2016_4400509_TATUM GULF-2016-11-21,2016_4400509_TATUM GULF,Tatum Gulf,GA,2016,2016-11-21,2016-11-22,82.0,75.0,11,23
alloc-2016_4400509_TATUM GULF-2016-11-24,2016_4400509_TATUM GULF,Tatum Gulf,GA,2016,2016-11-24,2016-11-25,12.0,12.0,14,23
alloc-2016_4400509_TATUM GULF-2016-11-28,2016_4400509_TATUM GULF,Tatum Gulf,GA,2016,2016-11-28,2016-11-29,2.0,8.0,18,23
alloc-2016_4400509_TATUM GULF-2016-12-02,2016_4400509_TATUM GULF,Tatum Gulf,GA,2016,2016-12-02,2016-12-03,1.0,1.0,22,23
alloc-2016_4400950_TIMBER RIDGE-2016-11-15,2016_4400950_TIMBER RIDGE,TIMBER RIDGE,GA,2016,2016-11-15,2016-11-16,52.0,52.0,4,17
alloc-2016_4400950_TIMBER RIDGE-2016-11-17,2016_4400950_TIMBER RIDGE,TIMBER RIDGE,GA,2016,2016-11-17,2016-11-18,33.0,33.0,6,17
alloc-2016_4400950_TIMBER RIDGE-2016-11-19,2016_4400950_TIMBER RIDGE,TIMBER RIDGE,GA,2016,2016-11-19,2016-11-20,30.0,26.0,8,17
alloc-2016_4400950_TIMBER RIDGE-2016-11-22,2016_4400950_TIMBER RIDGE,TIMBER RIDGE,GA,2016,2016-11-22,2016-11-23,16.0,16.0,11,17
alloc-2016_4400950_TIMBER RIDGE-2016-11-24,2016_4400950_TIMBER RIDGE,TIMBER RIDGE,GA,2016,2016-11-24,2016-11-25,10.0,9.0,13,17
alloc-2016_4400950_TIMBER RIDGE-2016-11-27,2016_4400950_TIMBER RIDGE,TIMBER RIDGE,GA,2016,2016-11-27,2016-11-28,9.0,9.0,16,17
alloc-2016_4401340_MUSKRAT-2016-11-15,2016_4401340_MUSKRAT,MUSKRAT,NC,2016,2016-11-15,2016-11-16,26.0,26.0,4,14
alloc-2016_4401340_MUSKRAT-2016-11-16,2016_4401340_MUSKRAT,MUSKRAT,NC,2016,2016-11-16,2016-11-17,26.0,26.0,5,14
alloc-2016_4401340_MUSKRAT-2016-11-18,2016_4401340_MUSKRAT,MUSKRAT,NC,2016,2016-11-18,2016-11-19,25.0,25.0,7,14
alloc-2016_4401340_MUSKRAT-2016-11-20,2016_4401340_MUSKRAT,MUSKRAT,NC,2016,2016-11-20,2016-11-21,0.0,0.0,9,14
alloc-2016_4401340_MUSKRAT-2016-11-22,2016_4401340_MUSKRAT,MUSKRAT,NC,2016,2016-11-22,2016-11-23,0.0,0.0,11,14
alloc-2016_4401340_MUSKRAT-2016-11-24,2016_4401340_MUSKRAT,MUSKRAT,NC,2016,2016-11-24,2016-11-25,1.0,0.0,13,14
alloc-2016_4401860_CLOVERLICK FIRE-2016-11-11,2016_4401860_CLOVERLICK FIRE,Cloverlick Fire,KY,2016,2016-11-11,2016-11-12,20.0,19.0,4,15
alloc-2016_4401860_CLOVERLICK FIRE-2016-11-13,2016_4401860_CLOVERLICK FIRE,Cloverlick Fire,KY,2016,2016-11-13,2016-11-14,20.0,20.0,6,15
alloc-2016_4401860_CLOVERLICK FIRE-2016-11-15,2016_4401860_CLOVERLICK FIRE,Cloverlick Fire,KY,2016,2016-11-15,2016-11-16,20.0,20.0,8,15
alloc-2016_4401860_CLOVERLICK FIRE-2016-11-17,2016_4401860_CLOVERLICK FIRE,Cloverlick Fire,KY,2016,2016-11-17,2016-11-18,20.0,20.0,10,15
alloc-2016_4401860_CLOVERLICK FIRE-2016-11-19,2016_4401860_CLOVERLICK FIRE,Cloverlick Fire,KY,2016,2016-11-19,2016-11-20,20.0,20.0,12,15
alloc-2016_4401860_CLOVERLICK FIRE-2016-11-21,2016_4401860_CLOVERLICK FIRE,Cloverlick Fire,KY,2016,2016-11-21,2016-11-22,20.0,20.0,14,15
alloc-2016_4403387_PARTY ROCK-2016-11-10,2016_4403387_PARTY ROCK,PARTY ROCK,NC,2016,2016-11-10,2016-11-11,133.0,89.0,4,23
alloc-2016_4403387_PARTY ROCK-2016-11-13,2016_4403387_PARTY ROCK,PARTY ROCK,NC,2016,2016-11-13,2016-11-14,160.0,115.0,7,23
alloc-2016_4403387_PARTY ROCK-2016-11-17,2016_4403387_PARTY ROCK,PARTY ROCK,NC,2016,2016-11-17,2016-11-18,554.0,380.0,11,23
alloc-2016_4403387_PARTY ROCK-2016-11-20,2016_4403387_PARTY ROCK,PARTY ROCK,NC,2016,2016-11-20,2016-11-21,543.0,571.0,14,23
alloc-2016_4403387_PARTY ROCK-2016-11-24,2016_4403387_PARTY ROCK,PARTY ROCK,NC,2016,2016-11-24,2016-11-25,154.0,164.0,18,23
alloc-2016_4403387_PARTY ROCK-2016-11-28,2016_4403387_PARTY ROCK,PARTY ROCK,NC,2016,2016-11-28,2016-11-29,95.0,95.0,22,23
alloc-2016_4404023_WIESER BRANCH-2016-11-10,2016_4404023_WIESER BRANCH,Wieser Branch,KY,2016,2016-11-10,2016-11-11,20.0,20.0,4,12
alloc-2016_4404023_WIESER BRANCH-2016-11-11,2016_4404023_WIESER BRANCH,Wieser Branch,KY,2016,2016-11-11,2016-11-12,12.0,20.0,5,12
alloc-2016_4404023_WIESER BRANCH-2016-11-12,2016_4404023_WIESER BRANCH,Wieser Branch,KY,2016,2016-11-12,2016-11-13,12.0,12.0,6,12
alloc-2016_4404023_WIESER BRANCH-2016-11-14,2016_4404023_WIESER BRANCH,Wieser Branch,KY,2016,2016-11-14,2016-11-15,12.0,12.0,8,12
alloc-2016_4404023_WIESER BRANCH-2016-11-15,2016_4404023_WIESER BRANCH,Wieser Branch,KY,2016,2016-11-15,2016-11-16,12.0,12.0,9,12
alloc-2016_4404023_WIESER BRANCH-2016-11-17,2016_4404023_WIESER BRANCH,Wieser Branch,KY,2016,2016-11-17,2016-11-18,12.0,12.0,11,12
alloc-2016_4413752_SPUR-2016-05-28,2016_4413752_SPUR,Spur,NM,2016,2016-05-28,2016-05-29,74.0,70.0,4,13
alloc-2016_4413752_SPUR-2016-05-29,2016_4413752_SPUR,Spur,NM,2016,2016-05-29,2016-05-30,95.0,74.0,5,13
alloc-2016_4413752_SPUR-2016-05-31,2016_4413752_SPUR,Spur,NM,2016,2016-05-31,2016-06-01,73.0,75.0,7,13
alloc-2016_4413752_SPUR-2016-06-01,2016_4413752_SPUR,Spur,NM,2016,2016-06-01,2016-06-02,30.0,73.0,8,13
alloc-2016_4413752_SPUR-2016-06-03,2016_4413752_SPUR,Spur,NM,2016,2016-06-03,2016-06-04,32.0,23.0,10,13
alloc-2016_4413752_SPUR-2016-06-05,2016_4413752_SPUR,Spur,NM,2016,2016-06-05,2016-06-06,13.0,32.0,12,13
alloc-2016_4414099_LAVA MOUNTAIN-2016-07-19,2016_4414099_LAVA MOUNTAIN,LAVA MOUNTAIN,WY,2016,2016-07-19,2016-07-20,113.0,107.0,4,32
alloc-2016_4414099_LAVA MOUNTAIN-2016-07-24,2016_4414099_LAVA MOUNTAIN,LAVA MOUNTAIN,WY,2016,2016-07-24,2016-07-25,226.0,200.0,9,32
alloc-2016_4414099_LAVA MOUNTAIN-2016-07-29,2016_4414099_LAVA MOUNTAIN,LAVA MOUNTAIN,WY,2016,2016-07-29,2016-07-30,337.0,365.0,14,32
alloc-2016_4414099_LAVA MOUNTAIN-2016-08-04,2016_4414099_LAVA MOUNTAIN,LAVA MOUNTAIN,WY,2016,2016-08-04,2016-08-05,159.0,206.0,20,32
alloc-2016_4414099_LAVA MOUNTAIN-2016-08-09,2016_4414099_LAVA MOUNTAIN,LAVA MOUNTAIN,WY,2016,2016-08-09,2016-08-10,98.0,104.0,25,32
alloc-2016_4414099_LAVA MOUNTAIN-2016-08-15,2016_4414099_LAVA MOUNTAIN,LAVA MOUNTAIN,WY,2016,2016-08-15,2016-08-16,32.0,41.0,31,32
alloc-2016_4416255_TOK RIVER-2016-07-18,2016_4416255_TOK RIVER,Tok River,AK,2016,2016-07-18,2016-07-19,122.0,91.0,4,14
alloc-2016_4416255_TOK RIVER-2016-07-19,2016_4416255_TOK RIVER,Tok River,AK,2016,2016-07-19,2016-07-20,78.0,122.0,5,14
alloc-2016_4416255_TOK RIVER-2016-07-21,2016_4416255_TOK RIVER,Tok River,AK,2016,2016-07-21,2016-07-22,71.0,70.0,7,14
alloc-2016_4416255_TOK RIVER-2016-07-23,2016_4416255_TOK RIVER,Tok River,AK,2016,2016-07-23,2016-07-24,53.0,70.0,9,14
alloc-2016_4416255_TOK RIVER-2016-07-25,2016_4416255_TOK RIVER,Tok River,AK,2016,2016-07-25,2016-07-26,43.0,53.0,11,14
alloc-2016_4416255_TOK RIVER-2016-07-27,2016_4416255_TOK RIVER,Tok River,AK,2016,2016-07-27,2016-07-28,4.0,25.0,13,14
alloc-2016_4416704_PIONEER-2016-07-22,2016_4416704_PIONEER,PIONEER,ID,2016,2016-07-22,2016-07-23,248.0,165.0,4,73
alloc-2016_4416704_PIONEER-2016-08-04,2016_4416704_PIONEER,PIONEER,ID,2016,2016-08-04,2016-08-05,393.0,385.0,17,73
alloc-2016_4416704_PIONEER-2016-08-18,2016_4416704_PIONEER,PIONEER,ID,2016,2016-08-18,2016-08-19,490.0,454.0,31,73
alloc-2016_4416704_PIONEER-2016-08-31,2016_4416704_PIONEER,PIONEER,ID,2016,2016-08-31,2016-09-01,282.0,270.0,44,73
alloc-2016_4416704_PIONEER-2016-09-14,2016_4416704_PIONEER,PIONEER,ID,2016,2016-09-14,2016-09-15,217.0,250.0,58,73
alloc-2016_4416704_PIONEER-2016-09-28,2016_4416704_PIONEER,PIONEER,ID,2016,2016-09-28,2016-09-29,108.0,115.0,72,73
alloc-2016_4421212_CHOKE CHERRY-2016-07-21,2016_4421212_CHOKE CHERRY,Choke Cherry,UT,2016,2016-07-21,2016-07-22,35.0,110.0,4,11
alloc-2016_4421212_CHOKE CHERRY-2016-07-22,2016_4421212_CHOKE CHERRY,Choke Cherry,UT,2016,2016-07-22,2016-07-23,35.0,35.0,5,11
alloc-2016_4421212_CHOKE CHERRY-2016-07-23,2016_4421212_CHOKE CHERRY,Choke Cherry,UT,2016,2016-07-23,2016-07-24,35.0,35.0,6,11
alloc-2016_4421212_CHOKE CHERRY-2016-07-24,2016_4421212_CHOKE CHERRY,Choke Cherry,UT,2016,2016-07-24,2016-07-25,34.0,35.0,7,11
alloc-2016_4421212_CHOKE CHERRY-2016-07-25,2016_4421212_CHOKE CHERRY,Choke Cherry,UT,2016,2016-07-25,2016-07-26,16.0,34.0,8,11
alloc-2016_4421212_CHOKE CHERRY-2016-07-27,2016_4421212_CHOKE CHERRY,Choke Cherry,UT,2016,2016-07-27,2016-07-28,1.0,9.0,10,11
alloc-2016_4423003_ARDEN-2016-07-22,2016_4423003_ARDEN,ARDEN,WY,2016,2016-07-22,2016-07-23,132.0,129.0,4,13
alloc-2016_4423003_ARDEN-2016-07-23,2016_4423003_ARDEN,ARDEN,WY,2016,2016-07-23,2016-07-24,132.0,132.0,5,13
alloc-2016_4423003_ARDEN-2016-07-25,2016_4423003_ARDEN,ARDEN,WY,2016,2016-07-25,2016-07-26,112.0,112.0,7,13
alloc-2016_4423003_ARDEN-2016-07-26,2016_4423003_ARDEN,ARDEN,WY,2016,2016-07-26,2016-07-27,86.0,112.0,8,13
alloc-2016_4423003_ARDEN-2016-07-28,2016_4423003_ARDEN,ARDEN,WY,2016,2016-07-28,2016-07-29,37.0,86.0,10,13
alloc-2016_4423003_ARDEN-2016-07-30,2016_4423003_ARDEN,ARDEN,WY,2016,2016-07-30,2016-07-31,38.0,37.0,12,13
alloc-2016_4427004_BYBEE CREEK-2016-08-01,2016_4427004_BYBEE CREEK,Bybee Creek,OR,2016,2016-08-01,2016-08-02,127.0,117.0,4,12
alloc-2016_4427004_BYBEE CREEK-2016-08-02,2016_4427004_BYBEE CREEK,Bybee Creek,OR,2016,2016-08-02,2016-08-03,145.0,127.0,5,12
alloc-2016_4427004_BYBEE CREEK-2016-08-03,2016_4427004_BYBEE CREEK,Bybee Creek,OR,2016,2016-08-03,2016-08-04,140.0,145.0,6,12
alloc-2016_4427004_BYBEE CREEK-2016-08-05,2016_4427004_BYBEE CREEK,Bybee Creek,OR,2016,2016-08-05,2016-08-06,137.0,140.0,8,12
alloc-2016_4427004_BYBEE CREEK-2016-08-06,2016_4427004_BYBEE CREEK,Bybee Creek,OR,2016,2016-08-06,2016-08-07,114.0,137.0,9,12
alloc-2016_4427004_BYBEE CREEK-2016-08-08,2016_4427004_BYBEE CREEK,Bybee Creek,OR,2016,2016-08-08,2016-08-09,68.0,111.0,11,12
alloc-2016_4430094_ABNER BR-2016-11-13,2016_4430094_ABNER BR,Abner Br,KY,2016,2016-11-13,2016-11-14,23.0,23.0,4,11
alloc-2016_4430094_ABNER BR-2016-11-14,2016_4430094_ABNER BR,Abner Br,KY,2016,2016-11-14,2016-11-15,23.0,23.0,5,11
alloc-2016_4430094_ABNER BR-2016-11-15,2016_4430094_ABNER BR,Abner Br,KY,2016,2016-11-15,2016-11-16,23.0,23.0,6,11
alloc-2016_4430094_ABNER BR-2016-11-16,2016_4430094_ABNER BR,Abner Br,KY,2016,2016-11-16,2016-11-17,23.0,23.0,7,11
alloc-2016_4430094_ABNER BR-2016-11-17,2016_4430094_ABNER BR,Abner Br,KY,2016,2016-11-17,2016-11-18,23.0,23.0,8,11
alloc-2016_4430094_ABNER BR-2016-11-19,2016_4430094_ABNER BR,Abner Br,KY,2016,2016-11-19,2016-11-20,23.0,23.0,10,11
alloc-2016_4431453_TOKEWANNA-2016-08-01,2016_4431453_TOKEWANNA,Tokewanna,WY,2016,2016-08-01,2016-08-02,229.0,228.0,4,11
alloc-2016_4431453_TOKEWANNA-2016-08-02,2016_4431453_TOKEWANNA,Tokewanna,WY,2016,2016-08-02,2016-08-03,154.0,229.0,5,11
alloc-2016_4431453_TOKEWANNA-2016-08-03,2016_4431453_TOKEWANNA,Tokewanna,WY,2016,2016-08-03,2016-08-04,100.0,154.0,6,11
alloc-2016_4431453_TOKEWANNA-2016-08-04,2016_4431453_TOKEWANNA,Tokewanna,WY,2016,2016-08-04,2016-08-05,52.0,100.0,7,11
alloc-2016_4431453_TOKEWANNA-2016-08-05,2016_4431453_TOKEWANNA,Tokewanna,WY,2016,2016-08-05,2016-08-06,52.0,52.0,8,11
alloc-2016_4431453_TOKEWANNA-2016-08-07,2016_4431453_TOKEWANNA,Tokewanna,WY,2016,2016-08-07,2016-08-08,53.0,47.0,10,11
alloc-2016_4440967_ROUGH RIDGE-2016-11-05,2016_4440967_ROUGH RIDGE,Rough Ridge,GA,2016,2016-11-05,2016-11-06,162.0,141.0,4,31
alloc-2016_4440967_ROUGH RIDGE-2016-11-10,2016_4440967_ROUGH RIDGE,Rough Ridge,GA,2016,2016-11-10,2016-11-11,87.0,124.0,9,31
alloc-2016_4440967_ROUGH RIDGE-2016-11-15,2016_4440967_ROUGH RIDGE,Rough Ridge,GA,2016,2016-11-15,2016-11-16,71.0,69.0,14,31
alloc-2016_4440967_ROUGH RIDGE-2016-11-20,2016_4440967_ROUGH RIDGE,Rough Ridge,GA,2016,2016-11-20,2016-11-21,98.0,75.0,19,31
alloc-2016_4440967_ROUGH RIDGE-2016-11-25,2016_4440967_ROUGH RIDGE,Rough Ridge,GA,2016,2016-11-25,2016-11-26,76.0,76.0,24,31
alloc-2016_4440967_ROUGH RIDGE-2016-12-01,2016_4440967_ROUGH RIDGE,Rough Ridge,GA,2016,2016-12-01,2016-12-02,18.0,28.0,30,31
alloc-2016_4442461_NEZ PERCE-2016-09-03,2016_4442461_NEZ PERCE,Nez Perce,MT,2016,2016-09-03,2016-09-04,68.0,72.0,4,13
alloc-2016_4442461_NEZ PERCE-2016-09-04,2016_4442461_NEZ PERCE,Nez Perce,MT,2016,2016-09-04,2016-09-05,56.0,68.0,5,13
alloc-2016_4442461_NEZ PERCE-2016-09-06,2016_4442461_NEZ PERCE,Nez Perce,MT,2016,2016-09-06,2016-09-07,35.0,44.0,7,13
alloc-2016_4442461_NEZ PERCE-2016-09-07,2016_4442461_NEZ PERCE,Nez Perce,MT,2016,2016-09-07,2016-09-08,35.0,35.0,8,13
alloc-2016_4442461_NEZ PERCE-2016-09-09,2016_4442461_NEZ PERCE,Nez Perce,MT,2016,2016-09-09,2016-09-10,12.0,13.0,10,13
alloc-2016_4442461_NEZ PERCE-2016-09-11,2016_4442461_NEZ PERCE,Nez Perce,MT,2016,2016-09-11,2016-09-12,12.0,12.0,12,13
alloc-2016_4443443_TATANKA COMPLEX-2016-08-19,2016_4443443_TATANKA COMPLEX,TATANKA COMPLEX,WY,2016,2016-08-19,2016-08-20,121.0,55.0,4,37
alloc-2016_4443443_TATANKA COMPLEX-2016-08-25,2016_4443443_TATANKA COMPLEX,TATANKA COMPLEX,WY,2016,2016-08-25,2016-08-26,57.0,57.0,10,37
alloc-2016_4443443_TATANKA COMPLEX-2016-08-31,2016_4443443_TATANKA COMPLEX,TATANKA COMPLEX,WY,2016,2016-08-31,2016-09-01,52.0,52.0,16,37
alloc-2016_4443443_TATANKA COMPLEX-2016-09-07,2016_4443443_TATANKA COMPLEX,TATANKA COMPLEX,WY,2016,2016-09-07,2016-09-08,42.0,42.0,23,37
alloc-2016_4443443_TATANKA COMPLEX-2016-09-13,2016_4443443_TATANKA COMPLEX,TATANKA COMPLEX,WY,2016,2016-09-13,2016-09-14,34.0,16.0,29,37
alloc-2016_4443443_TATANKA COMPLEX-2016-09-20,2016_4443443_TATANKA COMPLEX,TATANKA COMPLEX,WY,2016,2016-09-20,2016-09-21,22.0,22.0,36,37
alloc-2016_4444309_TELLICO-2016-11-07,2016_4444309_TELLICO,TELLICO,NC,2016,2016-11-07,2016-11-08,32.0,32.0,4,29
alloc-2016_4444309_TELLICO-2016-11-11,2016_4444309_TELLICO,TELLICO,NC,2016,2016-11-11,2016-11-12,81.0,184.0,8,29
alloc-2016_4444309_TELLICO-2016-11-16,2016_4444309_TELLICO,TELLICO,NC,2016,2016-11-16,2016-11-17,182.0,182.0,13,29
alloc-2016_4444309_TELLICO-2016-11-21,2016_4444309_TELLICO,TELLICO,NC,2016,2016-11-21,2016-11-22,126.0,134.0,18,29
alloc-2016_4444309_TELLICO-2016-11-26,2016_4444309_TELLICO,TELLICO,NC,2016,2016-11-26,2016-11-27,53.0,15.0,23,29
alloc-2016_4444309_TELLICO-2016-12-01,2016_4444309_TELLICO,TELLICO,NC,2016,2016-12-01,2016-12-02,114.0,114.0,28,29
alloc-2016_4447308_GRAPE-2016-09-05,2016_4447308_GRAPE,Grape,ID,2016,2016-09-05,2016-09-06,85.0,119.0,4,26
alloc-2016_4447308_GRAPE-2016-09-09,2016_4447308_GRAPE,Grape,ID,2016,2016-09-09,2016-09-10,57.0,57.0,8,26
alloc-2016_4447308_GRAPE-2016-09-13,2016_4447308_GRAPE,Grape,ID,2016,2016-09-13,2016-09-14,14.0,34.0,12,26
alloc-2016_4447308_GRAPE-2016-09-17,2016_4447308_GRAPE,Grape,ID,2016,2016-09-17,2016-09-18,4.0,2.0,16,26
alloc-2016_4447308_GRAPE-2016-09-21,2016_4447308_GRAPE,Grape,ID,2016,2016-09-21,2016-09-22,4.0,4.0,20,26
alloc-2016_4447308_GRAPE-2016-09-26,2016_4447308_GRAPE,Grape,ID,2016,2016-09-26,2016-09-27,4.0,4.0,25,26
alloc-2016_4448583_KENTUCKY RIDGE-2016-11-11,2016_4448583_KENTUCKY RIDGE,Kentucky Ridge,KY,2016,2016-11-11,2016-11-12,37.0,19.0,4,15
alloc-2016_4448583_KENTUCKY RIDGE-2016-11-13,2016_4448583_KENTUCKY RIDGE,Kentucky Ridge,KY,2016,2016-11-13,2016-11-14,37.0,37.0,6,15
alloc-2016_4448583_KENTUCKY RIDGE-2016-11-15,2016_4448583_KENTUCKY RIDGE,Kentucky Ridge,KY,2016,2016-11-15,2016-11-16,37.0,37.0,8,15
alloc-2016_4448583_KENTUCKY RIDGE-2016-11-17,2016_4448583_KENTUCKY RIDGE,Kentucky Ridge,KY,2016,2016-11-17,2016-11-18,37.0,37.0,10,15
alloc-2016_4448583_KENTUCKY RIDGE-2016-11-19,2016_4448583_KENTUCKY RIDGE,Kentucky Ridge,KY,2016,2016-11-19,2016-11-20,37.0,37.0,12,15
alloc-2016_4448583_KENTUCKY RIDGE-2016-11-21,2016_4448583_KENTUCKY RIDGE,Kentucky Ridge,KY,2016,2016-11-21,2016-11-22,37.0,37.0,14,15
alloc-2016_4450899_CLEAR CREEK-2016-11-25,2016_4450899_CLEAR CREEK,CLEAR CREEK,NC,2016,2016-11-25,2016-11-26,122.0,116.0,4,11
alloc-2016_4450899_CLEAR CREEK-2016-11-26,2016_4450899_CLEAR CREEK,CLEAR CREEK,NC,2016,2016-11-26,2016-11-27,132.0,122.0,5,11
alloc-2016_4450899_CLEAR CREEK-2016-11-27,2016_4450899_CLEAR CREEK,CLEAR CREEK,NC,2016,2016-11-27,2016-11-28,111.0,132.0,6,11
alloc-2016_4450899_CLEAR CREEK-2016-11-28,2016_4450899_CLEAR CREEK,CLEAR CREEK,NC,2016,2016-11-28,2016-11-29,86.0,111.0,7,11
alloc-2016_4450899_CLEAR CREEK-2016-11-29,2016_4450899_CLEAR CREEK,CLEAR CREEK,NC,2016,2016-11-29,2016-11-30,73.0,86.0,8,11
alloc-2016_4450899_CLEAR CREEK-2016-12-01,2016_4450899_CLEAR CREEK,CLEAR CREEK,NC,2016,2016-12-01,2016-12-02,23.0,63.0,10,11
alloc-2016_4451885_COBBLY NOB-2016-12-05,2016_4451885_COBBLY NOB,COBBLY NOB,TN,2016,2016-12-05,2016-12-06,66.0,79.0,4,13
alloc-2016_4451885_COBBLY NOB-2016-12-06,2016_4451885_COBBLY NOB,COBBLY NOB,TN,2016,2016-12-06,2016-12-07,82.0,66.0,5,13
alloc-2016_4451885_COBBLY NOB-2016-12-08,2016_4451885_COBBLY NOB,COBBLY NOB,TN,2016,2016-12-08,2016-12-09,24.0,56.0,7,13
alloc-2016_4451885_COBBLY NOB-2016-12-09,2016_4451885_COBBLY NOB,COBBLY NOB,TN,2016,2016-12-09,2016-12-10,26.0,24.0,8,13
alloc-2016_4451885_COBBLY NOB-2016-12-11,2016_4451885_COBBLY NOB,COBBLY NOB,TN,2016,2016-12-11,2016-12-12,26.0,27.0,10,13
alloc-2016_4451885_COBBLY NOB-2016-12-13,2016_4451885_COBBLY NOB,COBBLY NOB,TN,2016,2016-12-13,2016-12-14,25.0,25.0,12,13
alloc-2016_4452309_CHIMNEY TOPS 2-2016-11-30,2016_4452309_CHIMNEY TOPS 2,CHIMNEY TOPS 2,TN,2016,2016-11-30,2016-12-01,146.0,137.0,4,19
alloc-2016_4452309_CHIMNEY TOPS 2-2016-12-02,2016_4452309_CHIMNEY TOPS 2,CHIMNEY TOPS 2,TN,2016,2016-12-02,2016-12-03,149.0,185.0,6,19
alloc-2016_4452309_CHIMNEY TOPS 2-2016-12-05,2016_4452309_CHIMNEY TOPS 2,CHIMNEY TOPS 2,TN,2016,2016-12-05,2016-12-06,106.0,149.0,9,19
alloc-2016_4452309_CHIMNEY TOPS 2-2016-12-08,2016_4452309_CHIMNEY TOPS 2,CHIMNEY TOPS 2,TN,2016,2016-12-08,2016-12-09,75.0,99.0,12,19
alloc-2016_4452309_CHIMNEY TOPS 2-2016-12-11,2016_4452309_CHIMNEY TOPS 2,CHIMNEY TOPS 2,TN,2016,2016-12-11,2016-12-12,61.0,71.0,15,19
alloc-2016_4452309_CHIMNEY TOPS 2-2016-12-14,2016_4452309_CHIMNEY TOPS 2,CHIMNEY TOPS 2,TN,2016,2016-12-14,2016-12-15,9.0,58.0,18,19
alloc-2016_4454728_CAMP BRANCH-2016-11-27,2016_4454728_CAMP BRANCH,CAMP BRANCH,NC,2016,2016-11-27,2016-11-28,151.0,163.0,4,10
alloc-2016_4454728_CAMP BRANCH-2016-11-28,2016_4454728_CAMP BRANCH,CAMP BRANCH,NC,2016,2016-11-28,2016-11-29,147.0,151.0,5,10
alloc-2016_4454728_CAMP BRANCH-2016-11-29,2016_4454728_CAMP BRANCH,CAMP BRANCH,NC,2016,2016-11-29,2016-11-30,130.0,147.0,6,10
alloc-2016_4454728_CAMP BRANCH-2016-11-30,2016_4454728_CAMP BRANCH,CAMP BRANCH,NC,2016,2016-11-30,2016-12-01,106.0,130.0,7,10
alloc-2016_4454728_CAMP BRANCH-2016-12-01,2016_4454728_CAMP BRANCH,CAMP BRANCH,NC,2016,2016-12-01,2016-12-02,102.0,106.0,8,10
alloc-2016_4454728_CAMP BRANCH-2016-12-02,2016_4454728_CAMP BRANCH,CAMP BRANCH,NC,2016,2016-12-02,2016-12-03,54.0,102.0,9,10
alloc-2016_7357184_MAPLE SPRINGS-2016-11-09,2016_7357184_MAPLE SPRINGS,MAPLE SPRINGS,NC,2016,2016-11-09,2016-11-10,99.0,54.0,4,17
alloc-2016_7357184_MAPLE SPRINGS-2016-11-11,2016_7357184_MAPLE SPRINGS,MAPLE SPRINGS,NC,2016,2016-11-11,2016-11-12,193.0,148.0,6,17
alloc-2016_7357184_MAPLE SPRINGS-2016-11-13,2016_7357184_MAPLE SPRINGS,MAPLE SPRINGS,NC,2016,2016-11-13,2016-11-14,143.0,202.0,8,17
alloc-2016_7357184_MAPLE SPRINGS-2016-11-16,2016_7357184_MAPLE SPRINGS,MAPLE SPRINGS,NC,2016,2016-11-16,2016-11-17,143.0,142.0,11,17
alloc-2016_7357184_MAPLE SPRINGS-2016-11-18,2016_7357184_MAPLE SPRINGS,MAPLE SPRINGS,NC,2016,2016-11-18,2016-11-19,123.0,144.0,13,17
alloc-2016_7357184_MAPLE SPRINGS-2016-11-21,2016_7357184_MAPLE SPRINGS,MAPLE SPRINGS,NC,2016,2016-11-21,2016-11-22,111.0,112.0,16,17
alloc-2017_7129766_ROUND-2017-06-13,2017_7129766_ROUND,Round,NM,2017,2017-06-13,2017-06-14,19.0,18.0,4,10
alloc-2017_7129766_ROUND-2017-06-14,2017_7129766_ROUND,Round,NM,2017,2017-06-14,2017-06-15,24.0,19.0,5,10
alloc-2017_7129766_ROUND-2017-06-15,2017_7129766_ROUND,Round,NM,2017,2017-06-15,2017-06-16,21.0,24.0,6,10
alloc-2017_7129766_ROUND-2017-06-16,2017_7129766_ROUND,Round,NM,2017,2017-06-16,2017-06-17,21.0,21.0,7,10
alloc-2017_7129766_ROUND-2017-06-17,2017_7129766_ROUND,Round,NM,2017,2017-06-17,2017-06-18,21.0,21.0,8,10
alloc-2017_7129766_ROUND-2017-06-18,2017_7129766_ROUND,Round,NM,2017,2017-06-18,2017-06-19,21.0,21.0,9,10
alloc-2017_7132174_MOOSE CREEK 1-2017-09-08,2017_7132174_MOOSE CREEK 1,Moose Creek 1,ID,2017,2017-09-08,2017-09-09,12.0,12.0,4,13
alloc-2017_7132174_MOOSE CREEK 1-2017-09-09,2017_7132174_MOOSE CREEK 1,Moose Creek 1,ID,2017,2017-09-09,2017-09-10,12.0,12.0,5,13
alloc-2017_7132174_MOOSE CREEK 1-2017-09-11,2017_7132174_MOOSE CREEK 1,Moose Creek 1,ID,2017,2017-09-11,2017-09-12,12.0,12.0,7,13
alloc-2017_7132174_MOOSE CREEK 1-2017-09-12,2017_7132174_MOOSE CREEK 1,Moose Creek 1,ID,2017,2017-09-12,2017-09-13,12.0,12.0,8,13
alloc-2017_7132174_MOOSE CREEK 1-2017-09-14,2017_7132174_MOOSE CREEK 1,Moose Creek 1,ID,2017,2017-09-14,2017-09-15,12.0,12.0,10,13
alloc-2017_7132174_MOOSE CREEK 1-2017-09-16,2017_7132174_MOOSE CREEK 1,Moose Creek 1,ID,2017,2017-09-16,2017-09-17,12.0,12.0,12,13
alloc-2017_7133019_WHETSTONE RIDGE-2017-07-19,2017_7133019_WHETSTONE RIDGE,Whetstone Ridge,MT,2017,2017-07-19,2017-07-20,69.0,87.0,4,17
alloc-2017_7133019_WHETSTONE RIDGE-2017-07-21,2017_7133019_WHETSTONE RIDGE,Whetstone Ridge,MT,2017,2017-07-21,2017-07-22,38.0,69.0,6,17
alloc-2017_7133019_WHETSTONE RIDGE-2017-07-23,2017_7133019_WHETSTONE RIDGE,Whetstone Ridge,MT,2017,2017-07-23,2017-07-24,18.0,18.0,8,17
alloc-2017_7133019_WHETSTONE RIDGE-2017-07-26,2017_7133019_WHETSTONE RIDGE,Whetstone Ridge,MT,2017,2017-07-26,2017-07-27,18.0,18.0,11,17
alloc-2017_7133019_WHETSTONE RIDGE-2017-07-28,2017_7133019_WHETSTONE RIDGE,Whetstone Ridge,MT,2017,2017-07-28,2017-07-29,6.0,8.0,13,17
alloc-2017_7133019_WHETSTONE RIDGE-2017-07-31,2017_7133019_WHETSTONE RIDGE,Whetstone Ridge,MT,2017,2017-07-31,2017-08-01,26.0,9.0,16,17
alloc-2017_7135684_MM 155-2017-07-17,2017_7135684_MM 155,MM155,NV,2017,2017-07-17,2017-07-18,164.0,274.0,4,10
alloc-2017_7135684_MM 155-2017-07-18,2017_7135684_MM 155,MM155,NV,2017,2017-07-18,2017-07-19,62.0,164.0,5,10
alloc-2017_7135684_MM 155-2017-07-19,2017_7135684_MM 155,MM155,NV,2017,2017-07-19,2017-07-20,41.0,62.0,6,10
alloc-2017_7135684_MM 155-2017-07-20,2017_7135684_MM 155,MM155,NV,2017,2017-07-20,2017-07-21,41.0,41.0,7,10
alloc-2017_7135684_MM 155-2017-07-21,2017_7135684_MM 155,MM155,NV,2017,2017-07-21,2017-07-22,34.0,41.0,8,10
alloc-2017_7135684_MM 155-2017-07-22,2017_7135684_MM 155,MM155,NV,2017,2017-07-22,2017-07-23,33.0,34.0,9,10
alloc-2017_7136929_WEST MIMS-2017-04-17,2017_7136929_WEST MIMS,WEST MIMS,FL,2017,2017-04-17,2017-04-18,137.0,89.0,4,59
alloc-2017_7136929_WEST MIMS-2017-04-27,2017_7136929_WEST MIMS,WEST MIMS,FL,2017,2017-04-27,2017-04-28,150.0,179.0,14,59
alloc-2017_7136929_WEST MIMS-2017-05-08,2017_7136929_WEST MIMS,WEST MIMS,FL,2017,2017-05-08,2017-05-09,212.0,191.0,25,59
alloc-2017_7136929_WEST MIMS-2017-05-19,2017_7136929_WEST MIMS,WEST MIMS,FL,2017,2017-05-19,2017-05-20,234.0,237.0,36,59
alloc-2017_7136929_WEST MIMS-2017-05-30,2017_7136929_WEST MIMS,WEST MIMS,FL,2017,2017-05-30,2017-05-31,136.0,137.0,47,59
alloc-2017_7136929_WEST MIMS-2017-06-10,2017_7136929_WEST MIMS,WEST MIMS,GA,2017,2017-06-10,2017-06-11,43.0,59.0,58,59
alloc-2017_7142952_NORTH CANE-2017-03-21,2017_7142952_NORTH CANE,North Cane,FL,2017,2017-03-21,2017-03-22,4.0,4.0,4,11
alloc-2017_7142952_NORTH CANE-2017-03-22,2017_7142952_NORTH CANE,North Cane,FL,2017,2017-03-22,2017-03-23,4.0,4.0,5,11
alloc-2017_7142952_NORTH CANE-2017-03-23,2017_7142952_NORTH CANE,North Cane,FL,2017,2017-03-23,2017-03-24,4.0,4.0,6,11
alloc-2017_7142952_NORTH CANE-2017-03-24,2017_7142952_NORTH CANE,North Cane,FL,2017,2017-03-24,2017-03-25,4.0,4.0,7,11
alloc-2017_7142952_NORTH CANE-2017-03-25,2017_7142952_NORTH CANE,North Cane,FL,2017,2017-03-25,2017-03-26,4.0,4.0,8,11
alloc-2017_7142952_NORTH CANE-2017-03-27,2017_7142952_NORTH CANE,North Cane,FL,2017,2017-03-27,2017-03-28,4.0,4.0,10,11
alloc-2017_7143387_PARLIAMENT-2017-03-22,2017_7143387_PARLIAMENT,PARLIAMENT,FL,2017,2017-03-22,2017-03-23,48.0,50.0,4,10
alloc-2017_7143387_PARLIAMENT-2017-03-23,2017_7143387_PARLIAMENT,PARLIAMENT,FL,2017,2017-03-23,2017-03-24,48.0,48.0,5,10
alloc-2017_7143387_PARLIAMENT-2017-03-24,2017_7143387_PARLIAMENT,PARLIAMENT,FL,2017,2017-03-24,2017-03-25,45.0,48.0,6,10
alloc-2017_7143387_PARLIAMENT-2017-03-25,2017_7143387_PARLIAMENT,PARLIAMENT,FL,2017,2017-03-25,2017-03-26,45.0,45.0,7,10
alloc-2017_7143387_PARLIAMENT-2017-03-26,2017_7143387_PARLIAMENT,PARLIAMENT,FL,2017,2017-03-26,2017-03-27,45.0,45.0,8,10
alloc-2017_7143387_PARLIAMENT-2017-03-27,2017_7143387_PARLIAMENT,PARLIAMENT,FL,2017,2017-03-27,2017-03-28,42.0,45.0,9,10
alloc-2017_7148656_SWISSHELMS-2017-07-01,2017_7148656_SWISSHELMS,SWISSHELMS,AZ,2017,2017-07-01,2017-07-02,208.0,205.0,4,12
alloc-2017_7148656_SWISSHELMS-2017-07-02,2017_7148656_SWISSHELMS,SWISSHELMS,AZ,2017,2017-07-02,2017-07-03,208.0,208.0,5,12
alloc-2017_7148656_SWISSHELMS-2017-07-03,2017_7148656_SWISSHELMS,SWISSHELMS,AZ,2017,2017-07-03,2017-07-04,199.0,208.0,6,12
alloc-2017_7148656_SWISSHELMS-2017-07-05,2017_7148656_SWISSHELMS,SWISSHELMS,AZ,2017,2017-07-05,2017-07-06,118.0,199.0,8,12
alloc-2017_7148656_SWISSHELMS-2017-07-06,2017_7148656_SWISSHELMS,SWISSHELMS,AZ,2017,2017-07-06,2017-07-07,100.0,118.0,9,12
alloc-2017_7148656_SWISSHELMS-2017-07-08,2017_7148656_SWISSHELMS,SWISSHELMS,AZ,2017,2017-07-08,2017-07-09,11.0,80.0,11,12
alloc-2017_7149614_CORRAL-2017-06-17,2017_7149614_CORRAL,Corral,NM,2017,2017-06-17,2017-06-18,28.0,28.0,4,16
alloc-2017_7149614_CORRAL-2017-06-19,2017_7149614_CORRAL,Corral,NM,2017,2017-06-19,2017-06-20,35.0,44.0,6,16
alloc-2017_7149614_CORRAL-2017-06-21,2017_7149614_CORRAL,Corral,NM,2017,2017-06-21,2017-06-22,36.0,35.0,8,16
alloc-2017_7149614_CORRAL-2017-06-23,2017_7149614_CORRAL,Corral,NM,2017,2017-06-23,2017-06-24,56.0,56.0,10,16
alloc-2017_7149614_CORRAL-2017-06-25,2017_7149614_CORRAL,Corral,NM,2017,2017-06-25,2017-06-26,43.0,43.0,12,16
alloc-2017_7149614_CORRAL-2017-06-28,2017_7149614_CORRAL,Corral,NM,2017,2017-06-28,2017-06-29,19.0,19.0,15,16
alloc-2017_7151154_NORTH ROBERTSON-2017-06-04,2017_7151154_NORTH ROBERTSON,North Robertson,AK,2017,2017-06-04,2017-06-05,126.0,125.0,4,13
alloc-2017_7151154_NORTH ROBERTSON-2017-06-05,2017_7151154_NORTH ROBERTSON,North Robertson,AK,2017,2017-06-05,2017-06-06,131.0,126.0,5,13
alloc-2017_7151154_NORTH ROBERTSON-2017-06-07,2017_7151154_NORTH ROBERTSON,North Robertson,AK,2017,2017-06-07,2017-06-08,111.0,111.0,7,13
alloc-2017_7151154_NORTH ROBERTSON-2017-06-08,2017_7151154_NORTH ROBERTSON,North Robertson,AK,2017,2017-06-08,2017-06-09,111.0,111.0,8,13
alloc-2017_7151154_NORTH ROBERTSON-2017-06-10,2017_7151154_NORTH ROBERTSON,North Robertson,AK,2017,2017-06-10,2017-06-11,70.0,70.0,10,13
alloc-2017_7151154_NORTH ROBERTSON-2017-06-12,2017_7151154_NORTH ROBERTSON,North Robertson,AK,2017,2017-06-12,2017-06-13,67.0,67.0,12,13
alloc-2017_7151572_SLIM-2017-06-05,2017_7151572_SLIM,Slim,AZ,2017,2017-06-05,2017-06-06,140.0,109.0,4,11
alloc-2017_7151572_SLIM-2017-06-06,2017_7151572_SLIM,Slim,AZ,2017,2017-06-06,2017-06-07,133.0,140.0,5,11
alloc-2017_7151572_SLIM-2017-06-07,2017_7151572_SLIM,Slim,AZ,2017,2017-06-07,2017-06-08,87.0,133.0,6,11
alloc-2017_7151572_SLIM-2017-06-08,2017_7151572_SLIM,Slim,AZ,2017,2017-06-08,2017-06-09,58.0,87.0,7,11
alloc-2017_7151572_SLIM-2017-06-09,2017_7151572_SLIM,Slim,AZ,2017,2017-06-09,2017-06-10,58.0,58.0,8,11
alloc-2017_7151572_SLIM-2017-06-11,2017_7151572_SLIM,Slim,AZ,2017,2017-06-11,2017-06-12,67.0,69.0,10,11
alloc-2017_7151961_BOUNDARY-2017-06-05,2017_7151961_BOUNDARY,Boundary,AZ,2017,2017-06-05,2017-06-06,140.0,69.0,4,15
alloc-2017_7151961_BOUNDARY-2017-06-07,2017_7151961_BOUNDARY,Boundary,AZ,2017,2017-06-07,2017-06-08,200.0,140.0,6,15
alloc-2017_7151961_BOUNDARY-2017-06-09,2017_7151961_BOUNDARY,Boundary,AZ,2017,2017-06-09,2017-06-10,180.0,200.0,8,15
alloc-2017_7151961_BOUNDARY-2017-06-11,2017_7151961_BOUNDARY,Boundary,AZ,2017,2017-06-11,2017-06-12,198.0,214.0,10,15
alloc-2017_7151961_BOUNDARY-2017-06-13,2017_7151961_BOUNDARY,Boundary,AZ,2017,2017-06-13,2017-06-14,195.0,202.0,12,15
alloc-2017_7151961_BOUNDARY-2017-06-15,2017_7151961_BOUNDARY,Boundary,AZ,2017,2017-06-15,2017-06-16,176.0,175.0,14,15
alloc-2017_7151961_BOUNDARY-2017-06-21,2017_7151961_BOUNDARY,Boundary,AZ,2017,2017-06-21,2017-06-22,142.0,143.0,4,16
alloc-2017_7151961_BOUNDARY-2017-06-23,2017_7151961_BOUNDARY,Boundary,AZ,2017,2017-06-23,2017-06-24,115.0,143.0,6,16
alloc-2017_7151961_BOUNDARY-2017-06-25,2017_7151961_BOUNDARY,Boundary,AZ,2017,2017-06-25,2017-06-26,97.0,109.0,8,16
alloc-2017_7151961_BOUNDARY-2017-06-27,2017_7151961_BOUNDARY,Boundary,AZ,2017,2017-06-27,2017-06-28,24.0,39.0,10,16
alloc-2017_7151961_BOUNDARY-2017-06-29,2017_7151961_BOUNDARY,Boundary,AZ,2017,2017-06-29,2017-06-30,24.0,21.0,12,16
alloc-2017_7151961_BOUNDARY-2017-07-02,2017_7151961_BOUNDARY,Boundary,AZ,2017,2017-07-02,2017-07-03,6.0,13.0,15,16
alloc-2017_7155675_NW OKLAHOMA COMPLEX-2017-03-13,2017_7155675_NW OKLAHOMA COMPLEX,NW Oklahoma Complex,OK,2017,2017-03-13,2017-03-14,78.0,73.0,4,12
alloc-2017_7155675_NW OKLAHOMA COMPLEX-2017-03-14,2017_7155675_NW OKLAHOMA COMPLEX,NW Oklahoma Complex,OK,2017,2017-03-14,2017-03-15,86.0,78.0,5,12
alloc-2017_7155675_NW OKLAHOMA COMPLEX-2017-03-15,2017_7155675_NW OKLAHOMA COMPLEX,NW Oklahoma Complex,OK,2017,2017-03-15,2017-03-16,64.0,86.0,6,12
alloc-2017_7155675_NW OKLAHOMA COMPLEX-2017-03-17,2017_7155675_NW OKLAHOMA COMPLEX,NW Oklahoma Complex,OK,2017,2017-03-17,2017-03-18,70.0,66.0,8,12
alloc-2017_7155675_NW OKLAHOMA COMPLEX-2017-03-18,2017_7155675_NW OKLAHOMA COMPLEX,NW Oklahoma Complex,OK,2017,2017-03-18,2017-03-19,68.0,70.0,9,12
alloc-2017_7155675_NW OKLAHOMA COMPLEX-2017-03-20,2017_7155675_NW OKLAHOMA COMPLEX,NW Oklahoma Complex,OK,2017,2017-03-20,2017-03-21,64.0,68.0,11,12
alloc-2017_7160009_COWBELL-2017-04-04,2017_7160009_COWBELL,COWBELL,FL,2017,2017-04-04,2017-04-05,73.0,59.0,4,30
alloc-2017_7160009_COWBELL-2017-04-09,2017_7160009_COWBELL,COWBELL,FL,2017,2017-04-09,2017-04-10,101.0,107.0,9,30
alloc-2017_7160009_COWBELL-2017-04-14,2017_7160009_COWBELL,COWBELL,FL,2017,2017-04-14,2017-04-15,117.0,117.0,14,30
alloc-2017_7160009_COWBELL-2017-04-19,2017_7160009_COWBELL,COWBELL,FL,2017,2017-04-19,2017-04-20,104.0,88.0,19,30
alloc-2017_7160009_COWBELL-2017-04-24,2017_7160009_COWBELL,COWBELL,FL,2017,2017-04-24,2017-04-25,89.0,84.0,24,30
alloc-2017_7160009_COWBELL-2017-04-29,2017_7160009_COWBELL,COWBELL,FL,2017,2017-04-29,2017-04-30,74.0,72.0,29,30
alloc-2017_7161976_GOODWIN-2017-06-28,2017_7161976_GOODWIN,Goodwin,AZ,2017,2017-06-28,2017-06-29,358.0,269.0,4,16
alloc-2017_7161976_GOODWIN-2017-06-30,2017_7161976_GOODWIN,Goodwin,AZ,2017,2017-06-30,2017-07-01,360.0,358.0,6,16
alloc-2017_7161976_GOODWIN-2017-07-02,2017_7161976_GOODWIN,Goodwin,AZ,2017,2017-07-02,2017-07-03,269.0,343.0,8,16
alloc-2017_7161976_GOODWIN-2017-07-04,2017_7161976_GOODWIN,Goodwin,AZ,2017,2017-07-04,2017-07-05,98.0,229.0,10,16
alloc-2017_7161976_GOODWIN-2017-07-06,2017_7161976_GOODWIN,Goodwin,AZ,2017,2017-07-06,2017-07-07,72.0,72.0,12,16
alloc-2017_7161976_GOODWIN-2017-07-09,2017_7161976_GOODWIN,Goodwin,AZ,2017,2017-07-09,2017-07-10,31.0,41.0,15,16
alloc-2017_7165456_LOLO PEAK-2017-07-25,2017_7165456_LOLO PEAK,Lolo Peak,MT,2017,2017-07-25,2017-07-26,121.0,112.0,4,68
alloc-2017_7165456_LOLO PEAK-2017-08-06,2017_7165456_LOLO PEAK,Lolo Peak,MT,2017,2017-08-06,2017-08-07,142.0,148.0,16,68
alloc-2017_7165456_LOLO PEAK-2017-08-19,2017_7165456_LOLO PEAK,Lolo Peak,MT,2017,2017-08-19,2017-08-20,277.0,274.0,29,68
alloc-2017_7165456_LOLO PEAK-2017-08-31,2017_7165456_LOLO PEAK,Lolo Peak,MT,2017,2017-08-31,2017-09-01,171.0,179.0,41,68
alloc-2017_7165456_LOLO PEAK-2017-09-13,2017_7165456_LOLO PEAK,Lolo Peak,MT,2017,2017-09-13,2017-09-14,254.0,263.0,54,68
alloc-2017_7165456_LOLO PEAK-2017-09-26,2017_7165456_LOLO PEAK,Lolo Peak,MT,2017,2017-09-26,2017-09-27,65.0,75.0,67,68
alloc-2017_7168430_BACA-2017-05-26,2017_7168430_BACA,Baca,NM,2017,2017-05-26,2017-05-27,70.0,70.0,4,15
alloc-2017_7168430_BACA-2017-05-28,2017_7168430_BACA,Baca,NM,2017,2017-05-28,2017-05-29,48.0,49.0,6,15
alloc-2017_7168430_BACA-2017-05-30,2017_7168430_BACA,Baca,NM,2017,2017-05-30,2017-05-31,67.0,66.0,8,15
alloc-2017_7168430_BACA-2017-06-01,2017_7168430_BACA,Baca,NM,2017,2017-06-01,2017-06-02,63.0,67.0,10,15
alloc-2017_7168430_BACA-2017-06-03,2017_7168430_BACA,Baca,NM,2017,2017-06-03,2017-06-04,35.0,36.0,12,15
alloc-2017_7168430_BACA-2017-06-05,2017_7168430_BACA,Baca,NM,2017,2017-06-05,2017-06-06,31.0,31.0,14,15
alloc-2017_7173747_BURDETTE-2017-07-25,2017_7173747_BURDETTE,Burdette,MT,2017,2017-07-25,2017-07-26,26.0,46.0,4,22
alloc-2017_7173747_BURDETTE-2017-07-28,2017_7173747_BURDETTE,Burdette,MT,2017,2017-07-28,2017-07-29,29.0,27.0,7,22
alloc-2017_7173747_BURDETTE-2017-07-31,2017_7173747_BURDETTE,Burdette,MT,2017,2017-07-31,2017-08-01,36.0,36.0,10,22
alloc-2017_7173747_BURDETTE-2017-08-04,2017_7173747_BURDETTE,Burdette,MT,2017,2017-08-04,2017-08-05,77.0,78.0,14,22
alloc-2017_7173747_BURDETTE-2017-08-07,2017_7173747_BURDETTE,Burdette,MT,2017,2017-08-07,2017-08-08,16.0,16.0,17,22
alloc-2017_7173747_BURDETTE-2017-08-11,2017_7173747_BURDETTE,Burdette,MT,2017,2017-08-11,2017-08-12,6.0,6.0,21,22
alloc-2017_7177237_HIDDEN-2017-09-08,2017_7177237_HIDDEN,Hidden,ID,2017,2017-09-08,2017-09-09,2.0,2.0,4,12
alloc-2017_7177237_HIDDEN-2017-09-09,2017_7177237_HIDDEN,Hidden,ID,2017,2017-09-09,2017-09-10,2.0,2.0,5,12
alloc-2017_7177237_HIDDEN-2017-09-10,2017_7177237_HIDDEN,Hidden,ID,2017,2017-09-10,2017-09-11,2.0,2.0,6,12
alloc-2017_7177237_HIDDEN-2017-09-12,2017_7177237_HIDDEN,Hidden,ID,2017,2017-09-12,2017-09-13,2.0,2.0,8,12
alloc-2017_7177237_HIDDEN-2017-09-13,2017_7177237_HIDDEN,Hidden,ID,2017,2017-09-13,2017-09-14,2.0,2.0,9,12
alloc-2017_7177237_HIDDEN-2017-09-15,2017_7177237_HIDDEN,Hidden,ID,2017,2017-09-15,2017-09-16,2.0,2.0,11,12
alloc-2017_7177619_BLANKET CREEK-2017-07-30,2017_7177619_BLANKET CREEK,Blanket Creek,OR,2017,2017-07-30,2017-07-31,255.0,208.0,4,18
alloc-2017_7177619_BLANKET CREEK-2017-08-01,2017_7177619_BLANKET CREEK,Blanket Creek,OR,2017,2017-08-01,2017-08-02,276.0,254.0,6,18
alloc-2017_7177619_BLANKET CREEK-2017-08-04,2017_7177619_BLANKET CREEK,Blanket Creek,OR,2017,2017-08-04,2017-08-05,381.0,360.0,9,18
alloc-2017_7177619_BLANKET CREEK-2017-08-06,2017_7177619_BLANKET CREEK,Blanket Creek,OR,2017,2017-08-06,2017-08-07,424.0,380.0,11,18
alloc-2017_7177619_BLANKET CREEK-2017-08-09,2017_7177619_BLANKET CREEK,Blanket Creek,OR,2017,2017-08-09,2017-08-10,428.0,441.0,14,18
alloc-2017_7177619_BLANKET CREEK-2017-08-12,2017_7177619_BLANKET CREEK,Blanket Creek,OR,2017,2017-08-12,2017-08-13,430.0,430.0,17,18
alloc-2017_7180491_PARK CREEK-2017-07-18,2017_7180491_PARK CREEK,Park Creek,MT,2017,2017-07-18,2017-07-19,75.0,73.0,4,68
alloc-2017_7180491_PARK CREEK-2017-07-30,2017_7180491_PARK CREEK,Park Creek,MT,2017,2017-07-30,2017-07-31,133.0,148.0,16,68
alloc-2017_7180491_PARK CREEK-2017-08-12,2017_7180491_PARK CREEK,Park Creek,MT,2017,2017-08-12,2017-08-13,72.0,75.0,29,68
alloc-2017_7180491_PARK CREEK-2017-08-24,2017_7180491_PARK CREEK,Park Creek,MT,2017,2017-08-24,2017-08-25,63.0,66.0,41,68
alloc-2017_7180491_PARK CREEK-2017-09-06,2017_7180491_PARK CREEK,Park Creek,MT,2017,2017-09-06,2017-09-07,48.0,47.0,54,68
alloc-2017_7180491_PARK CREEK-2017-09-19,2017_7180491_PARK CREEK,Park Creek,MT,2017,2017-09-19,2017-09-20,10.0,16.0,67,68
alloc-2017_7182946_MISSOURI-2017-07-19,2017_7182946_MISSOURI,Missouri,ID,2017,2017-07-19,2017-07-20,154.0,134.0,4,23
alloc-2017_7182946_MISSOURI-2017-07-22,2017_7182946_MISSOURI,Missouri,ID,2017,2017-07-22,2017-07-23,177.0,161.0,7,23
alloc-2017_7182946_MISSOURI-2017-07-26,2017_7182946_MISSOURI,Missouri,ID,2017,2017-07-26,2017-07-27,149.0,150.0,11,23
alloc-2017_7182946_MISSOURI-2017-07-29,2017_7182946_MISSOURI,Missouri,ID,2017,2017-07-29,2017-07-30,49.0,124.0,14,23
alloc-2017_7182946_MISSOURI-2017-08-02,2017_7182946_MISSOURI,Missouri,ID,2017,2017-08-02,2017-08-03,30.0,36.0,18,23
alloc-2017_7182946_MISSOURI-2017-08-06,2017_7182946_MISSOURI,Missouri,ID,2017,2017-08-06,2017-08-07,8.0,10.0,22,23
alloc-2017_7184184_CORRAL CREEK-2017-07-18,2017_7184184_CORRAL CREEK,Corral Creek,ID,2017,2017-07-18,2017-07-19,237.0,202.0,4,12
alloc-2017_7184184_CORRAL CREEK-2017-07-19,2017_7184184_CORRAL CREEK,Corral Creek,ID,2017,2017-07-19,2017-07-20,286.0,237.0,5,12
alloc-2017_7184184_CORRAL CREEK-2017-07-20,2017_7184184_CORRAL CREEK,Corral Creek,ID,2017,2017-07-20,2017-07-21,291.0,286.0,6,12
alloc-2017_7184184_CORRAL CREEK-2017-07-22,2017_7184184_CORRAL CREEK,Corral Creek,ID,2017,2017-07-22,2017-07-23,243.0,298.0,8,12
alloc-2017_7184184_CORRAL CREEK-2017-07-23,2017_7184184_CORRAL CREEK,Corral Creek,ID,2017,2017-07-23,2017-07-24,103.0,243.0,9,12
alloc-2017_7184184_CORRAL CREEK-2017-07-25,2017_7184184_CORRAL CREEK,Corral Creek,ID,2017,2017-07-25,2017-07-26,72.0,88.0,11,12
alloc-2017_7184510_NOISY CREEK-2017-07-21,2017_7184510_NOISY CREEK,NOISY CREEK,WA,2017,2017-07-21,2017-07-22,30.0,30.0,4,32
alloc-2017_7184510_NOISY CREEK-2017-07-26,2017_7184510_NOISY CREEK,NOISY CREEK,WA,2017,2017-07-26,2017-07-27,34.0,34.0,9,32
alloc-2017_7184510_NOISY CREEK-2017-07-31,2017_7184510_NOISY CREEK,NOISY CREEK,WA,2017,2017-07-31,2017-08-01,58.0,52.0,14,32
alloc-2017_7184510_NOISY CREEK-2017-08-06,2017_7184510_NOISY CREEK,NOISY CREEK,WA,2017,2017-08-06,2017-08-07,207.0,136.0,20,32
alloc-2017_7184510_NOISY CREEK-2017-08-11,2017_7184510_NOISY CREEK,NOISY CREEK,WA,2017,2017-08-11,2017-08-12,176.0,222.0,25,32
alloc-2017_7184510_NOISY CREEK-2017-08-17,2017_7184510_NOISY CREEK,NOISY CREEK,WA,2017,2017-08-17,2017-08-18,113.0,114.0,31,32
alloc-2017_7187251_POWERLINE-2017-07-19,2017_7187251_POWERLINE,Powerline,ID,2017,2017-07-19,2017-07-20,148.0,140.0,4,14
alloc-2017_7187251_POWERLINE-2017-07-20,2017_7187251_POWERLINE,Powerline,ID,2017,2017-07-20,2017-07-21,150.0,148.0,5,14
alloc-2017_7187251_POWERLINE-2017-07-22,2017_7187251_POWERLINE,Powerline,ID,2017,2017-07-22,2017-07-23,143.0,150.0,7,14
alloc-2017_7187251_POWERLINE-2017-07-24,2017_7187251_POWERLINE,Powerline,ID,2017,2017-07-24,2017-07-25,26.0,89.0,9,14
alloc-2017_7187251_POWERLINE-2017-07-26,2017_7187251_POWERLINE,Powerline,ID,2017,2017-07-26,2017-07-27,53.0,26.0,11,14
alloc-2017_7187251_POWERLINE-2017-07-28,2017_7187251_POWERLINE,Powerline,ID,2017,2017-07-28,2017-07-29,11.0,35.0,13,14
alloc-2017_7187492_DEADMANS SLOUGH-2017-06-12,2017_7187492_DEADMANS SLOUGH,Deadmans Slough,AK,2017,2017-06-12,2017-06-13,96.0,52.0,4,12
alloc-2017_7187492_DEADMANS SLOUGH-2017-06-13,2017_7187492_DEADMANS SLOUGH,Deadmans Slough,AK,2017,2017-06-13,2017-06-14,73.0,96.0,5,12
alloc-2017_7187492_DEADMANS SLOUGH-2017-06-14,2017_7187492_DEADMANS SLOUGH,Deadmans Slough,AK,2017,2017-06-14,2017-06-15,74.0,73.0,6,12
alloc-2017_7187492_DEADMANS SLOUGH-2017-06-16,2017_7187492_DEADMANS SLOUGH,Deadmans Slough,AK,2017,2017-06-16,2017-06-17,50.0,74.0,8,12
alloc-2017_7187492_DEADMANS SLOUGH-2017-06-17,2017_7187492_DEADMANS SLOUGH,Deadmans Slough,AK,2017,2017-06-17,2017-06-18,25.0,50.0,9,12
alloc-2017_7187492_DEADMANS SLOUGH-2017-06-19,2017_7187492_DEADMANS SLOUGH,Deadmans Slough,AK,2017,2017-06-19,2017-06-20,26.0,27.0,11,12
alloc-2017_7188114_MEYERS-2017-07-19,2017_7188114_MEYERS,Meyers,MT,2017,2017-07-19,2017-07-20,31.0,30.0,4,68
alloc-2017_7188114_MEYERS-2017-07-31,2017_7188114_MEYERS,Meyers,MT,2017,2017-07-31,2017-08-01,266.0,244.0,16,68
alloc-2017_7188114_MEYERS-2017-08-13,2017_7188114_MEYERS,Meyers,MT,2017,2017-08-13,2017-08-14,250.0,250.0,29,68
alloc-2017_7188114_MEYERS-2017-08-25,2017_7188114_MEYERS,Meyers,MT,2017,2017-08-25,2017-08-26,151.0,191.0,41,68
alloc-2017_7188114_MEYERS-2017-09-07,2017_7188114_MEYERS,Meyers,MT,2017,2017-09-07,2017-09-08,184.0,179.0,54,68
alloc-2017_7188114_MEYERS-2017-09-20,2017_7188114_MEYERS,Meyers,MT,2017,2017-09-20,2017-09-21,13.0,8.0,67,68
alloc-2017_7191631_DRAW-2017-07-11,2017_7191631_DRAW,Draw,NV,2017,2017-07-11,2017-07-12,222.0,203.0,4,11
alloc-2017_7191631_DRAW-2017-07-12,2017_7191631_DRAW,Draw,NV,2017,2017-07-12,2017-07-13,249.0,222.0,5,11
alloc-2017_7191631_DRAW-2017-07-13,2017_7191631_DRAW,Draw,NV,2017,2017-07-13,2017-07-14,215.0,249.0,6,11
alloc-2017_7191631_DRAW-2017-07-14,2017_7191631_DRAW,Draw,NV,2017,2017-07-14,2017-07-15,215.0,215.0,7,11
alloc-2017_7191631_DRAW-2017-07-15,2017_7191631_DRAW,Draw,NV,2017,2017-07-15,2017-07-16,119.0,215.0,8,11
alloc-2017_7191631_DRAW-2017-07-17,2017_7191631_DRAW,Draw,NV,2017,2017-07-17,2017-07-18,5.0,90.0,10,11
alloc-2017_7192050_ADAIR PEAK-2017-09-06,2017_7192050_ADAIR PEAK,Adair Peak,MT,2017,2017-09-06,2017-09-07,2.0,2.0,4,15
alloc-2017_7192050_ADAIR PEAK-2017-09-08,2017_7192050_ADAIR PEAK,Adair Peak,MT,2017,2017-09-08,2017-09-09,4.0,2.0,6,15
alloc-2017_7192050_ADAIR PEAK-2017-09-10,2017_7192050_ADAIR PEAK,Adair Peak,MT,2017,2017-09-10,2017-09-11,3.0,3.0,8,15
alloc-2017_7192050_ADAIR PEAK-2017-09-12,2017_7192050_ADAIR PEAK,Adair Peak,MT,2017,2017-09-12,2017-09-13,4.0,3.0,10,15
alloc-2017_7192050_ADAIR PEAK-2017-09-14,2017_7192050_ADAIR PEAK,Adair Peak,MT,2017,2017-09-14,2017-09-15,4.0,4.0,12,15
alloc-2017_7192050_ADAIR PEAK-2017-09-16,2017_7192050_ADAIR PEAK,Adair Peak,MT,2017,2017-09-16,2017-09-17,4.0,4.0,14,15
alloc-2017_7194593_HIGHWAY 200 COMPLEX-2017-09-04,2017_7194593_HIGHWAY 200 COMPLEX,Highway 200 Complex,MT,2017,2017-09-04,2017-09-05,146.0,129.0,4,29
alloc-2017_7194593_HIGHWAY 200 COMPLEX-2017-09-08,2017_7194593_HIGHWAY 200 COMPLEX,Highway 200 Complex,MT,2017,2017-09-08,2017-09-09,111.0,103.0,8,29
alloc-2017_7194593_HIGHWAY 200 COMPLEX-2017-09-13,2017_7194593_HIGHWAY 200 COMPLEX,Highway 200 Complex,MT,2017,2017-09-13,2017-09-14,94.0,100.0,13,29
alloc-2017_7194593_HIGHWAY 200 COMPLEX-2017-09-18,2017_7194593_HIGHWAY 200 COMPLEX,Highway 200 Complex,MT,2017,2017-09-18,2017-09-19,148.0,170.0,18,29
alloc-2017_7194593_HIGHWAY 200 COMPLEX-2017-09-23,2017_7194593_HIGHWAY 200 COMPLEX,Highway 200 Complex,MT,2017,2017-09-23,2017-09-24,72.0,88.0,23,29
alloc-2017_7194593_HIGHWAY 200 COMPLEX-2017-09-28,2017_7194593_HIGHWAY 200 COMPLEX,Highway 200 Complex,MT,2017,2017-09-28,2017-09-29,28.0,28.0,28,29
alloc-2017_7195843_CINDER BUTTE-2017-08-06,2017_7195843_CINDER BUTTE,Cinder Butte,OR,2017,2017-08-06,2017-08-07,373.0,388.0,4,10
alloc-2017_7195843_CINDER BUTTE-2017-08-07,2017_7195843_CINDER BUTTE,Cinder Butte,OR,2017,2017-08-07,2017-08-08,291.0,373.0,5,10
alloc-2017_7195843_CINDER BUTTE-2017-08-08,2017_7195843_CINDER BUTTE,Cinder Butte,OR,2017,2017-08-08,2017-08-09,218.0,291.0,6,10
alloc-2017_7195843_CINDER BUTTE-2017-08-09,2017_7195843_CINDER BUTTE,Cinder Butte,OR,2017,2017-08-09,2017-08-10,213.0,218.0,7,10
alloc-2017_7195843_CINDER BUTTE-2017-08-10,2017_7195843_CINDER BUTTE,Cinder Butte,OR,2017,2017-08-10,2017-08-11,156.0,213.0,8,10
alloc-2017_7195843_CINDER BUTTE-2017-08-11,2017_7195843_CINDER BUTTE,Cinder Butte,OR,2017,2017-08-11,2017-08-12,57.0,156.0,9,10
alloc-2017_7205992_HILLTOP-2017-07-02,2017_7205992_HILLTOP,Hilltop,AZ,2017,2017-07-02,2017-07-03,141.0,119.0,4,14
alloc-2017_7205992_HILLTOP-2017-07-03,2017_7205992_HILLTOP,Hilltop,AZ,2017,2017-07-03,2017-07-04,178.0,141.0,5,14
alloc-2017_7205992_HILLTOP-2017-07-05,2017_7205992_HILLTOP,Hilltop,AZ,2017,2017-07-05,2017-07-06,204.0,205.0,7,14
alloc-2017_7205992_HILLTOP-2017-07-07,2017_7205992_HILLTOP,Hilltop,AZ,2017,2017-07-07,2017-07-08,191.0,204.0,9,14
alloc-2017_7205992_HILLTOP-2017-07-09,2017_7205992_HILLTOP,Hilltop,AZ,2017,2017-07-09,2017-07-10,135.0,194.0,11,14
alloc-2017_7205992_HILLTOP-2017-07-11,2017_7205992_HILLTOP,Hilltop,AZ,2017,2017-07-11,2017-07-12,64.0,118.0,13,14
alloc-2017_7207857_KERR-2017-05-04,2017_7207857_KERR,Kerr,NM,2017,2017-05-04,2017-05-05,26.0,26.0,4,11
alloc-2017_7207857_KERR-2017-05-05,2017_7207857_KERR,Kerr,NM,2017,2017-05-05,2017-05-06,52.0,26.0,5,11
alloc-2017_7207857_KERR-2017-05-06,2017_7207857_KERR,Kerr,NM,2017,2017-05-06,2017-05-07,52.0,52.0,6,11
alloc-2017_7207857_KERR-2017-05-07,2017_7207857_KERR,Kerr,NM,2017,2017-05-07,2017-05-08,33.0,52.0,7,11
alloc-2017_7207857_KERR-2017-05-08,2017_7207857_KERR,Kerr,NM,2017,2017-05-08,2017-05-09,33.0,33.0,8,11
alloc-2017_7207857_KERR-2017-05-10,2017_7207857_KERR,Kerr,NM,2017,2017-05-10,2017-05-11,18.0,33.0,10,11
alloc-2017_7207857_KERR-2017-05-17,2017_7207857_KERR,Kerr,NM,2017,2017-05-17,2017-05-18,34.0,34.0,4,14
alloc-2017_7207857_KERR-2017-05-18,2017_7207857_KERR,Kerr,NM,2017,2017-05-18,2017-05-19,34.0,34.0,5,14
alloc-2017_7207857_KERR-2017-05-20,2017_7207857_KERR,Kerr,NM,2017,2017-05-20,2017-05-21,34.0,34.0,7,14
alloc-2017_7207857_KERR-2017-05-22,2017_7207857_KERR,Kerr,NM,2017,2017-05-22,2017-05-23,34.0,34.0,9,14
alloc-2017_7207857_KERR-2017-05-24,2017_7207857_KERR,Kerr,NM,2017,2017-05-24,2017-05-25,28.0,34.0,11,14
alloc-2017_7207857_KERR-2017-05-26,2017_7207857_KERR,Kerr,NM,2017,2017-05-26,2017-05-27,30.0,30.0,13,14
alloc-2017_7208972_DFPA HORSE PRAIRIE-2017-08-30,2017_7208972_DFPA HORSE PRAIRIE,Horse Prairie,OR,2017,2017-08-30,2017-08-31,341.0,376.0,4,28
alloc-2017_7208972_DFPA HORSE PRAIRIE-2017-09-03,2017_7208972_DFPA HORSE PRAIRIE,Horse Prairie,OR,2017,2017-09-03,2017-09-04,458.0,458.0,8,28
alloc-2017_7208972_DFPA HORSE PRAIRIE-2017-09-08,2017_7208972_DFPA HORSE PRAIRIE,Horse Prairie,OR,2017,2017-09-08,2017-09-09,216.0,401.0,13,28
alloc-2017_7208972_DFPA HORSE PRAIRIE-2017-09-12,2017_7208972_DFPA HORSE PRAIRIE,Horse Prairie,OR,2017,2017-09-12,2017-09-13,109.0,157.0,17,28
alloc-2017_7208972_DFPA HORSE PRAIRIE-2017-09-17,2017_7208972_DFPA HORSE PRAIRIE,Horse Prairie,OR,2017,2017-09-17,2017-09-18,15.0,22.0,22,28
alloc-2017_7208972_DFPA HORSE PRAIRIE-2017-09-22,2017_7208972_DFPA HORSE PRAIRIE,Horse Prairie,OR,2017,2017-09-22,2017-09-23,11.0,11.0,27,28
alloc-2017_7216628_DIAMOND CREEK-2017-07-31,2017_7216628_DIAMOND CREEK,DIAMOND CREEK,WA,2017,2017-07-31,2017-08-01,47.0,46.0,4,27
alloc-2017_7216628_DIAMOND CREEK-2017-08-04,2017_7216628_DIAMOND CREEK,DIAMOND CREEK,WA,2017,2017-08-04,2017-08-05,84.0,79.0,8,27
alloc-2017_7216628_DIAMOND CREEK-2017-08-08,2017_7216628_DIAMOND CREEK,DIAMOND CREEK,WA,2017,2017-08-08,2017-08-09,61.0,99.0,12,27
alloc-2017_7216628_DIAMOND CREEK-2017-08-13,2017_7216628_DIAMOND CREEK,DIAMOND CREEK,WA,2017,2017-08-13,2017-08-14,140.0,146.0,17,27
alloc-2017_7216628_DIAMOND CREEK-2017-08-17,2017_7216628_DIAMOND CREEK,DIAMOND CREEK,WA,2017,2017-08-17,2017-08-18,240.0,201.0,21,27
alloc-2017_7216628_DIAMOND CREEK-2017-08-22,2017_7216628_DIAMOND CREEK,DIAMOND CREEK,WA,2017,2017-08-22,2017-08-23,150.0,211.0,26,27
alloc-2017_7216628_DIAMOND CREEK-2017-09-08,2017_7216628_DIAMOND CREEK,DIAMOND CREEK,WA,2017,2017-09-08,2017-09-09,20.0,7.0,4,24
alloc-2017_7216628_DIAMOND CREEK-2017-09-11,2017_7216628_DIAMOND CREEK,DIAMOND CREEK,WA,2017,2017-09-11,2017-09-12,34.0,32.0,7,24
alloc-2017_7216628_DIAMOND CREEK-2017-09-15,2017_7216628_DIAMOND CREEK,DIAMOND CREEK,WA,2017,2017-09-15,2017-09-16,170.0,129.0,11,24
alloc-2017_7216628_DIAMOND CREEK-2017-09-19,2017_7216628_DIAMOND CREEK,DIAMOND CREEK,WA,2017,2017-09-19,2017-09-20,135.0,140.0,15,24
alloc-2017_7216628_DIAMOND CREEK-2017-09-23,2017_7216628_DIAMOND CREEK,DIAMOND CREEK,WA,2017,2017-09-23,2017-09-24,144.0,111.0,19,24
alloc-2017_7216628_DIAMOND CREEK-2017-09-27,2017_7216628_DIAMOND CREEK,DIAMOND CREEK,WA,2017,2017-09-27,2017-09-28,8.0,17.0,23,24
alloc-2017_7222398_NORTH-2017-10-13,2017_7222398_NORTH,North,WV,2017,2017-10-13,2017-10-14,41.0,41.0,4,10
alloc-2017_7222398_NORTH-2017-10-14,2017_7222398_NORTH,North,WV,2017,2017-10-14,2017-10-15,42.0,41.0,5,10
alloc-2017_7222398_NORTH-2017-10-15,2017_7222398_NORTH,North,WV,2017,2017-10-15,2017-10-16,29.0,42.0,6,10
alloc-2017_7222398_NORTH-2017-10-16,2017_7222398_NORTH,North,WV,2017,2017-10-16,2017-10-17,29.0,29.0,7,10
alloc-2017_7222398_NORTH-2017-10-17,2017_7222398_NORTH,North,WV,2017,2017-10-17,2017-10-18,29.0,29.0,8,10
alloc-2017_7222398_NORTH-2017-10-18,2017_7222398_NORTH,North,WV,2017,2017-10-18,2017-10-19,20.0,29.0,9,10
alloc-2017_7223505_STRYCHNINE-2017-09-06,2017_7223505_STRYCHNINE,Strychnine,ID,2017,2017-09-06,2017-09-07,128.0,90.0,4,10
alloc-2017_7223505_STRYCHNINE-2017-09-07,2017_7223505_STRYCHNINE,Strychnine,ID,2017,2017-09-07,2017-09-08,128.0,128.0,5,10
alloc-2017_7223505_STRYCHNINE-2017-09-08,2017_7223505_STRYCHNINE,Strychnine,ID,2017,2017-09-08,2017-09-09,127.0,128.0,6,10
alloc-2017_7223505_STRYCHNINE-2017-09-09,2017_7223505_STRYCHNINE,Strychnine,ID,2017,2017-09-09,2017-09-10,120.0,127.0,7,10
alloc-2017_7223505_STRYCHNINE-2017-09-10,2017_7223505_STRYCHNINE,Strychnine,ID,2017,2017-09-10,2017-09-11,120.0,120.0,8,10
alloc-2017_7223505_STRYCHNINE-2017-09-11,2017_7223505_STRYCHNINE,Strychnine,ID,2017,2017-09-11,2017-09-12,102.0,120.0,9,10
alloc-2017_7223776_GUTZLER-2017-07-05,2017_7223776_GUTZLER,Gutzler,CO,2017,2017-07-05,2017-07-06,101.0,83.0,4,25
alloc-2017_7223776_GUTZLER-2017-07-09,2017_7223776_GUTZLER,Gutzler,CO,2017,2017-07-09,2017-07-10,37.0,60.0,8,25
alloc-2017_7223776_GUTZLER-2017-07-13,2017_7223776_GUTZLER,Gutzler,CO,2017,2017-07-13,2017-07-14,14.0,16.0,12,25
alloc-2017_7223776_GUTZLER-2017-07-17,2017_7223776_GUTZLER,Gutzler,CO,2017,2017-07-17,2017-07-18,13.0,13.0,16,25
alloc-2017_7223776_GUTZLER-2017-07-21,2017_7223776_GUTZLER,Gutzler,CO,2017,2017-07-21,2017-07-22,20.0,13.0,20,25
alloc-2017_7223776_GUTZLER-2017-07-25,2017_7223776_GUTZLER,Gutzler,CO,2017,2017-07-25,2017-07-26,7.0,7.0,24,25
alloc-2017_7225433_BOULDER CREEK-2017-07-06,2017_7225433_BOULDER CREEK,Boulder Creek,AK,2017,2017-07-06,2017-07-07,22.0,22.0,4,17
alloc-2017_7225433_BOULDER CREEK-2017-07-08,2017_7225433_BOULDER CREEK,Boulder Creek,AK,2017,2017-07-08,2017-07-09,50.0,30.0,6,17
alloc-2017_7225433_BOULDER CREEK-2017-07-10,2017_7225433_BOULDER CREEK,Boulder Creek,AK,2017,2017-07-10,2017-07-11,67.0,50.0,8,17
alloc-2017_7225433_BOULDER CREEK-2017-07-13,2017_7225433_BOULDER CREEK,Boulder Creek,AK,2017,2017-07-13,2017-07-14,67.0,68.0,11,17
alloc-2017_7225433_BOULDER CREEK-2017-07-15,2017_7225433_BOULDER CREEK,Boulder Creek,AK,2017,2017-07-15,2017-07-16,43.0,42.0,13,17
alloc-2017_7225433_BOULDER CREEK-2017-07-18,2017_7225433_BOULDER CREEK,Boulder Creek,AK,2017,2017-07-18,2017-07-19,4.0,2.0,16,17
alloc-2017_7228286_SAPPHIRE COMPLEX-2017-07-27,2017_7228286_SAPPHIRE COMPLEX,Sapphire Complex,MT,2017,2017-07-27,2017-07-28,201.0,184.0,4,59
alloc-2017_7228286_SAPPHIRE COMPLEX-2017-08-06,2017_7228286_SAPPHIRE COMPLEX,Sapphire Complex,MT,2017,2017-08-06,2017-08-07,293.0,283.0,14,59
alloc-2017_7228286_SAPPHIRE COMPLEX-2017-08-17,2017_7228286_SAPPHIRE COMPLEX,Sapphire Complex,MT,2017,2017-08-17,2017-08-18,265.0,254.0,25,59
alloc-2017_7228286_SAPPHIRE COMPLEX-2017-08-28,2017_7228286_SAPPHIRE COMPLEX,Sapphire Complex,MT,2017,2017-08-28,2017-08-29,201.0,225.0,36,59
alloc-2017_7228286_SAPPHIRE COMPLEX-2017-09-08,2017_7228286_SAPPHIRE COMPLEX,Sapphire Complex,MT,2017,2017-09-08,2017-09-09,158.0,158.0,47,59
alloc-2017_7228286_SAPPHIRE COMPLEX-2017-09-19,2017_7228286_SAPPHIRE COMPLEX,Sapphire Complex,MT,2017,2017-09-19,2017-09-20,49.0,48.0,58,59
alloc-2017_7231210_WHITEWATER-2017-07-30,2017_7231210_WHITEWATER,Whitewater,OR,2017,2017-07-30,2017-07-31,119.0,117.0,4,71
alloc-2017_7231210_WHITEWATER-2017-08-12,2017_7231210_WHITEWATER,Whitewater,OR,2017,2017-08-12,2017-08-13,310.0,333.0,17,71
alloc-2017_7231210_WHITEWATER-2017-08-25,2017_7231210_WHITEWATER,Whitewater,OR,2017,2017-08-25,2017-08-26,464.0,452.0,30,71
alloc-2017_7231210_WHITEWATER-2017-09-07,2017_7231210_WHITEWATER,Whitewater,OR,2017,2017-09-07,2017-09-08,190.0,171.0,43,71
alloc-2017_7231210_WHITEWATER-2017-09-20,2017_7231210_WHITEWATER,Whitewater,OR,2017,2017-09-20,2017-09-21,246.0,269.0,56,71
alloc-2017_7231210_WHITEWATER-2017-10-04,2017_7231210_WHITEWATER,Whitewater,OR,2017,2017-10-04,2017-10-05,38.0,38.0,70,71
alloc-2017_7234203_INDIAN CREEK-2017-08-01,2017_7234203_INDIAN CREEK,Indian Creek,OR,2017,2017-08-01,2017-08-02,31.0,33.0,4,39
alloc-2017_7234203_INDIAN CREEK-2017-08-07,2017_7234203_INDIAN CREEK,Indian Creek,OR,2017,2017-08-07,2017-08-08,38.0,38.0,10,39
alloc-2017_7234203_INDIAN CREEK-2017-08-14,2017_7234203_INDIAN CREEK,Indian Creek,OR,2017,2017-08-14,2017-08-15,26.0,26.0,17,39
alloc-2017_7234203_INDIAN CREEK-2017-08-21,2017_7234203_INDIAN CREEK,Indian Creek,OR,2017,2017-08-21,2017-08-22,17.0,18.0,24,39
alloc-2017_7234203_INDIAN CREEK-2017-08-28,2017_7234203_INDIAN CREEK,Indian Creek,OR,2017,2017-08-28,2017-08-29,30.0,30.0,31,39
alloc-2017_7234203_INDIAN CREEK-2017-09-04,2017_7234203_INDIAN CREEK,Indian Creek,OR,2017,2017-09-04,2017-09-05,30.0,30.0,38,39
alloc-2017_7235324_RICE RIDGE-2017-07-30,2017_7235324_RICE RIDGE,Rice Ridge,MT,2017,2017-07-30,2017-07-31,72.0,72.0,4,69
alloc-2017_7235324_RICE RIDGE-2017-08-11,2017_7235324_RICE RIDGE,Rice Ridge,MT,2017,2017-08-11,2017-08-12,227.0,227.0,16,69
alloc-2017_7235324_RICE RIDGE-2017-08-24,2017_7235324_RICE RIDGE,Rice Ridge,MT,2017,2017-08-24,2017-08-25,191.0,198.0,29,69
alloc-2017_7235324_RICE RIDGE-2017-09-06,2017_7235324_RICE RIDGE,Rice Ridge,MT,2017,2017-09-06,2017-09-07,328.0,294.0,42,69
alloc-2017_7235324_RICE RIDGE-2017-09-19,2017_7235324_RICE RIDGE,Rice Ridge,MT,2017,2017-09-19,2017-09-20,156.0,161.0,55,69
alloc-2017_7235324_RICE RIDGE-2017-10-02,2017_7235324_RICE RIDGE,Rice Ridge,MT,2017,2017-10-02,2017-10-03,26.0,36.0,68,69
alloc-2017_7238386_IBEX-2017-08-11,2017_7238386_IBEX,IBEX,ID,2017,2017-08-11,2017-08-12,33.0,33.0,4,10
alloc-2017_7238386_IBEX-2017-08-12,2017_7238386_IBEX,IBEX,ID,2017,2017-08-12,2017-08-13,33.0,33.0,5,10
alloc-2017_7238386_IBEX-2017-08-13,2017_7238386_IBEX,IBEX,ID,2017,2017-08-13,2017-08-14,33.0,33.0,6,10
alloc-2017_7238386_IBEX-2017-08-14,2017_7238386_IBEX,IBEX,ID,2017,2017-08-14,2017-08-15,33.0,33.0,7,10
alloc-2017_7238386_IBEX-2017-08-15,2017_7238386_IBEX,IBEX,ID,2017,2017-08-15,2017-08-16,33.0,33.0,8,10
alloc-2017_7238386_IBEX-2017-08-16,2017_7238386_IBEX,IBEX,ID,2017,2017-08-16,2017-08-17,33.0,33.0,9,10
alloc-2017_7238386_IBEX-2017-08-22,2017_7238386_IBEX,IBEX,ID,2017,2017-08-22,2017-08-23,48.0,48.0,4,24
alloc-2017_7238386_IBEX-2017-08-25,2017_7238386_IBEX,IBEX,ID,2017,2017-08-25,2017-08-26,48.0,48.0,7,24
alloc-2017_7238386_IBEX-2017-08-29,2017_7238386_IBEX,IBEX,ID,2017,2017-08-29,2017-08-30,28.0,28.0,11,24
alloc-2017_7238386_IBEX-2017-09-02,2017_7238386_IBEX,IBEX,ID,2017,2017-09-02,2017-09-03,32.0,29.0,15,24
alloc-2017_7238386_IBEX-2017-09-06,2017_7238386_IBEX,IBEX,ID,2017,2017-09-06,2017-09-07,44.0,44.0,19,24
alloc-2017_7238386_IBEX-2017-09-10,2017_7238386_IBEX,IBEX,ID,2017,2017-09-10,2017-09-11,15.0,19.0,23,24
alloc-2017_7242858_BONITA-2017-06-09,2017_7242858_BONITA,Bonita,NM,2017,2017-06-09,2017-06-10,98.0,93.0,4,12
alloc-2017_7242858_BONITA-2017-06-10,2017_7242858_BONITA,Bonita,NM,2017,2017-06-10,2017-06-11,132.0,98.0,5,12
alloc-2017_7242858_BONITA-2017-06-11,2017_7242858_BONITA,Bonita,NM,2017,2017-06-11,2017-06-12,132.0,132.0,6,12
alloc-2017_7242858_BONITA-2017-06-13,2017_7242858_BONITA,Bonita,NM,2017,2017-06-13,2017-06-14,150.0,150.0,8,12
alloc-2017_7242858_BONITA-2017-06-14,2017_7242858_BONITA,Bonita,NM,2017,2017-06-14,2017-06-15,150.0,150.0,9,12
alloc-2017_7242858_BONITA-2017-06-16,2017_7242858_BONITA,Bonita,NM,2017,2017-06-16,2017-06-17,178.0,151.0,11,12
alloc-2017_7245168_PITKA FORK-2017-06-09,2017_7245168_PITKA FORK,Pitka Fork,AK,2017,2017-06-09,2017-06-10,36.0,36.0,4,11
alloc-2017_7245168_PITKA FORK-2017-06-10,2017_7245168_PITKA FORK,Pitka Fork,AK,2017,2017-06-10,2017-06-11,33.0,36.0,5,11
alloc-2017_7245168_PITKA FORK-2017-06-11,2017_7245168_PITKA FORK,Pitka Fork,AK,2017,2017-06-11,2017-06-12,33.0,33.0,6,11
alloc-2017_7245168_PITKA FORK-2017-06-12,2017_7245168_PITKA FORK,Pitka Fork,AK,2017,2017-06-12,2017-06-13,34.0,33.0,7,11
alloc-2017_7245168_PITKA FORK-2017-06-13,2017_7245168_PITKA FORK,Pitka Fork,AK,2017,2017-06-13,2017-06-14,33.0,34.0,8,11
alloc-2017_7245168_PITKA FORK-2017-06-15,2017_7245168_PITKA FORK,Pitka Fork,AK,2017,2017-06-15,2017-06-16,8.0,33.0,10,11
alloc-2017_7245550_GREEN RIDGE COMPLEX-2017-09-07,2017_7245550_GREEN RIDGE COMPLEX,Green Ridge Complex,ID,2017,2017-09-07,2017-09-08,3.0,4.0,4,16
alloc-2017_7245550_GREEN RIDGE COMPLEX-2017-09-09,2017_7245550_GREEN RIDGE COMPLEX,Green Ridge Complex,ID,2017,2017-09-09,2017-09-10,1.0,1.0,6,16
alloc-2017_7245550_GREEN RIDGE COMPLEX-2017-09-11,2017_7245550_GREEN RIDGE COMPLEX,Green Ridge Complex,ID,2017,2017-09-11,2017-09-12,1.0,1.0,8,16
alloc-2017_7245550_GREEN RIDGE COMPLEX-2017-09-13,2017_7245550_GREEN RIDGE COMPLEX,Green Ridge Complex,ID,2017,2017-09-13,2017-09-14,1.0,1.0,10,16
alloc-2017_7245550_GREEN RIDGE COMPLEX-2017-09-15,2017_7245550_GREEN RIDGE COMPLEX,Green Ridge Complex,ID,2017,2017-09-15,2017-09-16,1.0,1.0,12,16
alloc-2017_7245550_GREEN RIDGE COMPLEX-2017-09-18,2017_7245550_GREEN RIDGE COMPLEX,Green Ridge Complex,ID,2017,2017-09-18,2017-09-19,1.0,1.0,15,16
alloc-2017_7245909_BELL CREEK-2017-06-10,2017_7245909_BELL CREEK,Bell Creek,AK,2017,2017-06-10,2017-06-11,51.0,50.0,4,18
alloc-2017_7245909_BELL CREEK-2017-06-12,2017_7245909_BELL CREEK,Bell Creek,AK,2017,2017-06-12,2017-06-13,51.0,51.0,6,18
alloc-2017_7245909_BELL CREEK-2017-06-15,2017_7245909_BELL CREEK,Bell Creek,AK,2017,2017-06-15,2017-06-16,47.0,48.0,9,18
alloc-2017_7245909_BELL CREEK-2017-06-17,2017_7245909_BELL CREEK,Bell Creek,AK,2017,2017-06-17,2017-06-18,28.0,49.0,11,18
alloc-2017_7245909_BELL CREEK-2017-06-20,2017_7245909_BELL CREEK,Bell Creek,AK,2017,2017-06-20,2017-06-21,30.0,26.0,14,18
alloc-2017_7245909_BELL CREEK-2017-06-23,2017_7245909_BELL CREEK,Bell Creek,AK,2017,2017-06-23,2017-06-24,7.0,7.0,17,18
alloc-2017_7246480_CONROW-2017-08-28,2017_7246480_CONROW,Conrow,MT,2017,2017-08-28,2017-08-29,96.0,95.0,4,10
alloc-2017_7246480_CONROW-2017-08-29,2017_7246480_CONROW,Conrow,MT,2017,2017-08-29,2017-08-30,118.0,96.0,5,10
alloc-2017_7246480_CONROW-2017-08-30,2017_7246480_CONROW,Conrow,MT,2017,2017-08-30,2017-08-31,118.0,118.0,6,10
alloc-2017_7246480_CONROW-2017-08-31,2017_7246480_CONROW,Conrow,MT,2017,2017-08-31,2017-09-01,96.0,118.0,7,10
alloc-2017_7246480_CONROW-2017-09-01,2017_7246480_CONROW,Conrow,MT,2017,2017-09-01,2017-09-02,80.0,96.0,8,10
alloc-2017_7246480_CONROW-2017-09-02,2017_7246480_CONROW,Conrow,MT,2017,2017-09-02,2017-09-03,28.0,80.0,9,10
alloc-2017_7247578_DEEP CREEK-2017-09-08,2017_7247578_DEEP CREEK,DEEP CREEK,CO,2017,2017-09-08,2017-09-09,127.0,124.0,4,10
alloc-2017_7247578_DEEP CREEK-2017-09-09,2017_7247578_DEEP CREEK,DEEP CREEK,CO,2017,2017-09-09,2017-09-10,130.0,127.0,5,10
alloc-2017_7247578_DEEP CREEK-2017-09-10,2017_7247578_DEEP CREEK,DEEP CREEK,CO,2017,2017-09-10,2017-09-11,102.0,130.0,6,10
alloc-2017_7247578_DEEP CREEK-2017-09-11,2017_7247578_DEEP CREEK,DEEP CREEK,CO,2017,2017-09-11,2017-09-12,76.0,102.0,7,10
alloc-2017_7247578_DEEP CREEK-2017-09-12,2017_7247578_DEEP CREEK,DEEP CREEK,CO,2017,2017-09-12,2017-09-13,36.0,76.0,8,10
alloc-2017_7247578_DEEP CREEK-2017-09-13,2017_7247578_DEEP CREEK,DEEP CREEK,CO,2017,2017-09-13,2017-09-14,34.0,36.0,9,10
alloc-2017_7248484_COOLWATER COMPLEX-2017-09-10,2017_7248484_COOLWATER COMPLEX,Coolwater Complex,ID,2017,2017-09-10,2017-09-11,61.0,58.0,4,14
alloc-2017_7248484_COOLWATER COMPLEX-2017-09-11,2017_7248484_COOLWATER COMPLEX,Coolwater Complex,ID,2017,2017-09-11,2017-09-12,48.0,61.0,5,14
alloc-2017_7248484_COOLWATER COMPLEX-2017-09-13,2017_7248484_COOLWATER COMPLEX,Coolwater Complex,ID,2017,2017-09-13,2017-09-14,40.0,34.0,7,14
alloc-2017_7248484_COOLWATER COMPLEX-2017-09-15,2017_7248484_COOLWATER COMPLEX,Coolwater Complex,ID,2017,2017-09-15,2017-09-16,37.0,44.0,9,14
alloc-2017_7248484_COOLWATER COMPLEX-2017-09-17,2017_7248484_COOLWATER COMPLEX,Coolwater Complex,ID,2017,2017-09-17,2017-09-18,47.0,48.0,11,14
alloc-2017_7248484_COOLWATER COMPLEX-2017-09-19,2017_7248484_COOLWATER COMPLEX,Coolwater Complex,ID,2017,2017-09-19,2017-09-20,47.0,47.0,13,14
alloc-2017_7249150_STRAWBERRY-2017-09-13,2017_7249150_STRAWBERRY,Strawberry,MT,2017,2017-09-13,2017-09-14,55.0,73.0,4,10
alloc-2017_7249150_STRAWBERRY-2017-09-14,2017_7249150_STRAWBERRY,Strawberry,MT,2017,2017-09-14,2017-09-15,52.0,55.0,5,10
alloc-2017_7249150_STRAWBERRY-2017-09-15,2017_7249150_STRAWBERRY,Strawberry,MT,2017,2017-09-15,2017-09-16,64.0,52.0,6,10
alloc-2017_7249150_STRAWBERRY-2017-09-16,2017_7249150_STRAWBERRY,Strawberry,MT,2017,2017-09-16,2017-09-17,60.0,64.0,7,10
alloc-2017_7249150_STRAWBERRY-2017-09-17,2017_7249150_STRAWBERRY,Strawberry,MT,2017,2017-09-17,2017-09-18,55.0,60.0,8,10
alloc-2017_7249150_STRAWBERRY-2017-09-18,2017_7249150_STRAWBERRY,Strawberry,MT,2017,2017-09-18,2017-09-19,31.0,55.0,9,10
alloc-2017_7250173_UNO PEAK-2017-09-03,2017_7250173_UNO PEAK,UNO PEAK,WA,2017,2017-09-03,2017-09-04,118.0,108.0,4,21
alloc-2017_7250173_UNO PEAK-2017-09-06,2017_7250173_UNO PEAK,UNO PEAK,WA,2017,2017-09-06,2017-09-07,167.0,160.0,7,21
alloc-2017_7250173_UNO PEAK-2017-09-09,2017_7250173_UNO PEAK,UNO PEAK,WA,2017,2017-09-09,2017-09-10,169.0,169.0,10,21
alloc-2017_7250173_UNO PEAK-2017-09-12,2017_7250173_UNO PEAK,UNO PEAK,WA,2017,2017-09-12,2017-09-13,158.0,205.0,13,21
alloc-2017_7250173_UNO PEAK-2017-09-15,2017_7250173_UNO PEAK,UNO PEAK,WA,2017,2017-09-15,2017-09-16,115.0,139.0,16,21
alloc-2017_7250173_UNO PEAK-2017-09-19,2017_7250173_UNO PEAK,UNO PEAK,WA,2017,2017-09-19,2017-09-20,62.0,68.0,20,21
alloc-2017_7253911_MILLER COMPLEX-2017-08-18,2017_7253911_MILLER COMPLEX,Miller Complex,OR,2017,2017-08-18,2017-08-19,188.0,161.0,4,18
alloc-2017_7253911_MILLER COMPLEX-2017-08-20,2017_7253911_MILLER COMPLEX,Miller Complex,OR,2017,2017-08-20,2017-08-21,203.0,167.0,6,18
alloc-2017_7253911_MILLER COMPLEX-2017-08-23,2017_7253911_MILLER COMPLEX,Miller Complex,OR,2017,2017-08-23,2017-08-24,271.0,266.0,9,18
alloc-2017_7253911_MILLER COMPLEX-2017-08-25,2017_7253911_MILLER COMPLEX,Miller Complex,OR,2017,2017-08-25,2017-08-26,332.0,315.0,11,18
alloc-2017_7253911_MILLER COMPLEX-2017-08-28,2017_7253911_MILLER COMPLEX,Miller Complex,OR,2017,2017-08-28,2017-08-29,346.0,329.0,14,18
alloc-2017_7253911_MILLER COMPLEX-2017-08-31,2017_7253911_MILLER COMPLEX,Miller Complex,OR,2017,2017-08-31,2017-09-01,317.0,342.0,17,18
alloc-2017_7253911_MILLER COMPLEX-2017-09-06,2017_7253911_MILLER COMPLEX,Miller Complex,OR,2017,2017-09-06,2017-09-07,265.0,246.0,4,10
alloc-2017_7253911_MILLER COMPLEX-2017-09-07,2017_7253911_MILLER COMPLEX,Miller Complex,OR,2017,2017-09-07,2017-09-08,277.0,265.0,5,10
alloc-2017_7253911_MILLER COMPLEX-2017-09-08,2017_7253911_MILLER COMPLEX,Miller Complex,OR,2017,2017-09-08,2017-09-09,299.0,277.0,6,10
alloc-2017_7253911_MILLER COMPLEX-2017-09-09,2017_7253911_MILLER COMPLEX,Miller Complex,OR,2017,2017-09-09,2017-09-10,276.0,299.0,7,10
alloc-2017_7253911_MILLER COMPLEX-2017-09-10,2017_7253911_MILLER COMPLEX,Miller Complex,OR,2017,2017-09-10,2017-09-11,271.0,276.0,8,10
alloc-2017_7253911_MILLER COMPLEX-2017-09-11,2017_7253911_MILLER COMPLEX,Miller Complex,OR,2017,2017-09-11,2017-09-12,282.0,271.0,9,10
alloc-2017_7253911_MILLER COMPLEX-2017-09-17,2017_7253911_MILLER COMPLEX,Miller Complex,OR,2017,2017-09-17,2017-09-18,263.0,273.0,4,40
alloc-2017_7253911_MILLER COMPLEX-2017-09-24,2017_7253911_MILLER COMPLEX,Miller Complex,OR,2017,2017-09-24,2017-09-25,80.0,73.0,11,40
alloc-2017_7253911_MILLER COMPLEX-2017-10-01,2017_7253911_MILLER COMPLEX,Miller Complex,OR,2017,2017-10-01,2017-10-02,74.0,75.0,18,40
alloc-2017_7253911_MILLER COMPLEX-2017-10-08,2017_7253911_MILLER COMPLEX,Miller Complex,OR,2017,2017-10-08,2017-10-09,96.0,90.0,25,40
alloc-2017_7253911_MILLER COMPLEX-2017-10-15,2017_7253911_MILLER COMPLEX,Miller Complex,OR,2017,2017-10-15,2017-10-16,132.0,132.0,32,40
alloc-2017_7253911_MILLER COMPLEX-2017-10-22,2017_7253911_MILLER COMPLEX,Miller Complex,OR,2017,2017-10-22,2017-10-23,104.0,106.0,39,40
alloc-2017_7256823_SUNRISE-2017-07-21,2017_7256823_SUNRISE,Sunrise,MT,2017,2017-07-21,2017-07-22,104.0,135.0,4,61
alloc-2017_7256823_SUNRISE-2017-08-01,2017_7256823_SUNRISE,Sunrise,MT,2017,2017-08-01,2017-08-02,202.0,233.0,15,61
alloc-2017_7256823_SUNRISE-2017-08-12,2017_7256823_SUNRISE,Sunrise,MT,2017,2017-08-12,2017-08-13,287.0,191.0,26,61
alloc-2017_7256823_SUNRISE-2017-08-23,2017_7256823_SUNRISE,Sunrise,MT,2017,2017-08-23,2017-08-24,232.0,257.0,37,61
alloc-2017_7256823_SUNRISE-2017-09-03,2017_7256823_SUNRISE,Sunrise,MT,2017,2017-09-03,2017-09-04,20.0,29.0,48,61
alloc-2017_7256823_SUNRISE-2017-09-15,2017_7256823_SUNRISE,Sunrise,MT,2017,2017-09-15,2017-09-16,11.0,19.0,60,61
alloc-2017_7259357_ALICE CREEK-2017-08-31,2017_7259357_ALICE CREEK,Alice Creek,MT,2017,2017-08-31,2017-09-01,82.0,91.0,4,21
alloc-2017_7259357_ALICE CREEK-2017-09-03,2017_7259357_ALICE CREEK,Alice Creek,MT,2017,2017-09-03,2017-09-04,100.0,90.0,7,21
alloc-2017_7259357_ALICE CREEK-2017-09-06,2017_7259357_ALICE CREEK,Alice Creek,MT,2017,2017-09-06,2017-09-07,118.0,117.0,10,21
alloc-2017_7259357_ALICE CREEK-2017-09-09,2017_7259357_ALICE CREEK,Alice Creek,MT,2017,2017-09-09,2017-09-10,87.0,84.0,13,21
alloc-2017_7259357_ALICE CREEK-2017-09-12,2017_7259357_ALICE CREEK,Alice Creek,MT,2017,2017-09-12,2017-09-13,131.0,140.0,16,21
alloc-2017_7259357_ALICE CREEK-2017-09-16,2017_7259357_ALICE CREEK,Alice Creek,MT,2017,2017-09-16,2017-09-17,40.0,40.0,20,21
alloc-2017_7260515_PINAL-2017-05-18,2017_7260515_PINAL,Pinal,AZ,2017,2017-05-18,2017-05-19,166.0,163.0,4,22
alloc-2017_7260515_PINAL-2017-05-21,2017_7260515_PINAL,Pinal,AZ,2017,2017-05-21,2017-05-22,158.0,162.0,7,22
alloc-2017_7260515_PINAL-2017-05-24,2017_7260515_PINAL,Pinal,AZ,2017,2017-05-24,2017-05-25,340.0,208.0,10,22
alloc-2017_7260515_PINAL-2017-05-28,2017_7260515_PINAL,Pinal,AZ,2017,2017-05-28,2017-05-29,326.0,324.0,14,22
alloc-2017_7260515_PINAL-2017-05-31,2017_7260515_PINAL,Pinal,AZ,2017,2017-05-31,2017-06-01,103.0,281.0,17,22
alloc-2017_7260515_PINAL-2017-06-04,2017_7260515_PINAL,Pinal,AZ,2017,2017-06-04,2017-06-05,52.0,57.0,21,22
alloc-2017_7262231_TRUCKEE-2017-07-06,2017_7262231_TRUCKEE,Truckee,NV,2017,2017-07-06,2017-07-07,93.0,118.0,4,10
alloc-2017_7262231_TRUCKEE-2017-07-07,2017_7262231_TRUCKEE,Truckee,NV,2017,2017-07-07,2017-07-08,95.0,93.0,5,10
alloc-2017_7262231_TRUCKEE-2017-07-08,2017_7262231_TRUCKEE,Truckee,NV,2017,2017-07-08,2017-07-09,47.0,95.0,6,10
alloc-2017_7262231_TRUCKEE-2017-07-09,2017_7262231_TRUCKEE,Truckee,NV,2017,2017-07-09,2017-07-10,30.0,47.0,7,10
alloc-2017_7262231_TRUCKEE-2017-07-10,2017_7262231_TRUCKEE,Truckee,NV,2017,2017-07-10,2017-07-11,11.0,30.0,8,10
alloc-2017_7262231_TRUCKEE-2017-07-11,2017_7262231_TRUCKEE,Truckee,NV,2017,2017-07-11,2017-07-12,3.0,11.0,9,10
alloc-2017_7262942_CAMPBELL RIVER-2017-07-02,2017_7262942_CAMPBELL RIVER,Campbell River,AK,2017,2017-07-02,2017-07-03,32.0,32.0,4,25
alloc-2017_7262942_CAMPBELL RIVER-2017-07-06,2017_7262942_CAMPBELL RIVER,Campbell River,AK,2017,2017-07-06,2017-07-07,30.0,32.0,8,25
alloc-2017_7262942_CAMPBELL RIVER-2017-07-10,2017_7262942_CAMPBELL RIVER,Campbell River,AK,2017,2017-07-10,2017-07-11,35.0,39.0,12,25
alloc-2017_7262942_CAMPBELL RIVER-2017-07-14,2017_7262942_CAMPBELL RIVER,Campbell River,AK,2017,2017-07-14,2017-07-15,32.0,35.0,16,25
alloc-2017_7262942_CAMPBELL RIVER-2017-07-18,2017_7262942_CAMPBELL RIVER,Campbell River,AK,2017,2017-07-18,2017-07-19,27.0,29.0,20,25
alloc-2017_7262942_CAMPBELL RIVER-2017-07-22,2017_7262942_CAMPBELL RIVER,Campbell River,AK,2017,2017-07-22,2017-07-23,27.0,27.0,24,25
alloc-2017_7263621_EAST RIM-2017-07-11,2017_7263621_EAST RIM,East Rim,CO,2017,2017-07-11,2017-07-12,29.0,29.0,4,10
alloc-2017_7263621_EAST RIM-2017-07-12,2017_7263621_EAST RIM,East Rim,CO,2017,2017-07-12,2017-07-13,23.0,29.0,5,10
alloc-2017_7263621_EAST RIM-2017-07-13,2017_7263621_EAST RIM,East Rim,CO,2017,2017-07-13,2017-07-14,23.0,23.0,6,10
alloc-2017_7263621_EAST RIM-2017-07-14,2017_7263621_EAST RIM,East Rim,CO,2017,2017-07-14,2017-07-15,3.0,23.0,7,10
alloc-2017_7263621_EAST RIM-2017-07-15,2017_7263621_EAST RIM,East Rim,CO,2017,2017-07-15,2017-07-16,6.0,3.0,8,10
alloc-2017_7263621_EAST RIM-2017-07-16,2017_7263621_EAST RIM,East Rim,CO,2017,2017-07-16,2017-07-17,0.0,6.0,9,10
alloc-2017_7264673_TIFFANY-2017-06-30,2017_7264673_TIFFANY,Tiffany,NM,2017,2017-06-30,2017-07-01,126.0,114.0,4,12
alloc-2017_7264673_TIFFANY-2017-07-01,2017_7264673_TIFFANY,Tiffany,NM,2017,2017-07-01,2017-07-02,129.0,126.0,5,12
alloc-2017_7264673_TIFFANY-2017-07-02,2017_7264673_TIFFANY,Tiffany,NM,2017,2017-07-02,2017-07-03,135.0,129.0,6,12
alloc-2017_7264673_TIFFANY-2017-07-04,2017_7264673_TIFFANY,Tiffany,NM,2017,2017-07-04,2017-07-05,102.0,130.0,8,12
alloc-2017_7264673_TIFFANY-2017-07-05,2017_7264673_TIFFANY,Tiffany,NM,2017,2017-07-05,2017-07-06,51.0,102.0,9,12
alloc-2017_7264673_TIFFANY-2017-07-07,2017_7264673_TIFFANY,Tiffany,NM,2017,2017-07-07,2017-07-08,30.0,30.0,11,12
alloc-2017_7265708_CHETCO BAR-2017-07-31,2017_7265708_CHETCO BAR,Chetco Bar,OR,2017,2017-07-31,2017-08-01,71.0,70.0,4,71
alloc-2017_7265708_CHETCO BAR-2017-08-13,2017_7265708_CHETCO BAR,Chetco Bar,OR,2017,2017-08-13,2017-08-14,37.0,37.0,17,71
alloc-2017_7265708_CHETCO BAR-2017-08-26,2017_7265708_CHETCO BAR,Chetco Bar,OR,2017,2017-08-26,2017-08-27,645.0,626.0,30,71
alloc-2017_7265708_CHETCO BAR-2017-09-08,2017_7265708_CHETCO BAR,Chetco Bar,OR,2017,2017-09-08,2017-09-09,625.0,804.0,43,71
alloc-2017_7265708_CHETCO BAR-2017-09-21,2017_7265708_CHETCO BAR,Chetco Bar,OR,2017,2017-09-21,2017-09-22,420.0,478.0,56,71
alloc-2017_7265708_CHETCO BAR-2017-10-05,2017_7265708_CHETCO BAR,Chetco Bar,OR,2017,2017-10-05,2017-10-06,60.0,68.0,70,71
alloc-2017_7265708_CHETCO BAR-2017-10-11,2017_7265708_CHETCO BAR,Chetco Bar,OR,2017,2017-10-11,2017-10-12,48.0,48.0,4,11
alloc-2017_7265708_CHETCO BAR-2017-10-12,2017_7265708_CHETCO BAR,Chetco Bar,OR,2017,2017-10-12,2017-10-13,48.0,48.0,5,11
alloc-2017_7265708_CHETCO BAR-2017-10-13,2017_7265708_CHETCO BAR,Chetco Bar,OR,2017,2017-10-13,2017-10-14,48.0,48.0,6,11
alloc-2017_7265708_CHETCO BAR-2017-10-14,2017_7265708_CHETCO BAR,Chetco Bar,OR,2017,2017-10-14,2017-10-15,48.0,48.0,7,11
alloc-2017_7265708_CHETCO BAR-2017-10-15,2017_7265708_CHETCO BAR,Chetco Bar,OR,2017,2017-10-15,2017-10-16,47.0,48.0,8,11
alloc-2017_7265708_CHETCO BAR-2017-10-17,2017_7265708_CHETCO BAR,Chetco Bar,OR,2017,2017-10-17,2017-10-18,39.0,47.0,10,11
alloc-2017_7269299_MICROWAVE-2017-07-24,2017_7269299_MICROWAVE,MICROWAVE,MT,2017,2017-07-24,2017-07-25,16.0,16.0,4,11
alloc-2017_7269299_MICROWAVE-2017-07-25,2017_7269299_MICROWAVE,MICROWAVE,MT,2017,2017-07-25,2017-07-26,25.0,16.0,5,11
alloc-2017_7269299_MICROWAVE-2017-07-26,2017_7269299_MICROWAVE,MICROWAVE,MT,2017,2017-07-26,2017-07-27,25.0,25.0,6,11
alloc-2017_7269299_MICROWAVE-2017-07-27,2017_7269299_MICROWAVE,MICROWAVE,MT,2017,2017-07-27,2017-07-28,23.0,25.0,7,11
alloc-2017_7269299_MICROWAVE-2017-07-28,2017_7269299_MICROWAVE,MICROWAVE,MT,2017,2017-07-28,2017-07-29,25.0,23.0,8,11
alloc-2017_7269299_MICROWAVE-2017-07-30,2017_7269299_MICROWAVE,MICROWAVE,MT,2017,2017-07-30,2017-07-31,1.0,16.0,10,11
alloc-2017_7269467_LODGEPOLE COMPLEX-2017-07-23,2017_7269467_LODGEPOLE COMPLEX,LODGEPOLE COMPLEX,MT,2017,2017-07-23,2017-07-24,209.0,107.0,4,18
alloc-2017_7269467_LODGEPOLE COMPLEX-2017-07-25,2017_7269467_LODGEPOLE COMPLEX,LODGEPOLE COMPLEX,MT,2017,2017-07-25,2017-07-26,194.0,218.0,6,18
alloc-2017_7269467_LODGEPOLE COMPLEX-2017-07-28,2017_7269467_LODGEPOLE COMPLEX,LODGEPOLE COMPLEX,MT,2017,2017-07-28,2017-07-29,126.0,148.0,9,18
alloc-2017_7269467_LODGEPOLE COMPLEX-2017-07-30,2017_7269467_LODGEPOLE COMPLEX,LODGEPOLE COMPLEX,MT,2017,2017-07-30,2017-07-31,105.0,111.0,11,18
alloc-2017_7269467_LODGEPOLE COMPLEX-2017-08-02,2017_7269467_LODGEPOLE COMPLEX,LODGEPOLE COMPLEX,MT,2017,2017-08-02,2017-08-03,105.0,105.0,14,18
alloc-2017_7269467_LODGEPOLE COMPLEX-2017-08-05,2017_7269467_LODGEPOLE COMPLEX,LODGEPOLE COMPLEX,MT,2017,2017-08-05,2017-08-06,11.0,40.0,17,18
alloc-2017_7270407_KEYSTONE-2017-07-11,2017_7270407_KEYSTONE,KEYSTONE,WY,2017,2017-07-11,2017-07-12,255.0,246.0,4,32
alloc-2017_7270407_KEYSTONE-2017-07-16,2017_7270407_KEYSTONE,KEYSTONE,WY,2017,2017-07-16,2017-07-17,231.0,240.0,9,32
alloc-2017_7270407_KEYSTONE-2017-07-21,2017_7270407_KEYSTONE,KEYSTONE,WY,2017,2017-07-21,2017-07-22,55.0,67.0,14,32
alloc-2017_7270407_KEYSTONE-2017-07-27,2017_7270407_KEYSTONE,KEYSTONE,WY,2017,2017-07-27,2017-07-28,5.0,6.0,20,32
alloc-2017_7270407_KEYSTONE-2017-08-01,2017_7270407_KEYSTONE,KEYSTONE,WY,2017,2017-08-01,2017-08-02,4.0,4.0,25,32
alloc-2017_7270407_KEYSTONE-2017-08-07,2017_7270407_KEYSTONE,KEYSTONE,WY,2017,2017-08-07,2017-08-08,1.0,0.0,31,32
alloc-2017_7272173_HIGH CASCADES COMPLEX-2017-08-16,2017_7272173_HIGH CASCADES COMPLEX,High Cascades Complex,OR,2017,2017-08-16,2017-08-17,374.0,677.0,4,52
alloc-2017_7272173_HIGH CASCADES COMPLEX-2017-08-25,2017_7272173_HIGH CASCADES COMPLEX,High Cascades Complex,OR,2017,2017-08-25,2017-08-26,226.0,192.0,13,52
alloc-2017_7272173_HIGH CASCADES COMPLEX-2017-09-03,2017_7272173_HIGH CASCADES COMPLEX,High Cascades Complex,OR,2017,2017-09-03,2017-09-04,382.0,412.0,22,52
alloc-2017_7272173_HIGH CASCADES COMPLEX-2017-09-13,2017_7272173_HIGH CASCADES COMPLEX,High Cascades Complex,OR,2017,2017-09-13,2017-09-14,396.0,450.0,32,52
alloc-2017_7272173_HIGH CASCADES COMPLEX-2017-09-22,2017_7272173_HIGH CASCADES COMPLEX,High Cascades Complex,OR,2017,2017-09-22,2017-09-23,568.0,582.0,41,52
alloc-2017_7272173_HIGH CASCADES COMPLEX-2017-10-02,2017_7272173_HIGH CASCADES COMPLEX,High Cascades Complex,OR,2017,2017-10-02,2017-10-03,90.0,90.0,51,52
alloc-2017_7274496_NORSE PEAK-2017-08-20,2017_7274496_NORSE PEAK,Norse Peak,WA,2017,2017-08-20,2017-08-21,165.0,158.0,4,37
alloc-2017_7274496_NORSE PEAK-2017-08-26,2017_7274496_NORSE PEAK,NORSE PEAK,WA,2017,2017-08-26,2017-08-27,213.0,209.0,10,37
alloc-2017_7274496_NORSE PEAK-2017-09-01,2017_7274496_NORSE PEAK,NORSE PEAK,WA,2017,2017-09-01,2017-09-02,178.0,182.0,16,37
alloc-2017_7274496_NORSE PEAK-2017-09-08,2017_7274496_NORSE PEAK,NORSE PEAK,WA,2017,2017-09-08,2017-09-09,241.0,204.0,23,37
alloc-2017_7274496_NORSE PEAK-2017-09-14,2017_7274496_NORSE PEAK,NORSE PEAK,WA,2017,2017-09-14,2017-09-15,281.0,277.0,29,37
alloc-2017_7274496_NORSE PEAK-2017-09-21,2017_7274496_NORSE PEAK,NORSE PEAK,WA,2017,2017-09-21,2017-09-22,148.0,169.0,36,37
alloc-2017_7275920_KHOTOL-2017-07-16,2017_7275920_KHOTOL,Khotol,AK,2017,2017-07-16,2017-07-17,9.0,10.0,4,12
alloc-2017_7275920_KHOTOL-2017-07-17,2017_7275920_KHOTOL,Khotol,AK,2017,2017-07-17,2017-07-18,9.0,9.0,5,12
alloc-2017_7275920_KHOTOL-2017-07-18,2017_7275920_KHOTOL,Khotol,AK,2017,2017-07-18,2017-07-19,9.0,9.0,6,12
alloc-2017_7275920_KHOTOL-2017-07-20,2017_7275920_KHOTOL,Khotol,AK,2017,2017-07-20,2017-07-21,10.0,10.0,8,12
alloc-2017_7275920_KHOTOL-2017-07-21,2017_7275920_KHOTOL,Khotol,AK,2017,2017-07-21,2017-07-22,9.0,10.0,9,12
alloc-2017_7275920_KHOTOL-2017-07-23,2017_7275920_KHOTOL,Khotol,AK,2017,2017-07-23,2017-07-24,9.0,9.0,11,12
alloc-2017_7276403_JULY-2017-07-06,2017_7276403_JULY,July,MT,2017,2017-07-06,2017-07-07,151.0,95.0,4,17
alloc-2017_7276403_JULY-2017-07-08,2017_7276403_JULY,July,MT,2017,2017-07-08,2017-07-09,147.0,139.0,6,17
alloc-2017_7276403_JULY-2017-07-10,2017_7276403_JULY,July,MT,2017,2017-07-10,2017-07-11,138.0,151.0,8,17
alloc-2017_7276403_JULY-2017-07-13,2017_7276403_JULY,July,MT,2017,2017-07-13,2017-07-14,46.0,114.0,11,17
alloc-2017_7276403_JULY-2017-07-15,2017_7276403_JULY,July,MT,2017,2017-07-15,2017-07-16,29.0,42.0,13,17
alloc-2017_7276403_JULY-2017-07-18,2017_7276403_JULY,July,MT,2017,2017-07-18,2017-07-19,7.0,7.0,16,17
alloc-2017_7277432_TAMARACK-2017-08-16,2017_7277432_TAMARACK,Tamarack,MT,2017,2017-08-16,2017-08-17,120.0,80.0,4,16
alloc-2017_7277432_TAMARACK-2017-08-18,2017_7277432_TAMARACK,Tamarack,MT,2017,2017-08-18,2017-08-19,144.0,130.0,6,16
alloc-2017_7277432_TAMARACK-2017-08-20,2017_7277432_TAMARACK,Tamarack,MT,2017,2017-08-20,2017-08-21,145.0,154.0,8,16
alloc-2017_7277432_TAMARACK-2017-08-22,2017_7277432_TAMARACK,Tamarack,MT,2017,2017-08-22,2017-08-23,107.0,123.0,10,16
alloc-2017_7277432_TAMARACK-2017-08-24,2017_7277432_TAMARACK,Tamarack,MT,2017,2017-08-24,2017-08-25,104.0,103.0,12,16
alloc-2017_7277432_TAMARACK-2017-08-27,2017_7277432_TAMARACK,Tamarack,MT,2017,2017-08-27,2017-08-28,33.0,48.0,15,16
alloc-2017_7278759_MILLI 0843 CS-2017-08-15,2017_7278759_MILLI 0843 CS,MILLI 0843 CS,OR,2017,2017-08-15,2017-08-16,173.0,167.0,4,44
alloc-2017_7278759_MILLI 0843 CS-2017-08-22,2017_7278759_MILLI 0843 CS,MILLI 0843 CS,OR,2017,2017-08-22,2017-08-23,256.0,283.0,11,44
alloc-2017_7278759_MILLI 0843 CS-2017-08-30,2017_7278759_MILLI 0843 CS,MILLI 0843 CS,OR,2017,2017-08-30,2017-08-31,200.0,200.0,19,44
alloc-2017_7278759_MILLI 0843 CS-2017-09-07,2017_7278759_MILLI 0843 CS,MILLI 0843 CS,OR,2017,2017-09-07,2017-09-08,48.0,52.0,27,44
alloc-2017_7278759_MILLI 0843 CS-2017-09-15,2017_7278759_MILLI 0843 CS,MILLI 0843 CS,OR,2017,2017-09-15,2017-09-16,24.0,24.0,35,44
alloc-2017_7278759_MILLI 0843 CS-2017-09-23,2017_7278759_MILLI 0843 CS,MILLI 0843 CS,OR,2017,2017-09-23,2017-09-24,4.0,4.0,43,44
alloc-2017_7282192_TANK HOLLOW-2017-08-27,2017_7282192_TANK HOLLOW,Tank Hollow,UT,2017,2017-08-27,2017-08-28,111.0,103.0,4,23
alloc-2017_7282192_TANK HOLLOW-2017-08-30,2017_7282192_TANK HOLLOW,Tank Hollow,UT,2017,2017-08-30,2017-08-31,114.0,180.0,7,23
alloc-2017_7282192_TANK HOLLOW-2017-09-03,2017_7282192_TANK HOLLOW,Tank Hollow,UT,2017,2017-09-03,2017-09-04,122.0,116.0,11,23
alloc-2017_7282192_TANK HOLLOW-2017-09-06,2017_7282192_TANK HOLLOW,Tank Hollow,UT,2017,2017-09-06,2017-09-07,106.0,134.0,14,23
alloc-2017_7282192_TANK HOLLOW-2017-09-10,2017_7282192_TANK HOLLOW,Tank Hollow,UT,2017,2017-09-10,2017-09-11,66.0,89.0,18,23
alloc-2017_7282192_TANK HOLLOW-2017-09-14,2017_7282192_TANK HOLLOW,Tank Hollow,UT,2017,2017-09-14,2017-09-15,64.0,64.0,22,23
alloc-2017_7283299_BLACK-2017-07-27,2017_7283299_BLACK,BLACK,MT,2017,2017-07-27,2017-07-28,4.0,1.0,4,34
alloc-2017_7283299_BLACK-2017-08-01,2017_7283299_BLACK,BLACK,MT,2017,2017-08-01,2017-08-02,4.0,5.0,9,34
alloc-2017_7283299_BLACK-2017-08-07,2017_7283299_BLACK,BLACK,MT,2017,2017-08-07,2017-08-08,4.0,3.0,15,34
alloc-2017_7283299_BLACK-2017-08-13,2017_7283299_BLACK,BLACK,MT,2017,2017-08-13,2017-08-14,3.0,2.0,21,34
alloc-2017_7283299_BLACK-2017-08-19,2017_7283299_BLACK,BLACK,MT,2017,2017-08-19,2017-08-20,4.0,3.0,27,34
alloc-2017_7283299_BLACK-2017-08-25,2017_7283299_BLACK,BLACK,MT,2017,2017-08-25,2017-08-26,4.0,4.0,33,34
alloc-2017_7285789_SPRUCE LAKE-2017-08-03,2017_7285789_SPRUCE LAKE,Spruce Lake,OR,2017,2017-08-03,2017-08-04,304.0,170.0,4,14
alloc-2017_7285789_SPRUCE LAKE-2017-08-04,2017_7285789_SPRUCE LAKE,Spruce Lake,OR,2017,2017-08-04,2017-08-05,303.0,304.0,5,14
alloc-2017_7285789_SPRUCE LAKE-2017-08-06,2017_7285789_SPRUCE LAKE,Spruce Lake,OR,2017,2017-08-06,2017-08-07,367.0,304.0,7,14
alloc-2017_7285789_SPRUCE LAKE-2017-08-08,2017_7285789_SPRUCE LAKE,Spruce Lake,OR,2017,2017-08-08,2017-08-09,348.0,347.0,9,14
alloc-2017_7285789_SPRUCE LAKE-2017-08-10,2017_7285789_SPRUCE LAKE,Spruce Lake,OR,2017,2017-08-10,2017-08-11,240.0,347.0,11,14
alloc-2017_7285789_SPRUCE LAKE-2017-08-12,2017_7285789_SPRUCE LAKE,Spruce Lake,OR,2017,2017-08-12,2017-08-13,237.0,237.0,13,14
alloc-2017_7286531_RED FOX-2017-03-28,2017_7286531_RED FOX,Red Fox,FL,2017,2017-03-28,2017-03-29,60.0,60.0,4,27
alloc-2017_7286531_RED FOX-2017-04-01,2017_7286531_RED FOX,Red Fox,FL,2017,2017-04-01,2017-04-02,76.0,63.0,8,27
alloc-2017_7286531_RED FOX-2017-04-05,2017_7286531_RED FOX,Red Fox,FL,2017,2017-04-05,2017-04-06,76.0,76.0,12,27
alloc-2017_7286531_RED FOX-2017-04-10,2017_7286531_RED FOX,Red Fox,FL,2017,2017-04-10,2017-04-11,40.0,71.0,17,27
alloc-2017_7286531_RED FOX-2017-04-14,2017_7286531_RED FOX,Red Fox,FL,2017,2017-04-14,2017-04-15,33.0,41.0,21,27
alloc-2017_7286531_RED FOX-2017-04-19,2017_7286531_RED FOX,Red Fox,FL,2017,2017-04-19,2017-04-20,47.0,42.0,26,27
alloc-2017_7288259_ARRASTRA CREEK-2017-07-23,2017_7288259_ARRASTRA CREEK,Arrastra Creek,MT,2017,2017-07-23,2017-07-24,72.0,90.0,4,38
alloc-2017_7288259_ARRASTRA CREEK-2017-07-29,2017_7288259_ARRASTRA CREEK,Arrastra Creek,MT,2017,2017-07-29,2017-07-30,64.0,59.0,10,38
alloc-2017_7288259_ARRASTRA CREEK-2017-08-05,2017_7288259_ARRASTRA CREEK,Arrastra Creek,MT,2017,2017-08-05,2017-08-06,42.0,43.0,17,38
alloc-2017_7288259_ARRASTRA CREEK-2017-08-11,2017_7288259_ARRASTRA CREEK,Arrastra Creek,MT,2017,2017-08-11,2017-08-12,32.0,30.0,23,38
alloc-2017_7288259_ARRASTRA CREEK-2017-08-18,2017_7288259_ARRASTRA CREEK,Arrastra Creek,MT,2017,2017-08-18,2017-08-19,9.0,9.0,30,38
alloc-2017_7288259_ARRASTRA CREEK-2017-08-25,2017_7288259_ARRASTRA CREEK,Arrastra Creek,MT,2017,2017-08-25,2017-08-26,10.0,10.0,37,38
alloc-2017_7289243_WOLVERINE-2017-08-20,2017_7289243_WOLVERINE,WOLVERINE FIRE,MT,2017,2017-08-20,2017-08-21,18.0,18.0,4,17
alloc-2017_7289243_WOLVERINE-2017-08-22,2017_7289243_WOLVERINE,WOLVERINE FIRE,MT,2017,2017-08-22,2017-08-23,15.0,16.0,6,17
alloc-2017_7289243_WOLVERINE-2017-08-24,2017_7289243_WOLVERINE,WOLVERINE FIRE,MT,2017,2017-08-24,2017-08-25,17.0,12.0,8,17
alloc-2017_7289243_WOLVERINE-2017-08-27,2017_7289243_WOLVERINE,WOLVERINE FIRE,MT,2017,2017-08-27,2017-08-28,11.0,15.0,11,17
alloc-2017_7289243_WOLVERINE-2017-08-29,2017_7289243_WOLVERINE,WOLVERINE FIRE,MT,2017,2017-08-29,2017-08-30,10.0,11.0,13,17
alloc-2017_7289243_WOLVERINE-2017-09-01,2017_7289243_WOLVERINE,WOLVERINE FIRE,MT,2017,2017-09-01,2017-09-02,7.0,5.0,16,17
alloc-2017_7289243_WOLVERINE-2017-09-07,2017_7289243_WOLVERINE,WOLVERINE FIRE,MT,2017,2017-09-07,2017-09-08,7.0,7.0,4,12
alloc-2017_7289243_WOLVERINE-2017-09-08,2017_7289243_WOLVERINE,WOLVERINE,MT,2017,2017-09-08,2017-09-09,7.0,7.0,5,12
alloc-2017_7289243_WOLVERINE-2017-09-09,2017_7289243_WOLVERINE,WOLVERINE,MT,2017,2017-09-09,2017-09-10,7.0,7.0,6,12
alloc-2017_7289243_WOLVERINE-2017-09-11,2017_7289243_WOLVERINE,WOLVERINE,MT,2017,2017-09-11,2017-09-12,7.0,7.0,8,12
alloc-2017_7289243_WOLVERINE-2017-09-12,2017_7289243_WOLVERINE,WOLVERINE,MT,2017,2017-09-12,2017-09-13,7.0,7.0,9,12
alloc-2017_7289243_WOLVERINE-2017-09-14,2017_7289243_WOLVERINE,WOLVERINE,MT,2017,2017-09-14,2017-09-15,7.0,7.0,11,12
alloc-2017_7290863_WILSON-2017-07-11,2017_7290863_WILSON,WILSON,CO,2017,2017-07-11,2017-07-12,86.0,90.0,4,13
alloc-2017_7290863_WILSON-2017-07-12,2017_7290863_WILSON,WILSON,CO,2017,2017-07-12,2017-07-13,38.0,86.0,5,13
alloc-2017_7290863_WILSON-2017-07-14,2017_7290863_WILSON,WILSON,CO,2017,2017-07-14,2017-07-15,30.0,34.0,7,13
alloc-2017_7290863_WILSON-2017-07-15,2017_7290863_WILSON,WILSON,CO,2017,2017-07-15,2017-07-16,6.0,30.0,8,13
alloc-2017_7290863_WILSON-2017-07-17,2017_7290863_WILSON,WILSON,CO,2017,2017-07-17,2017-07-18,6.0,6.0,10,13
alloc-2017_7290863_WILSON-2017-07-19,2017_7290863_WILSON,WILSON,CO,2017,2017-07-19,2017-07-20,6.0,6.0,12,13
alloc-2017_7291210_DRY CREEK-2017-07-11,2017_7291210_DRY CREEK,DRY CREEK,WA,2017,2017-07-11,2017-07-12,305.0,270.0,4,11
alloc-2017_7291210_DRY CREEK-2017-07-12,2017_7291210_DRY CREEK,DRY CREEK,WA,2017,2017-07-12,2017-07-13,293.0,305.0,5,11
alloc-2017_7291210_DRY CREEK-2017-07-13,2017_7291210_DRY CREEK,DRY CREEK,WA,2017,2017-07-13,2017-07-14,280.0,293.0,6,11
alloc-2017_7291210_DRY CREEK-2017-07-14,2017_7291210_DRY CREEK,DRY CREEK,WA,2017,2017-07-14,2017-07-15,216.0,280.0,7,11
alloc-2017_7291210_DRY CREEK-2017-07-15,2017_7291210_DRY CREEK,DRY CREEK,WA,2017,2017-07-15,2017-07-16,204.0,216.0,8,11
alloc-2017_7291210_DRY CREEK-2017-07-17,2017_7291210_DRY CREEK,DRY CREEK,WA,2017,2017-07-17,2017-07-18,175.0,193.0,10,11
alloc-2017_7291860_KELSEY CREEK-2017-09-18,2017_7291860_KELSEY CREEK,Kelsey Creek,OR,2017,2017-09-18,2017-09-19,104.0,121.0,4,16
alloc-2017_7291860_KELSEY CREEK-2017-09-20,2017_7291860_KELSEY CREEK,Kelsey Creek,OR,2017,2017-09-20,2017-09-21,84.0,95.0,6,16
alloc-2017_7291860_KELSEY CREEK-2017-09-22,2017_7291860_KELSEY CREEK,Kelsey Creek,OR,2017,2017-09-22,2017-09-23,83.0,84.0,8,16
alloc-2017_7291860_KELSEY CREEK-2017-09-24,2017_7291860_KELSEY CREEK,Kelsey Creek,OR,2017,2017-09-24,2017-09-25,102.0,102.0,10,16
alloc-2017_7291860_KELSEY CREEK-2017-09-26,2017_7291860_KELSEY CREEK,Kelsey Creek,OR,2017,2017-09-26,2017-09-27,77.0,102.0,12,16
alloc-2017_7291860_KELSEY CREEK-2017-09-29,2017_7291860_KELSEY CREEK,Kelsey Creek,OR,2017,2017-09-29,2017-09-30,3.0,28.0,15,16
alloc-2017_7298352_BRAVO17-2017-07-16,2017_7298352_BRAVO17,Bravo17,NV,2017,2017-07-16,2017-07-17,10.0,53.0,4,15
alloc-2017_7298352_BRAVO17-2017-07-18,2017_7298352_BRAVO17,Bravo17,NV,2017,2017-07-18,2017-07-19,4.0,4.0,6,15
alloc-2017_7298352_BRAVO17-2017-07-20,2017_7298352_BRAVO17,Bravo17,NV,2017,2017-07-20,2017-07-21,4.0,4.0,8,15
alloc-2017_7298352_BRAVO17-2017-07-22,2017_7298352_BRAVO17,Bravo17,NV,2017,2017-07-22,2017-07-23,4.0,4.0,10,15
alloc-2017_7298352_BRAVO17-2017-07-24,2017_7298352_BRAVO17,Bravo17,NV,2017,2017-07-24,2017-07-25,4.0,4.0,12,15
alloc-2017_7298352_BRAVO17-2017-07-26,2017_7298352_BRAVO17,Bravo17,NV,2017,2017-07-26,2017-07-27,4.0,4.0,14,15
alloc-2017_7298734_LAZIER CREEK 3-2017-07-13,2017_7298734_LAZIER CREEK 3,LAZIER CREEK 3,MT,2017,2017-07-13,2017-07-14,247.0,228.0,4,10
alloc-2017_7298734_LAZIER CREEK 3-2017-07-14,2017_7298734_LAZIER CREEK 3,LAZIER CREEK 3,MT,2017,2017-07-14,2017-07-15,224.0,247.0,5,10
alloc-2017_7298734_LAZIER CREEK 3-2017-07-15,2017_7298734_LAZIER CREEK 3,LAZIER CREEK 3,MT,2017,2017-07-15,2017-07-16,227.0,224.0,6,10
alloc-2017_7298734_LAZIER CREEK 3-2017-07-16,2017_7298734_LAZIER CREEK 3,LAZIER CREEK 3,MT,2017,2017-07-16,2017-07-17,174.0,227.0,7,10
alloc-2017_7298734_LAZIER CREEK 3-2017-07-17,2017_7298734_LAZIER CREEK 3,LAZIER CREEK 3,MT,2017,2017-07-17,2017-07-18,133.0,174.0,8,10
alloc-2017_7298734_LAZIER CREEK 3-2017-07-18,2017_7298734_LAZIER CREEK 3,LAZIER CREEK 3,MT,2017,2017-07-18,2017-07-19,128.0,133.0,9,10
alloc-2017_7300563_SLIDEROCK-2017-07-17,2017_7300563_SLIDEROCK,Sliderock,MT,2017,2017-07-17,2017-07-18,64.0,103.0,4,11
alloc-2017_7300563_SLIDEROCK-2017-07-18,2017_7300563_SLIDEROCK,Sliderock,MT,2017,2017-07-18,2017-07-19,102.0,64.0,5,11
alloc-2017_7300563_SLIDEROCK-2017-07-19,2017_7300563_SLIDEROCK,Sliderock,MT,2017,2017-07-19,2017-07-20,121.0,102.0,6,11
alloc-2017_7300563_SLIDEROCK-2017-07-20,2017_7300563_SLIDEROCK,Sliderock,MT,2017,2017-07-20,2017-07-21,135.0,121.0,7,11
alloc-2017_7300563_SLIDEROCK-2017-07-21,2017_7300563_SLIDEROCK,Sliderock,MT,2017,2017-07-21,2017-07-22,164.0,135.0,8,11
alloc-2017_7300563_SLIDEROCK-2017-07-23,2017_7300563_SLIDEROCK,Sliderock,MT,2017,2017-07-23,2017-07-24,149.0,149.0,10,11
alloc-2017_7308082_HIGHLINE-2017-06-13,2017_7308082_HIGHLINE,Highline,AZ,2017,2017-06-13,2017-06-14,317.0,263.0,4,14
alloc-2017_7308082_HIGHLINE-2017-06-14,2017_7308082_HIGHLINE,Highline,AZ,2017,2017-06-14,2017-06-15,353.0,317.0,5,14
alloc-2017_7308082_HIGHLINE-2017-06-16,2017_7308082_HIGHLINE,Highline,AZ,2017,2017-06-16,2017-06-17,376.0,377.0,7,14
alloc-2017_7308082_HIGHLINE-2017-06-18,2017_7308082_HIGHLINE,Highline,AZ,2017,2017-06-18,2017-06-19,330.0,350.0,9,14
alloc-2017_7308082_HIGHLINE-2017-06-20,2017_7308082_HIGHLINE,Highline,AZ,2017,2017-06-20,2017-06-21,224.0,297.0,11,14
alloc-2017_7308082_HIGHLINE-2017-06-22,2017_7308082_HIGHLINE,Highline,AZ,2017,2017-06-22,2017-06-23,165.0,230.0,13,14
alloc-2017_7308884_HANOVER-2017-08-04,2017_7308884_HANOVER,Hanover,ID,2017,2017-08-04,2017-08-05,81.0,57.0,4,46
alloc-2017_7308884_HANOVER-2017-08-12,2017_7308884_HANOVER,Hanover,ID,2017,2017-08-12,2017-08-13,171.0,173.0,12,46
alloc-2017_7308884_HANOVER-2017-08-20,2017_7308884_HANOVER,Hanover,ID,2017,2017-08-20,2017-08-21,148.0,150.0,20,46
alloc-2017_7308884_HANOVER-2017-08-28,2017_7308884_HANOVER,Hanover,ID,2017,2017-08-28,2017-08-29,75.0,81.0,28,46
alloc-2017_7308884_HANOVER-2017-09-05,2017_7308884_HANOVER,Hanover,ID,2017,2017-09-05,2017-09-06,49.0,50.0,36,46
alloc-2017_7308884_HANOVER-2017-09-14,2017_7308884_HANOVER,Hanover,ID,2017,2017-09-14,2017-09-15,20.0,26.0,45,46
alloc-2017_7310894_NELSON CREEK-2017-09-01,2017_7310894_NELSON CREEK,Nelson Creek,MT,2017,2017-09-01,2017-09-02,90.0,107.0,4,22
alloc-2017_7310894_NELSON CREEK-2017-09-04,2017_7310894_NELSON CREEK,Nelson Creek,MT,2017,2017-09-04,2017-09-05,55.0,66.0,7,22
alloc-2017_7310894_NELSON CREEK-2017-09-07,2017_7310894_NELSON CREEK,Nelson Creek,MT,2017,2017-09-07,2017-09-08,8.0,30.0,10,22
alloc-2017_7310894_NELSON CREEK-2017-09-11,2017_7310894_NELSON CREEK,Nelson Creek,MT,2017,2017-09-11,2017-09-12,13.0,9.0,14,22
alloc-2017_7310894_NELSON CREEK-2017-09-14,2017_7310894_NELSON CREEK,Nelson Creek,MT,2017,2017-09-14,2017-09-15,5.0,9.0,17,22
alloc-2017_7310894_NELSON CREEK-2017-09-18,2017_7310894_NELSON CREEK,Nelson Creek,MT,2017,2017-09-18,2017-09-19,2.0,3.0,21,22
alloc-2017_7312100_FRYE-2017-06-12,2017_7312100_FRYE,FRYE,AZ,2017,2017-06-12,2017-06-13,89.0,75.0,4,41
alloc-2017_7312100_FRYE-2017-06-19,2017_7312100_FRYE,FRYE,AZ,2017,2017-06-19,2017-06-20,300.0,332.0,11,41
alloc-2017_7312100_FRYE-2017-06-26,2017_7312100_FRYE,FRYE,AZ,2017,2017-06-26,2017-06-27,258.0,234.0,18,41
alloc-2017_7312100_FRYE-2017-07-03,2017_7312100_FRYE,FRYE,AZ,2017,2017-07-03,2017-07-04,209.0,217.0,25,41
alloc-2017_7312100_FRYE-2017-07-10,2017_7312100_FRYE,FRYE,AZ,2017,2017-07-10,2017-07-11,123.0,144.0,32,41
alloc-2017_7312100_FRYE-2017-07-18,2017_7312100_FRYE,FRYE,AZ,2017,2017-07-18,2017-07-19,13.0,13.0,40,41
alloc-2017_7314322_TOHAKUM 2-2017-09-02,2017_7314322_TOHAKUM 2,Tohakum 2,NV,2017,2017-09-02,2017-09-03,207.0,184.0,4,14
alloc-2017_7314322_TOHAKUM 2-2017-09-03,2017_7314322_TOHAKUM 2,Tohakum 2,NV,2017,2017-09-03,2017-09-04,223.0,207.0,5,14
alloc-2017_7314322_TOHAKUM 2-2017-09-05,2017_7314322_TOHAKUM 2,Tohakum 2,NV,2017,2017-09-05,2017-09-06,117.0,178.0,7,14
alloc-2017_7314322_TOHAKUM 2-2017-09-07,2017_7314322_TOHAKUM 2,Tohakum 2,NV,2017,2017-09-07,2017-09-08,42.0,74.0,9,14
alloc-2017_7314322_TOHAKUM 2-2017-09-09,2017_7314322_TOHAKUM 2,Tohakum 2,NV,2017,2017-09-09,2017-09-10,33.0,41.0,11,14
alloc-2017_7314322_TOHAKUM 2-2017-09-11,2017_7314322_TOHAKUM 2,Tohakum 2,NV,2017,2017-09-11,2017-09-12,14.0,14.0,13,14
alloc-2017_7314931_SAWMILL-2017-04-26,2017_7314931_SAWMILL,SAWMILL,AZ,2017,2017-04-26,2017-04-27,469.0,421.0,4,12
alloc-2017_7314931_SAWMILL-2017-04-27,2017_7314931_SAWMILL,SAWMILL,AZ,2017,2017-04-27,2017-04-28,465.0,469.0,5,12
alloc-2017_7314931_SAWMILL-2017-04-28,2017_7314931_SAWMILL,SAWMILL,AZ,2017,2017-04-28,2017-04-29,344.0,465.0,6,12
alloc-2017_7314931_SAWMILL-2017-04-30,2017_7314931_SAWMILL,SAWMILL,AZ,2017,2017-04-30,2017-05-01,124.0,155.0,8,12
alloc-2017_7314931_SAWMILL-2017-05-01,2017_7314931_SAWMILL,SAWMILL,AZ,2017,2017-05-01,2017-05-02,48.0,124.0,9,12
alloc-2017_7314931_SAWMILL-2017-05-03,2017_7314931_SAWMILL,SAWMILL,AZ,2017,2017-05-03,2017-05-04,28.0,28.0,11,12
alloc-2017_7315337_AMERICAN-2017-08-24,2017_7315337_AMERICAN,AMERICAN,WA,2017,2017-08-24,2017-08-25,16.0,14.0,4,21
alloc-2017_7315337_AMERICAN-2017-08-27,2017_7315337_AMERICAN,AMERICAN,WA,2017,2017-08-27,2017-08-28,14.0,14.0,7,21
alloc-2017_7315337_AMERICAN-2017-08-30,2017_7315337_AMERICAN,AMERICAN,WA,2017,2017-08-30,2017-08-31,2.0,2.0,10,21
alloc-2017_7315337_AMERICAN-2017-09-02,2017_7315337_AMERICAN,AMERICAN,WA,2017,2017-09-02,2017-09-03,1.0,2.0,13,21
alloc-2017_7315337_AMERICAN-2017-09-05,2017_7315337_AMERICAN,AMERICAN,WA,2017,2017-09-05,2017-09-06,1.0,1.0,16,21
alloc-2017_7315337_AMERICAN-2017-09-09,2017_7315337_AMERICAN,AMERICAN,WA,2017,2017-09-09,2017-09-10,41.0,41.0,20,21
alloc-2017_7316271_REBEL-2017-08-09,2017_7316271_REBEL,Rebel,OR,2017,2017-08-09,2017-08-10,134.0,111.0,4,40
alloc-2017_7316271_REBEL-2017-08-16,2017_7316271_REBEL,Rebel,OR,2017,2017-08-16,2017-08-17,183.0,171.0,11,40
alloc-2017_7316271_REBEL-2017-08-23,2017_7316271_REBEL,Rebel,OR,2017,2017-08-23,2017-08-24,53.0,56.0,18,40
alloc-2017_7316271_REBEL-2017-08-30,2017_7316271_REBEL,Rebel,OR,2017,2017-08-30,2017-08-31,43.0,41.0,25,40
alloc-2017_7316271_REBEL-2017-09-06,2017_7316271_REBEL,Rebel,OR,2017,2017-09-06,2017-09-07,61.0,46.0,32,40
alloc-2017_7316271_REBEL-2017-09-13,2017_7316271_REBEL,Rebel,OR,2017,2017-09-13,2017-09-14,73.0,66.0,39,40
alloc-2017_7316271_REBEL-2017-09-19,2017_7316271_REBEL,Rebel,OR,2017,2017-09-19,2017-09-20,39.0,43.0,4,13
alloc-2017_7316271_REBEL-2017-09-20,2017_7316271_REBEL,Rebel,OR,2017,2017-09-20,2017-09-21,41.0,39.0,5,13
alloc-2017_7316271_REBEL-2017-09-22,2017_7316271_REBEL,Rebel,OR,2017,2017-09-22,2017-09-23,21.0,38.0,7,13
alloc-2017_7316271_REBEL-2017-09-23,2017_7316271_REBEL,Rebel,OR,2017,2017-09-23,2017-09-24,39.0,21.0,8,13
alloc-2017_7316271_REBEL-2017-09-25,2017_7316271_REBEL,Rebel,OR,2017,2017-09-25,2017-09-26,40.0,39.0,10,13
alloc-2017_7316271_REBEL-2017-09-27,2017_7316271_REBEL,Rebel,OR,2017,2017-09-27,2017-09-28,11.0,13.0,12,13
alloc-2017_7318507_POWERLINE-2017-08-08,2017_7318507_POWERLINE,Powerline,ID,2017,2017-08-08,2017-08-09,180.0,186.0,4,10
alloc-2017_7318507_POWERLINE-2017-08-09,2017_7318507_POWERLINE,Powerline,ID,2017,2017-08-09,2017-08-10,139.0,180.0,5,10
alloc-2017_7318507_POWERLINE-2017-08-10,2017_7318507_POWERLINE,Powerline,ID,2017,2017-08-10,2017-08-11,130.0,139.0,6,10
alloc-2017_7318507_POWERLINE-2017-08-11,2017_7318507_POWERLINE,Powerline,ID,2017,2017-08-11,2017-08-12,124.0,130.0,7,10
alloc-2017_7318507_POWERLINE-2017-08-12,2017_7318507_POWERLINE,Powerline,ID,2017,2017-08-12,2017-08-13,43.0,124.0,8,10
alloc-2017_7318507_POWERLINE-2017-08-13,2017_7318507_POWERLINE,Powerline,ID,2017,2017-08-13,2017-08-14,48.0,43.0,9,10
alloc-2017_7319625_MOOSE PEAK-2017-09-07,2017_7319625_MOOSE PEAK,Moose Peak,MT,2017,2017-09-07,2017-09-08,18.0,12.0,4,22
alloc-2017_7319625_MOOSE PEAK-2017-09-10,2017_7319625_MOOSE PEAK,Moose Peak,MT,2017,2017-09-10,2017-09-11,24.0,23.0,7,22
alloc-2017_7319625_MOOSE PEAK-2017-09-13,2017_7319625_MOOSE PEAK,Moose Peak,MT,2017,2017-09-13,2017-09-14,101.0,66.0,10,22
alloc-2017_7319625_MOOSE PEAK-2017-09-17,2017_7319625_MOOSE PEAK,Moose Peak,MT,2017,2017-09-17,2017-09-18,151.0,65.0,14,22
alloc-2017_7319625_MOOSE PEAK-2017-09-20,2017_7319625_MOOSE PEAK,Moose Peak,MT,2017,2017-09-20,2017-09-21,70.0,124.0,17,22
alloc-2017_7319625_MOOSE PEAK-2017-09-24,2017_7319625_MOOSE PEAK,Moose Peak,MT,2017,2017-09-24,2017-09-25,10.0,28.0,21,22
alloc-2017_7320482_WEST FORK-2017-09-05,2017_7320482_WEST FORK,West Fork,MT,2017,2017-09-05,2017-09-06,91.0,60.0,4,24
alloc-2017_7320482_WEST FORK-2017-09-08,2017_7320482_WEST FORK,West Fork,MT,2017,2017-09-08,2017-09-09,133.0,130.0,7,24
alloc-2017_7320482_WEST FORK-2017-09-12,2017_7320482_WEST FORK,West Fork,MT,2017,2017-09-12,2017-09-13,124.0,122.0,11,24
alloc-2017_7320482_WEST FORK-2017-09-16,2017_7320482_WEST FORK,West Fork,MT,2017,2017-09-16,2017-09-17,163.0,162.0,15,24
alloc-2017_7320482_WEST FORK-2017-09-20,2017_7320482_WEST FORK,West Fork,MT,2017,2017-09-20,2017-09-21,59.0,118.0,19,24
alloc-2017_7320482_WEST FORK-2017-09-24,2017_7320482_WEST FORK,West Fork,MT,2017,2017-09-24,2017-09-25,60.0,62.0,23,24
alloc-2017_7321608_SPRAGUE-2017-08-17,2017_7321608_SPRAGUE,Sprague,MT,2017,2017-08-17,2017-08-18,31.0,13.0,4,35
alloc-2017_7321608_SPRAGUE-2017-08-23,2017_7321608_SPRAGUE,Sprague,MT,2017,2017-08-23,2017-08-24,40.0,39.0,10,35
alloc-2017_7321608_SPRAGUE-2017-08-29,2017_7321608_SPRAGUE,Sprague,MT,2017,2017-08-29,2017-08-30,53.0,52.0,16,35
alloc-2017_7321608_SPRAGUE-2017-09-04,2017_7321608_SPRAGUE,Sprague,MT,2017,2017-09-04,2017-09-05,71.0,65.0,22,35
alloc-2017_7321608_SPRAGUE-2017-09-10,2017_7321608_SPRAGUE,Sprague,MT,2017,2017-09-10,2017-09-11,67.0,68.0,28,35
alloc-2017_7321608_SPRAGUE-2017-09-16,2017_7321608_SPRAGUE,Sprague,MT,2017,2017-09-16,2017-09-17,56.0,58.0,34,35
alloc-2017_7321608_SPRAGUE-2017-09-22,2017_7321608_SPRAGUE,Sprague,MT,2017,2017-09-22,2017-09-23,53.0,52.0,4,13
alloc-2017_7321608_SPRAGUE-2017-09-23,2017_7321608_SPRAGUE,Sprague,MT,2017,2017-09-23,2017-09-24,44.0,53.0,5,13
alloc-2017_7321608_SPRAGUE-2017-09-25,2017_7321608_SPRAGUE,Sprague,MT,2017,2017-09-25,2017-09-26,59.0,39.0,7,13
alloc-2017_7321608_SPRAGUE-2017-09-26,2017_7321608_SPRAGUE,Sprague,MT,2017,2017-09-26,2017-09-27,57.0,59.0,8,13
alloc-2017_7321608_SPRAGUE-2017-09-28,2017_7321608_SPRAGUE,Sprague,MT,2017,2017-09-28,2017-09-29,36.0,58.0,10,13
alloc-2017_7321608_SPRAGUE-2017-09-30,2017_7321608_SPRAGUE,Sprague,MT,2017,2017-09-30,2017-10-01,28.0,37.0,12,13
alloc-2017_7323226_MCCULLY-2017-09-04,2017_7323226_MCCULLY,MCCULLY,MT,2017,2017-09-04,2017-09-05,79.0,75.0,4,15
alloc-2017_7323226_MCCULLY-2017-09-06,2017_7323226_MCCULLY,MCCULLY,MT,2017,2017-09-06,2017-09-07,54.0,77.0,6,15
alloc-2017_7323226_MCCULLY-2017-09-08,2017_7323226_MCCULLY,MCCULLY,MT,2017,2017-09-08,2017-09-09,41.0,40.0,8,15
alloc-2017_7323226_MCCULLY-2017-09-10,2017_7323226_MCCULLY,MCCULLY,MT,2017,2017-09-10,2017-09-11,37.0,45.0,10,15
alloc-2017_7323226_MCCULLY-2017-09-12,2017_7323226_MCCULLY,MCCULLY,MT,2017,2017-09-12,2017-09-13,24.0,43.0,12,15
alloc-2017_7323226_MCCULLY-2017-09-14,2017_7323226_MCCULLY,MCCULLY,MT,2017,2017-09-14,2017-09-15,24.0,24.0,14,15
alloc-2017_7328536_POTATO HILL-2017-09-02,2017_7328536_POTATO HILL,Potato Hill,OR,2017,2017-09-02,2017-09-03,30.0,32.0,4,19
alloc-2017_7328536_POTATO HILL-2017-09-04,2017_7328536_POTATO HILL,Potato Hill,OR,2017,2017-09-04,2017-09-05,34.0,33.0,6,19
alloc-2017_7328536_POTATO HILL-2017-09-07,2017_7328536_POTATO HILL,Potato Hill,OR,2017,2017-09-07,2017-09-08,8.0,57.0,9,19
alloc-2017_7328536_POTATO HILL-2017-09-10,2017_7328536_POTATO HILL,Potato Hill,OR,2017,2017-09-10,2017-09-11,11.0,10.0,12,19
alloc-2017_7328536_POTATO HILL-2017-09-13,2017_7328536_POTATO HILL,Potato Hill,OR,2017,2017-09-13,2017-09-14,15.0,37.0,15,19
alloc-2017_7328536_POTATO HILL-2017-09-16,2017_7328536_POTATO HILL,Potato Hill,OR,2017,2017-09-16,2017-09-17,34.0,4.0,18,19
alloc-2017_7331549_MCKAY 1035 NE-2017-09-01,2017_7331549_MCKAY 1035 NE,MCKAY 1035 NE,OR,2017,2017-09-01,2017-09-02,39.0,39.0,4,10
alloc-2017_7331549_MCKAY 1035 NE-2017-09-02,2017_7331549_MCKAY 1035 NE,MCKAY 1035 NE,OR,2017,2017-09-02,2017-09-03,14.0,39.0,5,10
alloc-2017_7331549_MCKAY 1035 NE-2017-09-03,2017_7331549_MCKAY 1035 NE,MCKAY 1035 NE,OR,2017,2017-09-03,2017-09-04,14.0,14.0,6,10
alloc-2017_7331549_MCKAY 1035 NE-2017-09-04,2017_7331549_MCKAY 1035 NE,MCKAY 1035 NE,OR,2017,2017-09-04,2017-09-05,10.0,14.0,7,10
alloc-2017_7331549_MCKAY 1035 NE-2017-09-05,2017_7331549_MCKAY 1035 NE,MCKAY 1035 NE,OR,2017,2017-09-05,2017-09-06,10.0,10.0,8,10
alloc-2017_7331549_MCKAY 1035 NE-2017-09-06,2017_7331549_MCKAY 1035 NE,MCKAY 1035 NE,OR,2017,2017-09-06,2017-09-07,10.0,10.0,9,10
alloc-2017_7336310_JUNE-2017-07-22,2017_7336310_JUNE,JUNE,WY,2017,2017-07-22,2017-07-23,100.0,102.0,4,10
alloc-2017_7336310_JUNE-2017-07-23,2017_7336310_JUNE,JUNE,WY,2017,2017-07-23,2017-07-24,102.0,100.0,5,10
alloc-2017_7336310_JUNE-2017-07-24,2017_7336310_JUNE,JUNE,WY,2017,2017-07-24,2017-07-25,93.0,102.0,6,10
alloc-2017_7336310_JUNE-2017-07-25,2017_7336310_JUNE,JUNE,WY,2017,2017-07-25,2017-07-26,56.0,93.0,7,10
alloc-2017_7336310_JUNE-2017-07-26,2017_7336310_JUNE,JUNE,WY,2017,2017-07-26,2017-07-27,28.0,56.0,8,10
alloc-2017_7336310_JUNE-2017-07-27,2017_7336310_JUNE,JUNE,WY,2017,2017-07-27,2017-07-28,29.0,28.0,9,10
alloc-2017_7336725_PEAK 2-2017-07-08,2017_7336725_PEAK 2,Peak 2,CO,2017,2017-07-08,2017-07-09,110.0,187.0,4,16
alloc-2017_7336725_PEAK 2-2017-07-10,2017_7336725_PEAK 2,Peak 2,CO,2017,2017-07-10,2017-07-11,85.0,88.0,6,16
alloc-2017_7336725_PEAK 2-2017-07-12,2017_7336725_PEAK 2,Peak 2,CO,2017,2017-07-12,2017-07-13,21.0,23.0,8,16
alloc-2017_7336725_PEAK 2-2017-07-14,2017_7336725_PEAK 2,Peak 2,CO,2017,2017-07-14,2017-07-15,24.0,24.0,10,16
alloc-2017_7336725_PEAK 2-2017-07-16,2017_7336725_PEAK 2,Peak 2,CO,2017,2017-07-16,2017-07-17,24.0,24.0,12,16
alloc-2017_7336725_PEAK 2-2017-07-19,2017_7336725_PEAK 2,Peak 2,CO,2017,2017-07-19,2017-07-20,24.0,24.0,15,16
alloc-2017_7337181_HORSE CREEK COMPLEX-2017-08-25,2017_7337181_HORSE CREEK COMPLEX,Horse Creek Complex,OR,2017,2017-08-25,2017-08-26,170.0,206.0,4,38
alloc-2017_7337181_HORSE CREEK COMPLEX-2017-08-31,2017_7337181_HORSE CREEK COMPLEX,Horse Creek Complex,OR,2017,2017-08-31,2017-09-01,64.0,108.0,10,38
alloc-2017_7337181_HORSE CREEK COMPLEX-2017-09-07,2017_7337181_HORSE CREEK COMPLEX,Horse Creek Complex,OR,2017,2017-09-07,2017-09-08,237.0,157.0,17,38
alloc-2017_7337181_HORSE CREEK COMPLEX-2017-09-13,2017_7337181_HORSE CREEK COMPLEX,Horse Creek Complex,OR,2017,2017-09-13,2017-09-14,271.0,244.0,23,38
alloc-2017_7337181_HORSE CREEK COMPLEX-2017-09-20,2017_7337181_HORSE CREEK COMPLEX,Horse Creek Complex,OR,2017,2017-09-20,2017-09-21,176.0,231.0,30,38
alloc-2017_7337181_HORSE CREEK COMPLEX-2017-09-27,2017_7337181_HORSE CREEK COMPLEX,Horse Creek Complex,OR,2017,2017-09-27,2017-09-28,54.0,56.0,37,38
alloc-2017_7339773_PEEKABOO-2017-07-05,2017_7339773_PEEKABOO,PEEKABOO,CO,2017,2017-07-05,2017-07-06,72.0,72.0,4,19
alloc-2017_7339773_PEEKABOO-2017-07-07,2017_7339773_PEEKABOO,PEEKABOO,CO,2017,2017-07-07,2017-07-08,110.0,106.0,6,19
alloc-2017_7339773_PEEKABOO-2017-07-10,2017_7339773_PEEKABOO,PEEKABOO,CO,2017,2017-07-10,2017-07-11,106.0,123.0,9,19
alloc-2017_7339773_PEEKABOO-2017-07-13,2017_7339773_PEEKABOO,PEEKABOO,CO,2017,2017-07-13,2017-07-14,67.0,84.0,12,19
alloc-2017_7339773_PEEKABOO-2017-07-16,2017_7339773_PEEKABOO,PEEKABOO,CO,2017,2017-07-16,2017-07-17,22.0,31.0,15,19
alloc-2017_7339773_PEEKABOO-2017-07-19,2017_7339773_PEEKABOO,PEEKABOO,CO,2017,2017-07-19,2017-07-20,0.0,8.0,18,19
alloc-2017_7340240_SH CREEK-2017-07-07,2017_7340240_SH CREEK,SH Creek,AZ,2017,2017-07-07,2017-07-08,92.0,97.0,4,10
alloc-2017_7340240_SH CREEK-2017-07-08,2017_7340240_SH CREEK,SH Creek,AZ,2017,2017-07-08,2017-07-09,90.0,92.0,5,10
alloc-2017_7340240_SH CREEK-2017-07-09,2017_7340240_SH CREEK,SH Creek,AZ,2017,2017-07-09,2017-07-10,62.0,90.0,6,10
alloc-2017_7340240_SH CREEK-2017-07-10,2017_7340240_SH CREEK,SH Creek,AZ,2017,2017-07-10,2017-07-11,46.0,62.0,7,10
alloc-2017_7340240_SH CREEK-2017-07-11,2017_7340240_SH CREEK,SH Creek,AZ,2017,2017-07-11,2017-07-12,19.0,46.0,8,10
alloc-2017_7340240_SH CREEK-2017-07-12,2017_7340240_SH CREEK,SH Creek,AZ,2017,2017-07-12,2017-07-13,10.0,19.0,9,10
alloc-2017_7340680_BLUE BAY-2017-08-17,2017_7340680_BLUE BAY,BLUE BAY,MT,2017,2017-08-17,2017-08-18,89.0,88.0,4,36
alloc-2017_7340680_BLUE BAY-2017-08-23,2017_7340680_BLUE BAY,BLUE BAY,MT,2017,2017-08-23,2017-08-24,94.0,94.0,10,36
alloc-2017_7340680_BLUE BAY-2017-08-29,2017_7340680_BLUE BAY,BLUE BAY,MT,2017,2017-08-29,2017-08-30,84.0,84.0,16,36
alloc-2017_7340680_BLUE BAY-2017-09-04,2017_7340680_BLUE BAY,BLUE BAY,MT,2017,2017-09-04,2017-09-05,56.0,46.0,22,36
alloc-2017_7340680_BLUE BAY-2017-09-10,2017_7340680_BLUE BAY,BLUE BAY,MT,2017,2017-09-10,2017-09-11,52.0,51.0,28,36
alloc-2017_7340680_BLUE BAY-2017-09-17,2017_7340680_BLUE BAY,BLUE BAY,MT,2017,2017-09-17,2017-09-18,19.0,22.0,35,36
alloc-2017_7341939_CARIBOU-2017-08-27,2017_7341939_CARIBOU,Caribou,MT,2017,2017-08-27,2017-08-28,42.0,22.0,4,27
alloc-2017_7341939_CARIBOU-2017-08-31,2017_7341939_CARIBOU,Caribou,MT,2017,2017-08-31,2017-09-01,42.0,66.0,8,27
alloc-2017_7341939_CARIBOU-2017-09-04,2017_7341939_CARIBOU,Caribou,MT,2017,2017-09-04,2017-09-05,90.0,75.0,12,27
alloc-2017_7341939_CARIBOU-2017-09-09,2017_7341939_CARIBOU,Caribou,MT,2017,2017-09-09,2017-09-10,169.0,169.0,17,27
alloc-2017_7341939_CARIBOU-2017-09-13,2017_7341939_CARIBOU,Caribou,MT,2017,2017-09-13,2017-09-14,161.0,167.0,21,27
alloc-2017_7341939_CARIBOU-2017-09-18,2017_7341939_CARIBOU,Caribou,MT,2017,2017-09-18,2017-09-19,93.0,127.0,26,27
alloc-2017_7343355_UMPQUA NORTH COMPLEX-2017-08-16,2017_7343355_UMPQUA NORTH COMPLEX,Umpqua North Complex,OR,2017,2017-08-16,2017-08-17,395.0,325.0,4,35
alloc-2017_7343355_UMPQUA NORTH COMPLEX-2017-08-22,2017_7343355_UMPQUA NORTH COMPLEX,Umpqua North Complex,OR,2017,2017-08-22,2017-08-23,490.0,488.0,10,35
alloc-2017_7343355_UMPQUA NORTH COMPLEX-2017-08-28,2017_7343355_UMPQUA NORTH COMPLEX,Umpqua North Complex,OR,2017,2017-08-28,2017-08-29,414.0,429.0,16,35
alloc-2017_7343355_UMPQUA NORTH COMPLEX-2017-09-03,2017_7343355_UMPQUA NORTH COMPLEX,Umpqua North Complex,OR,2017,2017-09-03,2017-09-04,369.0,402.0,22,35
alloc-2017_7343355_UMPQUA NORTH COMPLEX-2017-09-09,2017_7343355_UMPQUA NORTH COMPLEX,Umpqua North Complex,OR,2017,2017-09-09,2017-09-10,397.0,420.0,28,35
alloc-2017_7343355_UMPQUA NORTH COMPLEX-2017-09-15,2017_7343355_UMPQUA NORTH COMPLEX,Umpqua North Complex,OR,2017,2017-09-15,2017-09-16,294.0,310.0,34,35
alloc-2017_7343355_UMPQUA NORTH COMPLEX-2017-09-21,2017_7343355_UMPQUA NORTH COMPLEX,Umpqua North Complex,OR,2017,2017-09-21,2017-09-22,344.0,379.0,4,25
alloc-2017_7343355_UMPQUA NORTH COMPLEX-2017-09-25,2017_7343355_UMPQUA NORTH COMPLEX,Umpqua North Complex,OR,2017,2017-09-25,2017-09-26,131.0,377.0,8,25
alloc-2017_7343355_UMPQUA NORTH COMPLEX-2017-09-29,2017_7343355_UMPQUA NORTH COMPLEX,Umpqua North Complex,OR,2017,2017-09-29,2017-09-30,87.0,69.0,12,25
alloc-2017_7343355_UMPQUA NORTH COMPLEX-2017-10-03,2017_7343355_UMPQUA NORTH COMPLEX,Umpqua North Complex,OR,2017,2017-10-03,2017-10-04,62.0,75.0,16,25
alloc-2017_7343355_UMPQUA NORTH COMPLEX-2017-10-07,2017_7343355_UMPQUA NORTH COMPLEX,Umpqua North Complex,OR,2017,2017-10-07,2017-10-08,70.0,73.0,20,25
alloc-2017_7343355_UMPQUA NORTH COMPLEX-2017-10-11,2017_7343355_UMPQUA NORTH COMPLEX,Umpqua North Complex,OR,2017,2017-10-11,2017-10-12,18.0,52.0,24,25
alloc-2017_7346754_JONES-2017-08-15,2017_7346754_JONES,Jones,OR,2017,2017-08-15,2017-08-16,245.0,207.0,4,56
alloc-2017_7346754_JONES-2017-08-25,2017_7346754_JONES,Jones,OR,2017,2017-08-25,2017-08-26,245.0,244.0,14,56
alloc-2017_7346754_JONES-2017-09-04,2017_7346754_JONES,Jones,OR,2017,2017-09-04,2017-09-05,369.0,393.0,24,56
alloc-2017_7346754_JONES-2017-09-14,2017_7346754_JONES,Jones,OR,2017,2017-09-14,2017-09-15,144.0,168.0,34,56
alloc-2017_7346754_JONES-2017-09-24,2017_7346754_JONES,Jones,OR,2017,2017-09-24,2017-09-25,84.0,65.0,44,56
alloc-2017_7346754_JONES-2017-10-05,2017_7346754_JONES,Jones,OR,2017,2017-10-05,2017-10-06,60.0,64.0,55,56
alloc-2017_7350177_STALEY-2017-08-25,2017_7350177_STALEY,Staley,OR,2017,2017-08-25,2017-08-26,340.0,329.0,4,19
alloc-2017_7350177_STALEY-2017-08-27,2017_7350177_STALEY,Staley,OR,2017,2017-08-27,2017-08-28,249.0,359.0,6,19
alloc-2017_7350177_STALEY-2017-08-30,2017_7350177_STALEY,Staley,OR,2017,2017-08-30,2017-08-31,231.0,230.0,9,19
alloc-2017_7350177_STALEY-2017-09-02,2017_7350177_STALEY,Staley,OR,2017,2017-09-02,2017-09-03,114.0,138.0,12,19
alloc-2017_7350177_STALEY-2017-09-05,2017_7350177_STALEY,Staley,OR,2017,2017-09-05,2017-09-06,105.0,104.0,15,19
alloc-2017_7350177_STALEY-2017-09-08,2017_7350177_STALEY,Staley,OR,2017,2017-09-08,2017-09-09,54.0,62.0,18,19
alloc-2017_7350855_JOLLY MOUNTAIN-2017-08-15,2017_7350855_JOLLY MOUNTAIN,Jolly Mountain,WA,2017,2017-08-15,2017-08-16,163.0,107.0,4,44
alloc-2017_7350855_JOLLY MOUNTAIN-2017-08-22,2017_7350855_JOLLY MOUNTAIN,JOLLY MOUNTAIN,WA,2017,2017-08-22,2017-08-23,157.0,157.0,11,44
alloc-2017_7350855_JOLLY MOUNTAIN-2017-08-30,2017_7350855_JOLLY MOUNTAIN,JOLLY MOUNTAIN,WA,2017,2017-08-30,2017-08-31,203.0,168.0,19,44
alloc-2017_7350855_JOLLY MOUNTAIN-2017-09-07,2017_7350855_JOLLY MOUNTAIN,JOLLY MOUNTAIN,WA,2017,2017-09-07,2017-09-08,370.0,355.0,27,44
alloc-2017_7350855_JOLLY MOUNTAIN-2017-09-15,2017_7350855_JOLLY MOUNTAIN,JOLLY MOUNTAIN,WA,2017,2017-09-15,2017-09-16,206.0,262.0,35,44
alloc-2017_7350855_JOLLY MOUNTAIN-2017-09-23,2017_7350855_JOLLY MOUNTAIN,JOLLY MOUNTAIN,WA,2017,2017-09-23,2017-09-24,64.0,65.0,43,44
alloc-2017_7353845_EAST FORK-2017-06-28,2017_7353845_EAST FORK,East Fork,AK,2017,2017-06-28,2017-06-29,25.0,25.0,4,10
alloc-2017_7353845_EAST FORK-2017-06-29,2017_7353845_EAST FORK,East Fork,AK,2017,2017-06-29,2017-06-30,24.0,25.0,5,10
alloc-2017_7353845_EAST FORK-2017-06-30,2017_7353845_EAST FORK,East Fork,AK,2017,2017-06-30,2017-07-01,25.0,24.0,6,10
alloc-2017_7353845_EAST FORK-2017-07-01,2017_7353845_EAST FORK,East Fork,AK,2017,2017-07-01,2017-07-02,25.0,25.0,7,10
alloc-2017_7353845_EAST FORK-2017-07-02,2017_7353845_EAST FORK,East Fork,AK,2017,2017-07-02,2017-07-03,25.0,25.0,8,10
alloc-2017_7353845_EAST FORK-2017-07-03,2017_7353845_EAST FORK,East Fork,AK,2017,2017-07-03,2017-07-04,22.0,25.0,9,10
alloc-2017_7354584_LEAD PLACE-2017-04-25,2017_7354584_LEAD PLACE,Lead Place,FL,2017,2017-04-25,2017-04-26,14.0,14.0,4,14
alloc-2017_7354584_LEAD PLACE-2017-04-26,2017_7354584_LEAD PLACE,Lead Place,FL,2017,2017-04-26,2017-04-27,14.0,14.0,5,14
alloc-2017_7354584_LEAD PLACE-2017-04-28,2017_7354584_LEAD PLACE,Lead Place,FL,2017,2017-04-28,2017-04-29,14.0,14.0,7,14
alloc-2017_7354584_LEAD PLACE-2017-04-30,2017_7354584_LEAD PLACE,Lead Place,FL,2017,2017-04-30,2017-05-01,14.0,14.0,9,14
alloc-2017_7354584_LEAD PLACE-2017-05-02,2017_7354584_LEAD PLACE,Lead Place,FL,2017,2017-05-02,2017-05-03,13.0,14.0,11,14
alloc-2017_7354584_LEAD PLACE-2017-05-04,2017_7354584_LEAD PLACE,Lead Place,FL,2017,2017-05-04,2017-05-05,13.0,13.0,13,14
alloc-2017_7355010_BRIANHEAD-2017-06-20,2017_7355010_BRIANHEAD,Brianhead,UT,2017,2017-06-20,2017-06-21,252.0,236.0,4,38
alloc-2017_7355010_BRIANHEAD-2017-06-26,2017_7355010_BRIANHEAD,Brianhead,UT,2017,2017-06-26,2017-06-27,506.0,461.0,10,38
alloc-2017_7355010_BRIANHEAD-2017-07-03,2017_7355010_BRIANHEAD,Brianhead,UT,2017,2017-07-03,2017-07-04,462.0,524.0,17,38
alloc-2017_7355010_BRIANHEAD-2017-07-09,2017_7355010_BRIANHEAD,Brianhead,UT,2017,2017-07-09,2017-07-10,260.0,271.0,23,38
alloc-2017_7355010_BRIANHEAD-2017-07-16,2017_7355010_BRIANHEAD,Brianhead,UT,2017,2017-07-16,2017-07-17,70.0,131.0,30,38
alloc-2017_7355010_BRIANHEAD-2017-07-23,2017_7355010_BRIANHEAD,Brianhead,UT,2017,2017-07-23,2017-07-24,22.0,42.0,37,38
alloc-2017_7360708_BIG RED-2017-08-31,2017_7360708_BIG RED,BIG RED,CO,2017,2017-08-31,2017-09-01,63.0,42.0,4,18
alloc-2017_7360708_BIG RED-2017-09-02,2017_7360708_BIG RED,BIG RED,CO,2017,2017-09-02,2017-09-03,63.0,63.0,6,18
alloc-2017_7360708_BIG RED-2017-09-05,2017_7360708_BIG RED,BIG RED,CO,2017,2017-09-05,2017-09-06,63.0,62.0,9,18
alloc-2017_7360708_BIG RED-2017-09-07,2017_7360708_BIG RED,BIG RED,CO,2017,2017-09-07,2017-09-08,34.0,35.0,11,18
alloc-2017_7360708_BIG RED-2017-09-10,2017_7360708_BIG RED,BIG RED,CO,2017,2017-09-10,2017-09-11,29.0,29.0,14,18
alloc-2017_7360708_BIG RED-2017-09-13,2017_7360708_BIG RED,BIG RED,CO,2017,2017-09-13,2017-09-14,6.0,6.0,17,18
alloc-2017_7362311_EAST FORK-2017-08-30,2017_7362311_EAST FORK,EAST FORK,MT,2017,2017-08-30,2017-08-31,50.0,49.0,4,20
alloc-2017_7362311_EAST FORK-2017-09-02,2017_7362311_EAST FORK,EAST FORK,MT,2017,2017-09-02,2017-09-03,78.0,76.0,7,20
alloc-2017_7362311_EAST FORK-2017-09-05,2017_7362311_EAST FORK,EAST FORK,MT,2017,2017-09-05,2017-09-06,155.0,181.0,10,20
alloc-2017_7362311_EAST FORK-2017-09-08,2017_7362311_EAST FORK,EAST FORK,MT,2017,2017-09-08,2017-09-09,86.0,165.0,13,20
alloc-2017_7362311_EAST FORK-2017-09-11,2017_7362311_EAST FORK,EAST FORK,MT,2017,2017-09-11,2017-09-12,58.0,92.0,16,20
alloc-2017_7362311_EAST FORK-2017-09-14,2017_7362311_EAST FORK,EAST FORK,MT,2017,2017-09-14,2017-09-15,16.0,42.0,19,20
alloc-2017_7363060_UNION CAMP-2017-05-15,2017_7363060_UNION CAMP,Union Camp,FL,2017,2017-05-15,2017-05-16,4.0,4.0,4,13
alloc-2017_7363060_UNION CAMP-2017-05-16,2017_7363060_UNION CAMP,Union Camp,FL,2017,2017-05-16,2017-05-17,4.0,4.0,5,13
alloc-2017_7363060_UNION CAMP-2017-05-18,2017_7363060_UNION CAMP,Union Camp,FL,2017,2017-05-18,2017-05-19,4.0,4.0,7,13
alloc-2017_7363060_UNION CAMP-2017-05-19,2017_7363060_UNION CAMP,Union Camp,FL,2017,2017-05-19,2017-05-20,4.0,4.0,8,13
alloc-2017_7363060_UNION CAMP-2017-05-21,2017_7363060_UNION CAMP,Union Camp,FL,2017,2017-05-21,2017-05-22,1.0,4.0,10,13
alloc-2017_7363060_UNION CAMP-2017-05-23,2017_7363060_UNION CAMP,Union Camp,FL,2017,2017-05-23,2017-05-24,2.0,2.0,12,13
alloc-2017_7363292_TUNGSTEN-2017-08-31,2017_7363292_TUNGSTEN,Tungsten,NV,2017,2017-08-31,2017-09-01,98.0,65.0,4,19
alloc-2017_7363292_TUNGSTEN-2017-09-02,2017_7363292_TUNGSTEN,Tungsten,NV,2017,2017-09-02,2017-09-03,102.0,102.0,6,19
alloc-2017_7363292_TUNGSTEN-2017-09-05,2017_7363292_TUNGSTEN,Tungsten,NV,2017,2017-09-05,2017-09-06,138.0,111.0,9,19
alloc-2017_7363292_TUNGSTEN-2017-09-08,2017_7363292_TUNGSTEN,Tungsten,NV,2017,2017-09-08,2017-09-09,104.0,123.0,12,19
alloc-2017_7363292_TUNGSTEN-2017-09-11,2017_7363292_TUNGSTEN,Tungsten,NV,2017,2017-09-11,2017-09-12,51.0,71.0,15,19
alloc-2017_7363292_TUNGSTEN-2017-09-14,2017_7363292_TUNGSTEN,Tungsten,NV,2017,2017-09-14,2017-09-15,3.0,4.0,18,19
alloc-2017_7363775_EAGLE CREEK-2017-09-06,2017_7363775_EAGLE CREEK,Eagle Creek,OR,2017,2017-09-06,2017-09-07,506.0,526.0,4,40
alloc-2017_7363775_EAGLE CREEK-2017-09-13,2017_7363775_EAGLE CREEK,Eagle Creek,OR,2017,2017-09-13,2017-09-14,377.0,370.0,11,40
alloc-2017_7363775_EAGLE CREEK-2017-09-20,2017_7363775_EAGLE CREEK,Eagle Creek,OR,2017,2017-09-20,2017-09-21,74.0,74.0,18,40
alloc-2017_7363775_EAGLE CREEK-2017-09-27,2017_7363775_EAGLE CREEK,Eagle Creek,OR,2017,2017-09-27,2017-09-28,93.0,95.0,25,40
alloc-2017_7363775_EAGLE CREEK-2017-10-04,2017_7363775_EAGLE CREEK,Eagle Creek,OR,2017,2017-10-04,2017-10-05,55.0,78.0,32,40
alloc-2017_7363775_EAGLE CREEK-2017-10-11,2017_7363775_EAGLE CREEK,Eagle Creek,OR,2017,2017-10-11,2017-10-12,36.0,42.0,39,40
alloc-2017_7366105_LIBERTY-2017-07-27,2017_7366105_LIBERTY,LIBERTY,MT,2017,2017-07-27,2017-07-28,77.0,75.0,4,58
alloc-2017_7366105_LIBERTY-2017-08-06,2017_7366105_LIBERTY,Liberty,MT,2017,2017-08-06,2017-08-07,152.0,183.0,14,58
alloc-2017_7366105_LIBERTY-2017-08-17,2017_7366105_LIBERTY,Liberty,MT,2017,2017-08-17,2017-08-18,83.0,80.0,25,58
alloc-2017_7366105_LIBERTY-2017-08-27,2017_7366105_LIBERTY,Liberty,MT,2017,2017-08-27,2017-08-28,155.0,157.0,35,58
alloc-2017_7366105_LIBERTY-2017-09-07,2017_7366105_LIBERTY,Liberty,MT,2017,2017-09-07,2017-09-08,158.0,154.0,46,58
alloc-2017_7366105_LIBERTY-2017-09-18,2017_7366105_LIBERTY,Liberty,MT,2017,2017-09-18,2017-09-19,106.0,108.0,57,58
alloc-2017_7369215_NORTH PELICAN-2017-08-20,2017_7369215_NORTH PELICAN,North Pelican,OR,2017,2017-08-20,2017-08-21,51.0,49.0,4,23
alloc-2017_7369215_NORTH PELICAN-2017-08-23,2017_7369215_NORTH PELICAN,North Pelican,OR,2017,2017-08-23,2017-08-24,75.0,70.0,7,23
alloc-2017_7369215_NORTH PELICAN-2017-08-27,2017_7369215_NORTH PELICAN,North Pelican,OR,2017,2017-08-27,2017-08-28,68.0,74.0,11,23
alloc-2017_7369215_NORTH PELICAN-2017-08-30,2017_7369215_NORTH PELICAN,North Pelican,OR,2017,2017-08-30,2017-08-31,68.0,68.0,14,23
alloc-2017_7369215_NORTH PELICAN-2017-09-03,2017_7369215_NORTH PELICAN,North Pelican,OR,2017,2017-09-03,2017-09-04,76.0,75.0,18,23
alloc-2017_7369215_NORTH PELICAN-2017-09-07,2017_7369215_NORTH PELICAN,North Pelican,OR,2017,2017-09-07,2017-09-08,86.0,86.0,22,23
alloc-2017_7373517_BRIDGE CREEK-2017-08-13,2017_7373517_BRIDGE CREEK,BRIDGE CREEK,WA,2017,2017-08-13,2017-08-14,191.0,182.0,4,34
alloc-2017_7373517_BRIDGE CREEK-2017-08-18,2017_7373517_BRIDGE CREEK,BRIDGE CREEK,WA,2017,2017-08-18,2017-08-19,257.0,231.0,9,34
alloc-2017_7373517_BRIDGE CREEK-2017-08-24,2017_7373517_BRIDGE CREEK,BRIDGE CREEK,WA,2017,2017-08-24,2017-08-25,279.0,286.0,15,34
alloc-2017_7373517_BRIDGE CREEK-2017-08-30,2017_7373517_BRIDGE CREEK,BRIDGE CREEK,WA,2017,2017-08-30,2017-08-31,233.0,248.0,21,34
alloc-2017_7373517_BRIDGE CREEK-2017-09-05,2017_7373517_BRIDGE CREEK,BRIDGE CREEK,WA,2017,2017-09-05,2017-09-06,112.0,117.0,27,34
alloc-2017_7373517_BRIDGE CREEK-2017-09-11,2017_7373517_BRIDGE CREEK,BRIDGE CREEK,WA,2017,2017-09-11,2017-09-12,36.0,44.0,33,34
alloc-2017_7376054_BURRO-2017-07-04,2017_7376054_BURRO,BURRO,AZ,2017,2017-07-04,2017-07-05,218.0,192.0,4,12
alloc-2017_7376054_BURRO-2017-07-05,2017_7376054_BURRO,BURRO,AZ,2017,2017-07-05,2017-07-06,232.0,218.0,5,12
alloc-2017_7376054_BURRO-2017-07-06,2017_7376054_BURRO,BURRO,AZ,2017,2017-07-06,2017-07-07,236.0,232.0,6,12
alloc-2017_7376054_BURRO-2017-07-08,2017_7376054_BURRO,BURRO,AZ,2017,2017-07-08,2017-07-09,221.0,238.0,8,12
alloc-2017_7376054_BURRO-2017-07-09,2017_7376054_BURRO,BURRO,AZ,2017,2017-07-09,2017-07-10,193.0,221.0,9,12
alloc-2017_7376054_BURRO-2017-07-11,2017_7376054_BURRO,BURRO,AZ,2017,2017-07-11,2017-07-12,58.0,116.0,11,12
alloc-2017_7390969_GIBRALTER RIDGE-2017-08-11,2017_7390969_GIBRALTER RIDGE,Gibralter Ridge,MT,2017,2017-08-11,2017-08-12,163.0,148.0,4,43
alloc-2017_7390969_GIBRALTER RIDGE-2017-08-18,2017_7390969_GIBRALTER RIDGE,Gibralter Ridge,MT,2017,2017-08-18,2017-08-19,197.0,198.0,11,43
alloc-2017_7390969_GIBRALTER RIDGE-2017-08-26,2017_7390969_GIBRALTER RIDGE,Gibralter Ridge,MT,2017,2017-08-26,2017-08-27,48.0,68.0,19,43
alloc-2017_7390969_GIBRALTER RIDGE-2017-09-02,2017_7390969_GIBRALTER RIDGE,Gibralter Ridge,MT,2017,2017-09-02,2017-09-03,38.0,40.0,26,43
alloc-2017_7390969_GIBRALTER RIDGE-2017-09-10,2017_7390969_GIBRALTER RIDGE,Gibralter Ridge,MT,2017,2017-09-10,2017-09-11,16.0,36.0,34,43
alloc-2017_7390969_GIBRALTER RIDGE-2017-09-18,2017_7390969_GIBRALTER RIDGE,Gibralter Ridge,MT,2017,2017-09-18,2017-09-19,8.0,9.0,42,43
alloc-2017_7392729_HIGHLINE-2017-08-20,2017_7392729_HIGHLINE,Highline,ID,2017,2017-08-20,2017-08-21,27.0,27.0,4,36
alloc-2017_7392729_HIGHLINE-2017-08-26,2017_7392729_HIGHLINE,Highline,ID,2017,2017-08-26,2017-08-27,60.0,56.0,10,36
alloc-2017_7392729_HIGHLINE-2017-09-01,2017_7392729_HIGHLINE,Highline,ID,2017,2017-09-01,2017-09-02,35.0,36.0,16,36
alloc-2017_7392729_HIGHLINE-2017-09-07,2017_7392729_HIGHLINE,Highline,ID,2017,2017-09-07,2017-09-08,32.0,53.0,22,36
alloc-2017_7392729_HIGHLINE-2017-09-13,2017_7392729_HIGHLINE,Highline,ID,2017,2017-09-13,2017-09-14,30.0,30.0,28,36
alloc-2017_7392729_HIGHLINE-2017-09-20,2017_7392729_HIGHLINE,Highline,ID,2017,2017-09-20,2017-09-21,5.0,4.0,35,36
alloc-2017_7394096_POLE CREEK-2017-08-07,2017_7394096_POLE CREEK,Pole Creek,WY,2017,2017-08-07,2017-08-08,163.0,163.0,4,47
alloc-2017_7394096_POLE CREEK-2017-08-15,2017_7394096_POLE CREEK,Pole Creek,WY,2017,2017-08-15,2017-08-16,108.0,168.0,12,47
alloc-2017_7394096_POLE CREEK-2017-08-23,2017_7394096_POLE CREEK,Pole Creek,WY,2017,2017-08-23,2017-08-24,65.0,72.0,20,47
alloc-2017_7394096_POLE CREEK-2017-09-01,2017_7394096_POLE CREEK,Pole Creek,WY,2017,2017-09-01,2017-09-02,40.0,72.0,29,47
alloc-2017_7394096_POLE CREEK-2017-09-09,2017_7394096_POLE CREEK,Pole Creek,WY,2017,2017-09-09,2017-09-10,53.0,55.0,37,47
alloc-2017_7394096_POLE CREEK-2017-09-18,2017_7394096_POLE CREEK,Pole Creek,WY,2017,2017-09-18,2017-09-19,3.0,48.0,46,47
alloc-2017_7400161_FALCON COMPLEX-2017-08-12,2017_7400161_FALCON COMPLEX,Falcon Complex,OR,2017,2017-08-12,2017-08-13,307.0,263.0,4,37
alloc-2017_7400161_FALCON COMPLEX-2017-08-18,2017_7400161_FALCON COMPLEX,Falcon Complex,OR,2017,2017-08-18,2017-08-19,322.0,324.0,10,37
alloc-2017_7400161_FALCON COMPLEX-2017-08-24,2017_7400161_FALCON COMPLEX,Falcon Complex,OR,2017,2017-08-24,2017-08-25,257.0,316.0,16,37
alloc-2017_7400161_FALCON COMPLEX-2017-08-31,2017_7400161_FALCON COMPLEX,Falcon Complex,OR,2017,2017-08-31,2017-09-01,146.0,151.0,23,37
alloc-2017_7400161_FALCON COMPLEX-2017-09-06,2017_7400161_FALCON COMPLEX,Falcon Complex,OR,2017,2017-09-06,2017-09-07,149.0,149.0,29,37
alloc-2017_7400161_FALCON COMPLEX-2017-09-13,2017_7400161_FALCON COMPLEX,Falcon Complex,OR,2017,2017-09-13,2017-09-14,43.0,60.0,36,37
alloc-2017_7402057_NENA SPRINGS-2017-08-12,2017_7402057_NENA SPRINGS,NENA SPRINGS,OR,2017,2017-08-12,2017-08-13,242.0,242.0,4,14
alloc-2017_7402057_NENA SPRINGS-2017-08-13,2017_7402057_NENA SPRINGS,NENA SPRINGS,OR,2017,2017-08-13,2017-08-14,151.0,242.0,5,14
alloc-2017_7402057_NENA SPRINGS-2017-08-15,2017_7402057_NENA SPRINGS,NENA SPRINGS,OR,2017,2017-08-15,2017-08-16,124.0,124.0,7,14
alloc-2017_7402057_NENA SPRINGS-2017-08-17,2017_7402057_NENA SPRINGS,NENA SPRINGS,OR,2017,2017-08-17,2017-08-18,132.0,107.0,9,14
alloc-2017_7402057_NENA SPRINGS-2017-08-19,2017_7402057_NENA SPRINGS,NENA SPRINGS,OR,2017,2017-08-19,2017-08-20,94.0,110.0,11,14
alloc-2017_7402057_NENA SPRINGS-2017-08-21,2017_7402057_NENA SPRINGS,NENA SPRINGS,OR,2017,2017-08-21,2017-08-22,74.0,76.0,13,14
alloc-2017_7403208_BUCK-2017-09-06,2017_7403208_BUCK,Buck,ID,2017,2017-09-06,2017-09-07,48.0,38.0,4,15
alloc-2017_7403208_BUCK-2017-09-08,2017_7403208_BUCK,Buck,ID,2017,2017-09-08,2017-09-09,37.0,37.0,6,15
alloc-2017_7403208_BUCK-2017-09-10,2017_7403208_BUCK,Buck,ID,2017,2017-09-10,2017-09-11,56.0,37.0,8,15
alloc-2017_7403208_BUCK-2017-09-12,2017_7403208_BUCK,Buck,ID,2017,2017-09-12,2017-09-13,54.0,59.0,10,15
alloc-2017_7403208_BUCK-2017-09-14,2017_7403208_BUCK,Buck,ID,2017,2017-09-14,2017-09-15,53.0,52.0,12,15
alloc-2017_7403208_BUCK-2017-09-16,2017_7403208_BUCK,Buck,ID,2017,2017-09-16,2017-09-17,26.0,29.0,14,15
alloc-2017_7404082_30TH AVE-2017-04-23,2017_7404082_30TH AVE,30th Ave,FL,2017,2017-04-23,2017-04-24,65.0,118.0,4,12
alloc-2017_7404082_30TH AVE-2017-04-24,2017_7404082_30TH AVE,30th Ave,FL,2017,2017-04-24,2017-04-25,62.0,65.0,5,12
alloc-2017_7404082_30TH AVE-2017-04-25,2017_7404082_30TH AVE,30th Ave,FL,2017,2017-04-25,2017-04-26,72.0,62.0,6,12
alloc-2017_7404082_30TH AVE-2017-04-27,2017_7404082_30TH AVE,30th Ave,FL,2017,2017-04-27,2017-04-28,61.0,64.0,8,12
alloc-2017_7404082_30TH AVE-2017-04-28,2017_7404082_30TH AVE,30th Ave,FL,2017,2017-04-28,2017-04-29,57.0,61.0,9,12
alloc-2017_7404082_30TH AVE-2017-04-30,2017_7404082_30TH AVE,30th Ave,FL,2017,2017-04-30,2017-05-01,55.0,57.0,11,12
alloc-2017_7405257_BEARSKIN-2017-08-27,2017_7405257_BEARSKIN,BEARSKIN,ID,2017,2017-08-27,2017-08-28,53.0,46.0,4,25
alloc-2017_7405257_BEARSKIN-2017-08-31,2017_7405257_BEARSKIN,BEARSKIN,ID,2017,2017-08-31,2017-09-01,59.0,57.0,8,25
alloc-2017_7405257_BEARSKIN-2017-09-04,2017_7405257_BEARSKIN,BEARSKIN,ID,2017,2017-09-04,2017-09-05,64.0,61.0,12,25
alloc-2017_7405257_BEARSKIN-2017-09-08,2017_7405257_BEARSKIN,BEARSKIN,ID,2017,2017-09-08,2017-09-09,63.0,63.0,16,25
alloc-2017_7405257_BEARSKIN-2017-09-12,2017_7405257_BEARSKIN,BEARSKIN,ID,2017,2017-09-12,2017-09-13,82.0,81.0,20,25
alloc-2017_7405257_BEARSKIN-2017-09-16,2017_7405257_BEARSKIN,BEARSKIN,ID,2017,2017-09-16,2017-09-17,73.0,97.0,24,25
alloc-2017_7406298_DESOLATION 1135 PR-2017-09-14,2017_7406298_DESOLATION 1135 PR,DESOLATION 1135 PR,OR,2017,2017-09-14,2017-09-15,124.0,124.0,4,18
alloc-2017_7406298_DESOLATION 1135 PR-2017-09-16,2017_7406298_DESOLATION 1135 PR,DESOLATION 1135 PR,OR,2017,2017-09-16,2017-09-17,133.0,132.0,6,18
alloc-2017_7406298_DESOLATION 1135 PR-2017-09-19,2017_7406298_DESOLATION 1135 PR,DESOLATION 1135 PR,OR,2017,2017-09-19,2017-09-20,129.0,129.0,9,18
alloc-2017_7406298_DESOLATION 1135 PR-2017-09-21,2017_7406298_DESOLATION 1135 PR,DESOLATION 1135 PR,OR,2017,2017-09-21,2017-09-22,32.0,52.0,11,18
alloc-2017_7406298_DESOLATION 1135 PR-2017-09-24,2017_7406298_DESOLATION 1135 PR,DESOLATION 1135 PR,OR,2017,2017-09-24,2017-09-25,34.0,26.0,14,18
alloc-2017_7406298_DESOLATION 1135 PR-2017-09-27,2017_7406298_DESOLATION 1135 PR,DESOLATION 1135 PR,OR,2017,2017-09-27,2017-09-28,14.0,14.0,17,18
alloc-2017_7411230_LEGION LAKE-2017-12-14,2017_7411230_LEGION LAKE,Legion Lake,SD,2017,2017-12-14,2017-12-15,119.0,171.0,4,10
alloc-2017_7411230_LEGION LAKE-2017-12-15,2017_7411230_LEGION LAKE,Legion Lake,SD,2017,2017-12-15,2017-12-16,138.0,119.0,5,10
alloc-2017_7411230_LEGION LAKE-2017-12-16,2017_7411230_LEGION LAKE,Legion Lake,SD,2017,2017-12-16,2017-12-17,37.0,138.0,6,10
alloc-2017_7411230_LEGION LAKE-2017-12-17,2017_7411230_LEGION LAKE,Legion Lake,SD,2017,2017-12-17,2017-12-18,34.0,37.0,7,10
alloc-2017_7411230_LEGION LAKE-2017-12-18,2017_7411230_LEGION LAKE,Legion Lake,SD,2017,2017-12-18,2017-12-19,34.0,34.0,8,10
alloc-2017_7411230_LEGION LAKE-2017-12-19,2017_7411230_LEGION LAKE,Legion Lake,SD,2017,2017-12-19,2017-12-20,34.0,34.0,9,10
alloc-2018_9011532_SAN ANTONIO-2018-06-17,2018_9011532_SAN ANTONIO,San Antonio,NM,2018,2018-06-17,2018-06-18,200.0,171.0,4,23
alloc-2018_9011532_SAN ANTONIO-2018-06-20,2018_9011532_SAN ANTONIO,San Antonio,NM,2018,2018-06-20,2018-06-21,160.0,184.0,7,23
alloc-2018_9011532_SAN ANTONIO-2018-06-24,2018_9011532_SAN ANTONIO,San Antonio,NM,2018,2018-06-24,2018-06-25,68.0,71.0,11,23
alloc-2018_9011532_SAN ANTONIO-2018-06-27,2018_9011532_SAN ANTONIO,San Antonio,NM,2018,2018-06-27,2018-06-28,70.0,67.0,14,23
alloc-2018_9011532_SAN ANTONIO-2018-07-01,2018_9011532_SAN ANTONIO,San Antonio,NM,2018,2018-07-01,2018-07-02,16.0,36.0,18,23
alloc-2018_9011532_SAN ANTONIO-2018-07-05,2018_9011532_SAN ANTONIO,San Antonio,NM,2018,2018-07-05,2018-07-06,2.0,16.0,22,23
alloc-2018_9013352_MCDANNALD-2018-05-03,2018_9013352_MCDANNALD,McDannald,TX,2018,2018-05-03,2018-05-04,89.0,181.0,4,14
alloc-2018_9013352_MCDANNALD-2018-05-04,2018_9013352_MCDANNALD,McDannald,TX,2018,2018-05-04,2018-05-05,103.0,89.0,5,14
alloc-2018_9013352_MCDANNALD-2018-05-06,2018_9013352_MCDANNALD,McDannald,TX,2018,2018-05-06,2018-05-07,109.0,116.0,7,14
alloc-2018_9013352_MCDANNALD-2018-05-08,2018_9013352_MCDANNALD,McDannald,TX,2018,2018-05-08,2018-05-09,90.0,119.0,9,14
alloc-2018_9013352_MCDANNALD-2018-05-10,2018_9013352_MCDANNALD,McDannald,TX,2018,2018-05-10,2018-05-11,67.0,90.0,11,14
alloc-2018_9013352_MCDANNALD-2018-05-12,2018_9013352_MCDANNALD,McDannald,TX,2018,2018-05-12,2018-05-13,8.0,80.0,13,14
alloc-2018_9013991_AVIAN COMPLEX-2018-05-04,2018_9013991_AVIAN COMPLEX,AVIAN COMPLEX,FL,2018,2018-05-04,2018-05-05,49.0,38.0,4,22
alloc-2018_9013991_AVIAN COMPLEX-2018-05-07,2018_9013991_AVIAN COMPLEX,AVIAN COMPLEX,FL,2018,2018-05-07,2018-05-08,90.0,74.0,7,22
alloc-2018_9013991_AVIAN COMPLEX-2018-05-10,2018_9013991_AVIAN COMPLEX,AVIAN COMPLEX,FL,2018,2018-05-10,2018-05-11,99.0,99.0,10,22
alloc-2018_9013991_AVIAN COMPLEX-2018-05-14,2018_9013991_AVIAN COMPLEX,AVIAN COMPLEX,FL,2018,2018-05-14,2018-05-15,78.0,95.0,14,22
alloc-2018_9013991_AVIAN COMPLEX-2018-05-17,2018_9013991_AVIAN COMPLEX,AVIAN COMPLEX,FL,2018,2018-05-17,2018-05-18,47.0,50.0,17,22
alloc-2018_9013991_AVIAN COMPLEX-2018-05-21,2018_9013991_AVIAN COMPLEX,AVIAN COMPLEX,FL,2018,2018-05-21,2018-05-22,38.0,45.0,21,22
alloc-2018_9016927_OLD BLADE LINE (53)-2018-04-05,2018_9016927_OLD BLADE LINE (53),OLD BLADE LINE (53),FL,2018,2018-04-05,2018-04-06,1.0,1.0,4,10
alloc-2018_9016927_OLD BLADE LINE (53)-2018-04-06,2018_9016927_OLD BLADE LINE (53),OLD BLADE LINE (53),FL,2018,2018-04-06,2018-04-07,2.0,1.0,5,10
alloc-2018_9016927_OLD BLADE LINE (53)-2018-04-07,2018_9016927_OLD BLADE LINE (53),OLD BLADE LINE (53),FL,2018,2018-04-07,2018-04-08,1.0,2.0,6,10
alloc-2018_9016927_OLD BLADE LINE (53)-2018-04-08,2018_9016927_OLD BLADE LINE (53),OLD BLADE LINE (53),FL,2018,2018-04-08,2018-04-09,1.0,1.0,7,10
alloc-2018_9016927_OLD BLADE LINE (53)-2018-04-09,2018_9016927_OLD BLADE LINE (53),OLD BLADE LINE (53),FL,2018,2018-04-09,2018-04-10,1.0,1.0,8,10
alloc-2018_9016927_OLD BLADE LINE (53)-2018-04-10,2018_9016927_OLD BLADE LINE (53),OLD BLADE LINE (53),FL,2018,2018-04-10,2018-04-11,1.0,1.0,9,10
alloc-2018_9018649_RATTLESNAKE-2018-04-14,2018_9018649_RATTLESNAKE,Rattlesnake,AZ,2018,2018-04-14,2018-04-15,152.0,125.0,4,25
alloc-2018_9018649_RATTLESNAKE-2018-04-18,2018_9018649_RATTLESNAKE,Rattlesnake,AZ,2018,2018-04-18,2018-04-19,202.0,219.0,8,25
alloc-2018_9018649_RATTLESNAKE-2018-04-22,2018_9018649_RATTLESNAKE,Rattlesnake,AZ,2018,2018-04-22,2018-04-23,213.0,212.0,12,25
alloc-2018_9018649_RATTLESNAKE-2018-04-26,2018_9018649_RATTLESNAKE,Rattlesnake,AZ,2018,2018-04-26,2018-04-27,207.0,230.0,16,25
alloc-2018_9018649_RATTLESNAKE-2018-04-30,2018_9018649_RATTLESNAKE,Rattlesnake,AZ,2018,2018-04-30,2018-05-01,112.0,118.0,20,25
alloc-2018_9018649_RATTLESNAKE-2018-05-04,2018_9018649_RATTLESNAKE,Rattlesnake,AZ,2018,2018-05-04,2018-05-05,48.0,48.0,24,25
alloc-2018_9021840_RHEA-2018-04-16,2018_9021840_RHEA,Rhea,OK,2018,2018-04-16,2018-04-17,47.0,32.0,4,14
alloc-2018_9021840_RHEA-2018-04-17,2018_9021840_RHEA,Rhea,OK,2018,2018-04-17,2018-04-18,80.0,47.0,5,14
alloc-2018_9021840_RHEA-2018-04-19,2018_9021840_RHEA,Rhea,OK,2018,2018-04-19,2018-04-20,75.0,54.0,7,14
alloc-2018_9021840_RHEA-2018-04-21,2018_9021840_RHEA,Rhea,OK,2018,2018-04-21,2018-04-22,84.0,64.0,9,14
alloc-2018_9021840_RHEA-2018-04-23,2018_9021840_RHEA,Rhea,OK,2018,2018-04-23,2018-04-24,80.0,87.0,11,14
alloc-2018_9021840_RHEA-2018-04-25,2018_9021840_RHEA,Rhea,OK,2018,2018-04-25,2018-04-26,15.0,66.0,13,14
alloc-2018_9022564_DIENER CANYON-2018-04-17,2018_9022564_DIENER CANYON,Diener Canyon,NM,2018,2018-04-17,2018-04-18,193.0,191.0,4,12
alloc-2018_9022564_DIENER CANYON-2018-04-18,2018_9022564_DIENER CANYON,Diener Canyon,NM,2018,2018-04-18,2018-04-19,164.0,193.0,5,12
alloc-2018_9022564_DIENER CANYON-2018-04-19,2018_9022564_DIENER CANYON,Diener Canyon,NM,2018,2018-04-19,2018-04-20,76.0,164.0,6,12
alloc-2018_9022564_DIENER CANYON-2018-04-21,2018_9022564_DIENER CANYON,Diener Canyon,NM,2018,2018-04-21,2018-04-22,36.0,52.0,8,12
alloc-2018_9022564_DIENER CANYON-2018-04-22,2018_9022564_DIENER CANYON,Diener Canyon,NM,2018,2018-04-22,2018-04-23,36.0,36.0,9,12
alloc-2018_9022564_DIENER CANYON-2018-04-24,2018_9022564_DIENER CANYON,Diener Canyon,NM,2018,2018-04-24,2018-04-25,17.0,26.0,11,12
alloc-2018_9023042_BLUE WATER-2018-04-17,2018_9023042_BLUE WATER,Bluewater,NM,2018,2018-04-17,2018-04-18,34.0,34.0,4,12
alloc-2018_9023042_BLUE WATER-2018-04-18,2018_9023042_BLUE WATER,Bluewater,NM,2018,2018-04-18,2018-04-19,26.0,34.0,5,12
alloc-2018_9023042_BLUE WATER-2018-04-19,2018_9023042_BLUE WATER,Bluewater,NM,2018,2018-04-19,2018-04-20,90.0,26.0,6,12
alloc-2018_9023042_BLUE WATER-2018-04-21,2018_9023042_BLUE WATER,Bluewater,NM,2018,2018-04-21,2018-04-22,35.0,74.0,8,12
alloc-2018_9023042_BLUE WATER-2018-04-22,2018_9023042_BLUE WATER,Bluewater,NM,2018,2018-04-22,2018-04-23,37.0,35.0,9,12
alloc-2018_9023042_BLUE WATER-2018-04-24,2018_9023042_BLUE WATER,Bluewater,NM,2018,2018-04-24,2018-04-25,28.0,38.0,11,12
alloc-2018_9024251_SUGAR PINE-2018-07-21,2018_9024251_SUGAR PINE,Sugar Pine,OR,2018,2018-07-21,2018-07-22,300.0,328.0,4,20
alloc-2018_9024251_SUGAR PINE-2018-07-24,2018_9024251_SUGAR PINE,Sugar Pine,OR,2018,2018-07-24,2018-07-25,296.0,402.0,7,20
alloc-2018_9024251_SUGAR PINE-2018-07-27,2018_9024251_SUGAR PINE,Sugar Pine,OR,2018,2018-07-27,2018-07-28,626.0,534.0,10,20
alloc-2018_9024251_SUGAR PINE-2018-07-30,2018_9024251_SUGAR PINE,Sugar Pine,OR,2018,2018-07-30,2018-07-31,708.0,719.0,13,20
alloc-2018_9024251_SUGAR PINE-2018-08-02,2018_9024251_SUGAR PINE,Sugar Pine,OR,2018,2018-08-02,2018-08-03,803.0,692.0,16,20
alloc-2018_9024251_SUGAR PINE-2018-08-05,2018_9024251_SUGAR PINE,Sugar Pine,OR,2018,2018-08-05,2018-08-06,449.0,449.0,19,20
alloc-2018_9024972_REYNOLDS LAKE-2018-07-21,2018_9024972_REYNOLDS LAKE,Reynolds Lake,MT,2018,2018-07-21,2018-07-22,113.0,114.0,4,12
alloc-2018_9024972_REYNOLDS LAKE-2018-07-22,2018_9024972_REYNOLDS LAKE,Reynolds Lake,MT,2018,2018-07-22,2018-07-23,112.0,113.0,5,12
alloc-2018_9024972_REYNOLDS LAKE-2018-07-23,2018_9024972_REYNOLDS LAKE,Reynolds Lake,MT,2018,2018-07-23,2018-07-24,103.0,112.0,6,12
alloc-2018_9024972_REYNOLDS LAKE-2018-07-25,2018_9024972_REYNOLDS LAKE,Reynolds Lake,MT,2018,2018-07-25,2018-07-26,102.0,111.0,8,12
alloc-2018_9024972_REYNOLDS LAKE-2018-07-26,2018_9024972_REYNOLDS LAKE,Reynolds Lake,MT,2018,2018-07-26,2018-07-27,102.0,102.0,9,12
alloc-2018_9024972_REYNOLDS LAKE-2018-07-28,2018_9024972_REYNOLDS LAKE,Reynolds Lake,MT,2018,2018-07-28,2018-07-29,48.0,75.0,11,12
alloc-2018_9025814_SOUTH UMPQUA COMPLEX-2018-07-21,2018_9025814_SOUTH UMPQUA COMPLEX,SOUTH UMPQUA COMPLEX,OR,2018,2018-07-21,2018-07-22,632.0,611.0,4,20
alloc-2018_9025814_SOUTH UMPQUA COMPLEX-2018-07-24,2018_9025814_SOUTH UMPQUA COMPLEX,SOUTH UMPQUA COMPLEX,OR,2018,2018-07-24,2018-07-25,731.0,690.0,7,20
alloc-2018_9025814_SOUTH UMPQUA COMPLEX-2018-07-27,2018_9025814_SOUTH UMPQUA COMPLEX,SOUTH UMPQUA COMPLEX,OR,2018,2018-07-27,2018-07-28,816.0,776.0,10,20
alloc-2018_9025814_SOUTH UMPQUA COMPLEX-2018-07-30,2018_9025814_SOUTH UMPQUA COMPLEX,SOUTH UMPQUA COMPLEX,OR,2018,2018-07-30,2018-07-31,525.0,545.0,13,20
alloc-2018_9025814_SOUTH UMPQUA COMPLEX-2018-08-02,2018_9025814_SOUTH UMPQUA COMPLEX,SOUTH UMPQUA COMPLEX,OR,2018,2018-08-02,2018-08-03,496.0,486.0,16,20
alloc-2018_9025814_SOUTH UMPQUA COMPLEX-2018-08-05,2018_9025814_SOUTH UMPQUA COMPLEX,SOUTH UMPQUA COMPLEX,OR,2018,2018-08-05,2018-08-06,503.0,487.0,19,20
alloc-2018_9026949_UNION-2018-07-23,2018_9026949_UNION,Union,OR,2018,2018-07-23,2018-07-24,167.0,167.0,4,13
alloc-2018_9026949_UNION-2018-07-24,2018_9026949_UNION,Union,OR,2018,2018-07-24,2018-07-25,88.0,167.0,5,13
alloc-2018_9026949_UNION-2018-07-26,2018_9026949_UNION,Union,OR,2018,2018-07-26,2018-07-27,48.0,51.0,7,13
alloc-2018_9026949_UNION-2018-07-27,2018_9026949_UNION,Union,OR,2018,2018-07-27,2018-07-28,6.0,48.0,8,13
alloc-2018_9026949_UNION-2018-07-29,2018_9026949_UNION,Union,OR,2018,2018-07-29,2018-07-30,9.0,8.0,10,13
alloc-2018_9026949_UNION-2018-07-31,2018_9026949_UNION,Union,OR,2018,2018-07-31,2018-08-01,4.0,9.0,12,13
alloc-2018_9034721_CASTLE-2018-04-24,2018_9034721_CASTLE,Castle,VA,2018,2018-04-24,2018-04-25,58.0,54.0,4,10
alloc-2018_9034721_CASTLE-2018-04-25,2018_9034721_CASTLE,Castle,VA,2018,2018-04-25,2018-04-26,32.0,58.0,5,10
alloc-2018_9034721_CASTLE-2018-04-26,2018_9034721_CASTLE,Castle,WV,2018,2018-04-26,2018-04-27,32.0,32.0,6,10
alloc-2018_9034721_CASTLE-2018-04-27,2018_9034721_CASTLE,Castle,WV,2018,2018-04-27,2018-04-28,32.0,32.0,7,10
alloc-2018_9034721_CASTLE-2018-04-28,2018_9034721_CASTLE,Castle,WV,2018,2018-04-28,2018-04-29,32.0,32.0,8,10
alloc-2018_9034721_CASTLE-2018-04-29,2018_9034721_CASTLE,Castle,WV,2018,2018-04-29,2018-04-30,6.0,32.0,9,10
alloc-2018_9036099_SCENIC LOOP COMPLEX-2018-06-08,2018_9036099_SCENIC LOOP COMPLEX,Scenic Loop Complex,TX,2018,2018-06-08,2018-06-09,204.0,184.0,4,11
alloc-2018_9036099_SCENIC LOOP COMPLEX-2018-06-09,2018_9036099_SCENIC LOOP COMPLEX,Scenic Loop Complex,TX,2018,2018-06-09,2018-06-10,174.0,204.0,5,11
alloc-2018_9036099_SCENIC LOOP COMPLEX-2018-06-10,2018_9036099_SCENIC LOOP COMPLEX,Scenic Loop Complex,TX,2018,2018-06-10,2018-06-11,116.0,174.0,6,11
alloc-2018_9036099_SCENIC LOOP COMPLEX-2018-06-11,2018_9036099_SCENIC LOOP COMPLEX,Scenic Loop Complex,TX,2018,2018-06-11,2018-06-12,86.0,116.0,7,11
alloc-2018_9036099_SCENIC LOOP COMPLEX-2018-06-12,2018_9036099_SCENIC LOOP COMPLEX,Scenic Loop Complex,TX,2018,2018-06-12,2018-06-13,40.0,86.0,8,11
alloc-2018_9036099_SCENIC LOOP COMPLEX-2018-06-14,2018_9036099_SCENIC LOOP COMPLEX,Scenic Loop Complex,TX,2018,2018-06-14,2018-06-15,12.0,40.0,10,11
alloc-2018_9036619_STEWART CREEK-2018-08-25,2018_9036619_STEWART CREEK,Stewart Creek,ID,2018,2018-08-25,2018-08-26,131.0,77.0,4,28
alloc-2018_9036619_STEWART CREEK-2018-08-29,2018_9036619_STEWART CREEK,Stewart Creek,ID,2018,2018-08-29,2018-08-30,130.0,130.0,8,28
alloc-2018_9036619_STEWART CREEK-2018-09-03,2018_9036619_STEWART CREEK,Stewart Creek,ID,2018,2018-09-03,2018-09-04,220.0,204.0,13,28
alloc-2018_9036619_STEWART CREEK-2018-09-07,2018_9036619_STEWART CREEK,Stewart Creek,ID,2018,2018-09-07,2018-09-08,200.0,209.0,17,28
alloc-2018_9036619_STEWART CREEK-2018-09-12,2018_9036619_STEWART CREEK,Stewart Creek,ID,2018,2018-09-12,2018-09-13,136.0,138.0,22,28
alloc-2018_9036619_STEWART CREEK-2018-09-17,2018_9036619_STEWART CREEK,Stewart Creek,ID,2018,2018-09-17,2018-09-18,1.0,4.0,27,28
alloc-2018_9038064_RAMPIKE-2018-08-16,2018_9038064_RAMPIKE,Rampike,ID,2018,2018-08-16,2018-08-17,26.0,10.0,4,14
alloc-2018_9038064_RAMPIKE-2018-08-17,2018_9038064_RAMPIKE,Rampike,ID,2018,2018-08-17,2018-08-18,26.0,26.0,5,14
alloc-2018_9038064_RAMPIKE-2018-08-19,2018_9038064_RAMPIKE,Rampike,ID,2018,2018-08-19,2018-08-20,36.0,34.0,7,14
alloc-2018_9038064_RAMPIKE-2018-08-21,2018_9038064_RAMPIKE,Rampike,ID,2018,2018-08-21,2018-08-22,36.0,39.0,9,14
alloc-2018_9038064_RAMPIKE-2018-08-23,2018_9038064_RAMPIKE,Rampike,ID,2018,2018-08-23,2018-08-24,34.0,34.0,11,14
alloc-2018_9038064_RAMPIKE-2018-08-25,2018_9038064_RAMPIKE,Rampike,ID,2018,2018-08-25,2018-08-26,25.0,28.0,13,14
alloc-2018_9039694_RIGGS-2018-09-12,2018_9039694_RIGGS,Riggs,UT,2018,2018-09-12,2018-09-13,37.0,38.0,4,19
alloc-2018_9039694_RIGGS-2018-09-14,2018_9039694_RIGGS,Riggs,UT,2018,2018-09-14,2018-09-15,38.0,38.0,6,19
alloc-2018_9039694_RIGGS-2018-09-17,2018_9039694_RIGGS,Riggs,UT,2018,2018-09-17,2018-09-18,20.0,16.0,9,19
alloc-2018_9039694_RIGGS-2018-09-20,2018_9039694_RIGGS,Riggs,UT,2018,2018-09-20,2018-09-21,18.0,20.0,12,19
alloc-2018_9039694_RIGGS-2018-09-23,2018_9039694_RIGGS,Riggs,UT,2018,2018-09-23,2018-09-24,18.0,18.0,15,19
alloc-2018_9039694_RIGGS-2018-09-26,2018_9039694_RIGGS,Riggs,UT,2018,2018-09-26,2018-09-27,6.0,17.0,18,19
alloc-2018_9040184_HORSE-2018-09-02,2018_9040184_HORSE,Horse,CO,2018,2018-09-02,2018-09-03,50.0,75.0,4,11
alloc-2018_9040184_HORSE-2018-09-03,2018_9040184_HORSE,Horse,CO,2018,2018-09-03,2018-09-04,65.0,50.0,5,11
alloc-2018_9040184_HORSE-2018-09-04,2018_9040184_HORSE,Horse,CO,2018,2018-09-04,2018-09-05,63.0,65.0,6,11
alloc-2018_9040184_HORSE-2018-09-05,2018_9040184_HORSE,Horse,CO,2018,2018-09-05,2018-09-06,63.0,63.0,7,11
alloc-2018_9040184_HORSE-2018-09-06,2018_9040184_HORSE,Horse,CO,2018,2018-09-06,2018-09-07,63.0,63.0,8,11
alloc-2018_9040184_HORSE-2018-09-08,2018_9040184_HORSE,Horse,CO,2018,2018-09-08,2018-09-09,35.0,36.0,10,11
alloc-2018_9048237_RABBIT FOOT-2018-08-05,2018_9048237_RABBIT FOOT,Rabbit Foot,ID,2018,2018-08-05,2018-08-06,127.0,126.0,4,51
alloc-2018_9048237_RABBIT FOOT-2018-08-14,2018_9048237_RABBIT FOOT,Rabbit Foot,ID,2018,2018-08-14,2018-08-15,221.0,225.0,13,51
alloc-2018_9048237_RABBIT FOOT-2018-08-23,2018_9048237_RABBIT FOOT,Rabbit Foot,ID,2018,2018-08-23,2018-08-24,158.0,179.0,22,51
alloc-2018_9048237_RABBIT FOOT-2018-09-01,2018_9048237_RABBIT FOOT,Rabbit Foot,ID,2018,2018-09-01,2018-09-02,131.0,134.0,31,51
alloc-2018_9048237_RABBIT FOOT-2018-09-10,2018_9048237_RABBIT FOOT,Rabbit Foot,ID,2018,2018-09-10,2018-09-11,118.0,124.0,40,51
alloc-2018_9048237_RABBIT FOOT-2018-09-20,2018_9048237_RABBIT FOOT,Rabbit Foot,ID,2018,2018-09-20,2018-09-21,20.0,38.0,50,51
alloc-2018_9050367_ANGEL SPRINGS-2018-08-05,2018_9050367_ANGEL SPRINGS,ANGEL SPRINGS,WA,2018,2018-08-05,2018-08-06,235.0,152.0,4,12
alloc-2018_9050367_ANGEL SPRINGS-2018-08-06,2018_9050367_ANGEL SPRINGS,ANGEL SPRINGS,WA,2018,2018-08-06,2018-08-07,236.0,235.0,5,12
alloc-2018_9050367_ANGEL SPRINGS-2018-08-07,2018_9050367_ANGEL SPRINGS,ANGEL SPRINGS,WA,2018,2018-08-07,2018-08-08,223.0,236.0,6,12
alloc-2018_9050367_ANGEL SPRINGS-2018-08-09,2018_9050367_ANGEL SPRINGS,ANGEL SPRINGS,WA,2018,2018-08-09,2018-08-10,124.0,224.0,8,12
alloc-2018_9050367_ANGEL SPRINGS-2018-08-10,2018_9050367_ANGEL SPRINGS,ANGEL SPRINGS,WA,2018,2018-08-10,2018-08-11,98.0,124.0,9,12
alloc-2018_9050367_ANGEL SPRINGS-2018-08-12,2018_9050367_ANGEL SPRINGS,ANGEL SPRINGS,WA,2018,2018-08-12,2018-08-13,3.0,10.0,11,12
alloc-2018_9051188_RYAN-2018-09-19,2018_9051188_RYAN,RYAN,CO,2018,2018-09-19,2018-09-20,103.0,100.0,4,26
alloc-2018_9051188_RYAN-2018-09-23,2018_9051188_RYAN,RYAN,CO,2018,2018-09-23,2018-09-24,101.0,114.0,8,26
alloc-2018_9051188_RYAN-2018-09-27,2018_9051188_RYAN,RYAN,CO,2018,2018-09-27,2018-09-28,136.0,132.0,12,26
alloc-2018_9051188_RYAN-2018-10-01,2018_9051188_RYAN,RYAN,CO,2018,2018-10-01,2018-10-02,155.0,134.0,16,26
alloc-2018_9051188_RYAN-2018-10-05,2018_9051188_RYAN,RYAN,CO,2018,2018-10-05,2018-10-06,61.0,122.0,20,26
alloc-2018_9051188_RYAN-2018-10-10,2018_9051188_RYAN,RYAN,CO,2018,2018-10-10,2018-10-11,17.0,17.0,25,26
alloc-2018_9052169_MARTEN CREEK-2018-09-20,2018_9052169_MARTEN CREEK,Marten Creek,WY,2018,2018-09-20,2018-09-21,169.0,139.0,4,13
alloc-2018_9052169_MARTEN CREEK-2018-09-21,2018_9052169_MARTEN CREEK,Marten Creek,WY,2018,2018-09-21,2018-09-22,173.0,169.0,5,13
alloc-2018_9052169_MARTEN CREEK-2018-09-23,2018_9052169_MARTEN CREEK,Marten Creek,WY,2018,2018-09-23,2018-09-24,161.0,161.0,7,13
alloc-2018_9052169_MARTEN CREEK-2018-09-24,2018_9052169_MARTEN CREEK,Marten Creek,WY,2018,2018-09-24,2018-09-25,167.0,161.0,8,13
alloc-2018_9052169_MARTEN CREEK-2018-09-26,2018_9052169_MARTEN CREEK,Marten Creek,WY,2018,2018-09-26,2018-09-27,172.0,172.0,10,13
alloc-2018_9052169_MARTEN CREEK-2018-09-28,2018_9052169_MARTEN CREEK,Marten Creek,WY,2018,2018-09-28,2018-09-29,160.0,159.0,12,13
alloc-2018_9057553_MONUMENT-2018-08-17,2018_9057553_MONUMENT,Monument,MT,2018,2018-08-17,2018-08-18,61.0,62.0,4,18
alloc-2018_9057553_MONUMENT-2018-08-19,2018_9057553_MONUMENT,Monument,MT,2018,2018-08-19,2018-08-20,67.0,67.0,6,18
alloc-2018_9057553_MONUMENT-2018-08-22,2018_9057553_MONUMENT,Monument,MT,2018,2018-08-22,2018-08-23,89.0,49.0,9,18
alloc-2018_9057553_MONUMENT-2018-08-24,2018_9057553_MONUMENT,Monument,MT,2018,2018-08-24,2018-08-25,67.0,89.0,11,18
alloc-2018_9057553_MONUMENT-2018-08-27,2018_9057553_MONUMENT,Monument,MT,2018,2018-08-27,2018-08-28,26.0,26.0,14,18
alloc-2018_9057553_MONUMENT-2018-08-30,2018_9057553_MONUMENT,Monument,MT,2018,2018-08-30,2018-08-31,10.0,10.0,17,18
alloc-2018_9062523_SARDINAS CANYON-2018-06-29,2018_9062523_SARDINAS CANYON,Sardinas Canyon,NM,2018,2018-06-29,2018-06-30,97.0,97.0,4,14
alloc-2018_9062523_SARDINAS CANYON-2018-06-30,2018_9062523_SARDINAS CANYON,Sardinas Canyon,NM,2018,2018-06-30,2018-07-01,74.0,97.0,5,14
alloc-2018_9062523_SARDINAS CANYON-2018-07-02,2018_9062523_SARDINAS CANYON,Sardinas Canyon,NM,2018,2018-07-02,2018-07-03,64.0,74.0,7,14
alloc-2018_9062523_SARDINAS CANYON-2018-07-04,2018_9062523_SARDINAS CANYON,Sardinas Canyon,NM,2018,2018-07-04,2018-07-05,76.0,64.0,9,14
alloc-2018_9062523_SARDINAS CANYON-2018-07-06,2018_9062523_SARDINAS CANYON,Sardinas Canyon,NM,2018,2018-07-06,2018-07-07,18.0,18.0,11,14
alloc-2018_9062523_SARDINAS CANYON-2018-07-08,2018_9062523_SARDINAS CANYON,Sardinas Canyon,NM,2018,2018-07-08,2018-07-09,13.0,13.0,13,14
alloc-2018_9065862_BUZZARD-2018-04-14,2018_9065862_BUZZARD,BUZZARD,FL,2018,2018-04-14,2018-04-15,23.0,24.0,4,13
alloc-2018_9065862_BUZZARD-2018-04-15,2018_9065862_BUZZARD,BUZZARD,FL,2018,2018-04-15,2018-04-16,23.0,23.0,5,13
alloc-2018_9065862_BUZZARD-2018-04-17,2018_9065862_BUZZARD,BUZZARD,FL,2018,2018-04-17,2018-04-18,42.0,42.0,7,13
alloc-2018_9065862_BUZZARD-2018-04-18,2018_9065862_BUZZARD,BUZZARD,FL,2018,2018-04-18,2018-04-19,42.0,42.0,8,13
alloc-2018_9065862_BUZZARD-2018-04-20,2018_9065862_BUZZARD,BUZZARD,FL,2018,2018-04-20,2018-04-21,45.0,45.0,10,13
alloc-2018_9065862_BUZZARD-2018-04-22,2018_9065862_BUZZARD,BUZZARD,FL,2018,2018-04-22,2018-04-23,45.0,45.0,12,13
alloc-2018_9066583_TIMBER CRATER 10-2018-08-01,2018_9066583_TIMBER CRATER 10,Timber Crater 10,OR,2018,2018-08-01,2018-08-02,30.0,115.0,4,11
alloc-2018_9066583_TIMBER CRATER 10-2018-08-02,2018_9066583_TIMBER CRATER 10,Timber Crater 10,OR,2018,2018-08-02,2018-08-03,29.0,30.0,5,11
alloc-2018_9066583_TIMBER CRATER 10-2018-08-03,2018_9066583_TIMBER CRATER 10,Timber Crater 10,OR,2018,2018-08-03,2018-08-04,29.0,29.0,6,11
alloc-2018_9066583_TIMBER CRATER 10-2018-08-04,2018_9066583_TIMBER CRATER 10,Timber Crater 10,OR,2018,2018-08-04,2018-08-05,29.0,29.0,7,11
alloc-2018_9066583_TIMBER CRATER 10-2018-08-05,2018_9066583_TIMBER CRATER 10,Timber Crater 10,OR,2018,2018-08-05,2018-08-06,25.0,29.0,8,11
alloc-2018_9066583_TIMBER CRATER 10-2018-08-07,2018_9066583_TIMBER CRATER 10,Timber Crater 10,OR,2018,2018-08-07,2018-08-08,2.0,2.0,10,11
alloc-2018_9068177_SURPRISE CREEK-2018-08-13,2018_9068177_SURPRISE CREEK,Surprise Creek,ID,2018,2018-08-13,2018-08-14,57.0,40.0,4,26
alloc-2018_9068177_SURPRISE CREEK-2018-08-17,2018_9068177_SURPRISE CREEK,Surprise Creek,ID,2018,2018-08-17,2018-08-18,52.0,52.0,8,26
alloc-2018_9068177_SURPRISE CREEK-2018-08-21,2018_9068177_SURPRISE CREEK,Surprise Creek,ID,2018,2018-08-21,2018-08-22,48.0,48.0,12,26
alloc-2018_9068177_SURPRISE CREEK-2018-08-25,2018_9068177_SURPRISE CREEK,Surprise Creek,ID,2018,2018-08-25,2018-08-26,46.0,46.0,16,26
alloc-2018_9068177_SURPRISE CREEK-2018-08-29,2018_9068177_SURPRISE CREEK,Surprise Creek,ID,2018,2018-08-29,2018-08-30,34.0,40.0,20,26
alloc-2018_9068177_SURPRISE CREEK-2018-09-03,2018_9068177_SURPRISE CREEK,Surprise Creek,ID,2018,2018-09-03,2018-09-04,4.0,4.0,25,26
alloc-2018_9069636_MIRIAM-2018-08-04,2018_9069636_MIRIAM,MIRIAM,WA,2018,2018-08-04,2018-08-05,118.0,99.0,4,11
alloc-2018_9069636_MIRIAM-2018-08-05,2018_9069636_MIRIAM,MIRIAM,WA,2018,2018-08-05,2018-08-06,151.0,118.0,5,11
alloc-2018_9069636_MIRIAM-2018-08-06,2018_9069636_MIRIAM,MIRIAM,WA,2018,2018-08-06,2018-08-07,200.0,151.0,6,11
alloc-2018_9069636_MIRIAM-2018-08-07,2018_9069636_MIRIAM,MIRIAM,WA,2018,2018-08-07,2018-08-08,191.0,200.0,7,11
alloc-2018_9069636_MIRIAM-2018-08-08,2018_9069636_MIRIAM,MIRIAM,WA,2018,2018-08-08,2018-08-09,200.0,191.0,8,11
alloc-2018_9069636_MIRIAM-2018-08-10,2018_9069636_MIRIAM,MIRIAM,WA,2018,2018-08-10,2018-08-11,195.0,174.0,10,11
alloc-2018_9069636_MIRIAM-2018-08-16,2018_9069636_MIRIAM,MIRIAM,WA,2018,2018-08-16,2018-08-17,164.0,163.0,4,26
alloc-2018_9069636_MIRIAM-2018-08-20,2018_9069636_MIRIAM,MIRIAM,WA,2018,2018-08-20,2018-08-21,117.0,145.0,8,26
alloc-2018_9069636_MIRIAM-2018-08-24,2018_9069636_MIRIAM,MIRIAM,WA,2018,2018-08-24,2018-08-25,133.0,131.0,12,26
alloc-2018_9069636_MIRIAM-2018-08-28,2018_9069636_MIRIAM,MIRIAM,WA,2018,2018-08-28,2018-08-29,111.0,133.0,16,26
alloc-2018_9069636_MIRIAM-2018-09-01,2018_9069636_MIRIAM,MIRIAM,WA,2018,2018-09-01,2018-09-02,61.0,66.0,20,26
alloc-2018_9069636_MIRIAM-2018-09-06,2018_9069636_MIRIAM,MIRIAM,WA,2018,2018-09-06,2018-09-07,25.0,25.0,25,26
alloc-2018_9071786_WATSON CREEK-2018-08-19,2018_9071786_WATSON CREEK,Watson Creek,OR,2018,2018-08-19,2018-08-20,383.0,228.0,4,25
alloc-2018_9071786_WATSON CREEK-2018-08-23,2018_9071786_WATSON CREEK,Watson Creek,OR,2018,2018-08-23,2018-08-24,583.0,470.0,8,25
alloc-2018_9071786_WATSON CREEK-2018-08-27,2018_9071786_WATSON CREEK,Watson Creek,OR,2018,2018-08-27,2018-08-28,480.0,538.0,12,25
alloc-2018_9071786_WATSON CREEK-2018-08-31,2018_9071786_WATSON CREEK,Watson Creek,OR,2018,2018-08-31,2018-09-01,262.0,369.0,16,25
alloc-2018_9071786_WATSON CREEK-2018-09-04,2018_9071786_WATSON CREEK,Watson Creek,OR,2018,2018-09-04,2018-09-05,117.0,120.0,20,25
alloc-2018_9071786_WATSON CREEK-2018-09-08,2018_9071786_WATSON CREEK,Watson Creek,OR,2018,2018-09-08,2018-09-09,69.0,74.0,24,25
alloc-2018_9080458_LODGEPOLE-2018-07-17,2018_9080458_LODGEPOLE,LODGEPOLE,ID,2018,2018-07-17,2018-07-18,188.0,190.0,4,22
alloc-2018_9080458_LODGEPOLE-2018-07-20,2018_9080458_LODGEPOLE,LODGEPOLE,ID,2018,2018-07-20,2018-07-21,138.0,146.0,7,22
alloc-2018_9080458_LODGEPOLE-2018-07-23,2018_9080458_LODGEPOLE,LODGEPOLE,ID,2018,2018-07-23,2018-07-24,110.0,104.0,10,22
alloc-2018_9080458_LODGEPOLE-2018-07-27,2018_9080458_LODGEPOLE,LODGEPOLE,ID,2018,2018-07-27,2018-07-28,49.0,69.0,14,22
alloc-2018_9080458_LODGEPOLE-2018-07-30,2018_9080458_LODGEPOLE,LODGEPOLE,ID,2018,2018-07-30,2018-07-31,40.0,40.0,17,22
alloc-2018_9080458_LODGEPOLE-2018-08-03,2018_9080458_LODGEPOLE,LODGEPOLE,ID,2018,2018-08-03,2018-08-04,2.0,40.0,21,22
alloc-2018_9081233_HENDRIX-2018-07-19,2018_9081233_HENDRIX,Hendrix,OR,2018,2018-07-19,2018-07-20,352.0,332.0,4,30
alloc-2018_9081233_HENDRIX-2018-07-24,2018_9081233_HENDRIX,Hendrix,OR,2018,2018-07-24,2018-07-25,281.0,300.0,9,30
alloc-2018_9081233_HENDRIX-2018-07-29,2018_9081233_HENDRIX,Hendrix,OR,2018,2018-07-29,2018-07-30,125.0,108.0,14,30
alloc-2018_9081233_HENDRIX-2018-08-03,2018_9081233_HENDRIX,Hendrix,OR,2018,2018-08-03,2018-08-04,157.0,98.0,19,30
alloc-2018_9081233_HENDRIX-2018-08-08,2018_9081233_HENDRIX,Hendrix,OR,2018,2018-08-08,2018-08-09,137.0,136.0,24,30
alloc-2018_9081233_HENDRIX-2018-08-13,2018_9081233_HENDRIX,Hendrix,OR,2018,2018-08-13,2018-08-14,91.0,92.0,29,30
alloc-2018_9083174_MALLARD-2018-05-12,2018_9083174_MALLARD,Mallard,TX,2018,2018-05-12,2018-05-13,121.0,130.0,4,12
alloc-2018_9083174_MALLARD-2018-05-13,2018_9083174_MALLARD,Mallard,TX,2018,2018-05-13,2018-05-14,143.0,121.0,5,12
alloc-2018_9083174_MALLARD-2018-05-14,2018_9083174_MALLARD,Mallard,TX,2018,2018-05-14,2018-05-15,145.0,143.0,6,12
alloc-2018_9083174_MALLARD-2018-05-16,2018_9083174_MALLARD,Mallard,TX,2018,2018-05-16,2018-05-17,80.0,137.0,8,12
alloc-2018_9083174_MALLARD-2018-05-17,2018_9083174_MALLARD,Mallard,TX,2018,2018-05-17,2018-05-18,30.0,80.0,9,12
alloc-2018_9083174_MALLARD-2018-05-19,2018_9083174_MALLARD,Mallard,TX,2018,2018-05-19,2018-05-20,13.0,30.0,11,12
alloc-2018_9085273_34 COMPLEX-2018-04-15,2018_9085273_34 COMPLEX,34 Complex,OK,2018,2018-04-15,2018-04-16,68.0,31.0,4,12
alloc-2018_9085273_34 COMPLEX-2018-04-16,2018_9085273_34 COMPLEX,34 Complex,OK,2018,2018-04-16,2018-04-17,42.0,68.0,5,12
alloc-2018_9085273_34 COMPLEX-2018-04-17,2018_9085273_34 COMPLEX,34 Complex,OK,2018,2018-04-17,2018-04-18,42.0,42.0,6,12
alloc-2018_9085273_34 COMPLEX-2018-04-19,2018_9085273_34 COMPLEX,34 Complex,OK,2018,2018-04-19,2018-04-20,74.0,56.0,8,12
alloc-2018_9085273_34 COMPLEX-2018-04-20,2018_9085273_34 COMPLEX,34 Complex,OK,2018,2018-04-20,2018-04-21,77.0,74.0,9,12
alloc-2018_9085273_34 COMPLEX-2018-04-22,2018_9085273_34 COMPLEX,34 Complex,OK,2018,2018-04-22,2018-04-23,63.0,70.0,11,12
alloc-2018_9086704_WHALE BUTTE-2018-08-17,2018_9086704_WHALE BUTTE,Whale Butte,MT,2018,2018-08-17,2018-08-18,2.0,15.0,4,31
alloc-2018_9086704_WHALE BUTTE-2018-08-22,2018_9086704_WHALE BUTTE,Whale Butte,MT,2018,2018-08-22,2018-08-23,64.0,41.0,9,31
alloc-2018_9086704_WHALE BUTTE-2018-08-27,2018_9086704_WHALE BUTTE,Whale Butte,MT,2018,2018-08-27,2018-08-28,70.0,62.0,14,31
alloc-2018_9086704_WHALE BUTTE-2018-09-01,2018_9086704_WHALE BUTTE,Whale Butte,MT,2018,2018-09-01,2018-09-02,40.0,83.0,19,31
alloc-2018_9086704_WHALE BUTTE-2018-09-06,2018_9086704_WHALE BUTTE,Whale Butte,MT,2018,2018-09-06,2018-09-07,50.0,58.0,24,31
alloc-2018_9086704_WHALE BUTTE-2018-09-12,2018_9086704_WHALE BUTTE,Whale Butte,MT,2018,2018-09-12,2018-09-13,20.0,31.0,30,31
alloc-2018_9090169_TYE RIVER-2018-05-07,2018_9090169_TYE RIVER,Tye River,VA,2018,2018-05-07,2018-05-08,29.0,76.0,4,10
alloc-2018_9090169_TYE RIVER-2018-05-08,2018_9090169_TYE RIVER,Tye River,VA,2018,2018-05-08,2018-05-09,34.0,29.0,5,10
alloc-2018_9090169_TYE RIVER-2018-05-09,2018_9090169_TYE RIVER,Tye River,VA,2018,2018-05-09,2018-05-10,54.0,34.0,6,10
alloc-2018_9090169_TYE RIVER-2018-05-10,2018_9090169_TYE RIVER,Tye River,VA,2018,2018-05-10,2018-05-11,46.0,54.0,7,10
alloc-2018_9090169_TYE RIVER-2018-05-11,2018_9090169_TYE RIVER,Tye River,VA,2018,2018-05-11,2018-05-12,40.0,46.0,8,10
alloc-2018_9090169_TYE RIVER-2018-05-12,2018_9090169_TYE RIVER,Tye River,VA,2018,2018-05-12,2018-05-13,40.0,40.0,9,10
alloc-2018_9091030_416-2018-06-04,2018_9091030_416,416,CO,2018,2018-06-04,2018-06-05,248.0,206.0,4,61
alloc-2018_9091030_416-2018-06-15,2018_9091030_416,416,CO,2018,2018-06-15,2018-06-16,383.0,423.0,15,61
alloc-2018_9091030_416-2018-06-26,2018_9091030_416,416,CO,2018,2018-06-26,2018-06-27,166.0,207.0,26,61
alloc-2018_9091030_416-2018-07-07,2018_9091030_416,416,CO,2018,2018-07-07,2018-07-08,151.0,179.0,37,61
alloc-2018_9091030_416-2018-07-18,2018_9091030_416,416,CO,2018,2018-07-18,2018-07-19,14.0,14.0,48,61
alloc-2018_9091030_416-2018-07-30,2018_9091030_416,416,CO,2018,2018-07-30,2018-07-31,10.0,10.0,60,61
alloc-2018_9093430_BULL DRAW-2018-08-11,2018_9093430_BULL DRAW,Bull Draw,CO,2018,2018-08-11,2018-08-12,85.0,83.0,4,28
alloc-2018_9093430_BULL DRAW-2018-08-15,2018_9093430_BULL DRAW,Bull Draw,CO,2018,2018-08-15,2018-08-16,114.0,115.0,8,28
alloc-2018_9093430_BULL DRAW-2018-08-20,2018_9093430_BULL DRAW,Bull Draw,CO,2018,2018-08-20,2018-08-21,110.0,108.0,13,28
alloc-2018_9093430_BULL DRAW-2018-08-24,2018_9093430_BULL DRAW,Bull Draw,CO,2018,2018-08-24,2018-08-25,82.0,83.0,17,28
alloc-2018_9093430_BULL DRAW-2018-08-29,2018_9093430_BULL DRAW,Bull Draw,CO,2018,2018-08-29,2018-08-30,30.0,28.0,22,28
alloc-2018_9093430_BULL DRAW-2018-09-03,2018_9093430_BULL DRAW,Bull Draw,CO,2018,2018-09-03,2018-09-04,9.0,25.0,27,28
alloc-2018_9095131_PORCUPINE-2018-08-03,2018_9095131_PORCUPINE,Porcupine,MT,2018,2018-08-03,2018-08-04,26.0,27.0,4,12
alloc-2018_9095131_PORCUPINE-2018-08-04,2018_9095131_PORCUPINE,Porcupine,MT,2018,2018-08-04,2018-08-05,10.0,26.0,5,12
alloc-2018_9095131_PORCUPINE-2018-08-05,2018_9095131_PORCUPINE,Porcupine,MT,2018,2018-08-05,2018-08-06,3.0,10.0,6,12
alloc-2018_9095131_PORCUPINE-2018-08-07,2018_9095131_PORCUPINE,Porcupine,MT,2018,2018-08-07,2018-08-08,5.0,5.0,8,12
alloc-2018_9095131_PORCUPINE-2018-08-08,2018_9095131_PORCUPINE,Porcupine,MT,2018,2018-08-08,2018-08-09,5.0,5.0,9,12
alloc-2018_9095131_PORCUPINE-2018-08-10,2018_9095131_PORCUPINE,Porcupine,MT,2018,2018-08-10,2018-08-11,4.0,5.0,11,12
alloc-2018_9095808_MAPLE-2018-08-10,2018_9095808_MAPLE,Maple,WA,2018,2018-08-10,2018-08-11,178.0,184.0,4,24
alloc-2018_9095808_MAPLE-2018-08-13,2018_9095808_MAPLE,Maple,WA,2018,2018-08-13,2018-08-14,177.0,202.0,7,24
alloc-2018_9095808_MAPLE-2018-08-17,2018_9095808_MAPLE,Maple,WA,2018,2018-08-17,2018-08-18,90.0,91.0,11,24
alloc-2018_9095808_MAPLE-2018-08-21,2018_9095808_MAPLE,Maple,WA,2018,2018-08-21,2018-08-22,69.0,74.0,15,24
alloc-2018_9095808_MAPLE-2018-08-25,2018_9095808_MAPLE,Maple,WA,2018,2018-08-25,2018-08-26,36.0,36.0,19,24
alloc-2018_9095808_MAPLE-2018-08-29,2018_9095808_MAPLE,Maple,WA,2018,2018-08-29,2018-08-30,36.0,36.0,23,24
alloc-2018_9101047_MCLEOD-2018-08-17,2018_9101047_MCLEOD,MCLEOD,WA,2018,2018-08-17,2018-08-18,284.0,293.0,4,30
alloc-2018_9101047_MCLEOD-2018-08-22,2018_9101047_MCLEOD,MCLEOD,WA,2018,2018-08-22,2018-08-23,263.0,254.0,9,30
alloc-2018_9101047_MCLEOD-2018-08-27,2018_9101047_MCLEOD,MCLEOD,WA,2018,2018-08-27,2018-08-28,318.0,228.0,14,30
alloc-2018_9101047_MCLEOD-2018-09-01,2018_9101047_MCLEOD,MCLEOD,WA,2018,2018-09-01,2018-09-02,280.0,277.0,19,30
alloc-2018_9101047_MCLEOD-2018-09-06,2018_9101047_MCLEOD,MCLEOD,WA,2018,2018-09-06,2018-09-07,298.0,317.0,24,30
alloc-2018_9101047_MCLEOD-2018-09-11,2018_9101047_MCLEOD,MCLEOD,WA,2018,2018-09-11,2018-09-12,206.0,206.0,29,30
alloc-2018_9103273_KELLY MOUNTAIN-2018-08-16,2018_9103273_KELLY MOUNTAIN,KELLY MOUNTAIN,WA,2018,2018-08-16,2018-08-17,72.0,78.0,4,10
alloc-2018_9103273_KELLY MOUNTAIN-2018-08-17,2018_9103273_KELLY MOUNTAIN,KELLY MOUNTAIN,WA,2018,2018-08-17,2018-08-18,119.0,72.0,5,10
alloc-2018_9103273_KELLY MOUNTAIN-2018-08-18,2018_9103273_KELLY MOUNTAIN,KELLY MOUNTAIN,WA,2018,2018-08-18,2018-08-19,159.0,119.0,6,10
alloc-2018_9103273_KELLY MOUNTAIN-2018-08-19,2018_9103273_KELLY MOUNTAIN,KELLY MOUNTAIN,WA,2018,2018-08-19,2018-08-20,159.0,159.0,7,10
alloc-2018_9103273_KELLY MOUNTAIN-2018-08-20,2018_9103273_KELLY MOUNTAIN,KELLY MOUNTAIN,WA,2018,2018-08-20,2018-08-21,117.0,159.0,8,10
alloc-2018_9103273_KELLY MOUNTAIN-2018-08-21,2018_9103273_KELLY MOUNTAIN,KELLY MOUNTAIN,WA,2018,2018-08-21,2018-08-22,47.0,117.0,9,10
alloc-2018_9103520_WIGWAM-2018-08-16,2018_9103520_WIGWAM,Wigwam,MT,2018,2018-08-16,2018-08-17,98.0,82.0,4,15
alloc-2018_9103520_WIGWAM-2018-08-18,2018_9103520_WIGWAM,Wigwam,MT,2018,2018-08-18,2018-08-19,98.0,95.0,6,15
alloc-2018_9103520_WIGWAM-2018-08-20,2018_9103520_WIGWAM,Wigwam,MT,2018,2018-08-20,2018-08-21,98.0,98.0,8,15
alloc-2018_9103520_WIGWAM-2018-08-22,2018_9103520_WIGWAM,Wigwam,MT,2018,2018-08-22,2018-08-23,61.0,83.0,10,15
alloc-2018_9103520_WIGWAM-2018-08-24,2018_9103520_WIGWAM,Wigwam,MT,2018,2018-08-24,2018-08-25,16.0,53.0,12,15
alloc-2018_9103520_WIGWAM-2018-08-26,2018_9103520_WIGWAM,Wigwam,MT,2018,2018-08-26,2018-08-27,36.0,17.0,14,15
alloc-2018_9103909_HOWE RIDGE-2018-08-20,2018_9103909_HOWE RIDGE,Howe Ridge,MT,2018,2018-08-20,2018-08-21,81.0,69.0,4,43
alloc-2018_9103909_HOWE RIDGE-2018-08-27,2018_9103909_HOWE RIDGE,Howe Ridge,MT,2018,2018-08-27,2018-08-28,76.0,78.0,11,43
alloc-2018_9103909_HOWE RIDGE-2018-09-04,2018_9103909_HOWE RIDGE,Howe Ridge,MT,2018,2018-09-04,2018-09-05,79.0,103.0,19,43
alloc-2018_9103909_HOWE RIDGE-2018-09-11,2018_9103909_HOWE RIDGE,Howe Ridge,MT,2018,2018-09-11,2018-09-12,70.0,82.0,26,43
alloc-2018_9103909_HOWE RIDGE-2018-09-19,2018_9103909_HOWE RIDGE,Howe Ridge,MT,2018,2018-09-19,2018-09-20,85.0,85.0,34,43
alloc-2018_9103909_HOWE RIDGE-2018-09-27,2018_9103909_HOWE RIDGE,Howe Ridge,MT,2018,2018-09-27,2018-09-28,6.0,6.0,42,43
alloc-2018_9106316_SILVER CREEK-2018-07-25,2018_9106316_SILVER CREEK,SILVER CREEK,CO,2018,2018-07-25,2018-07-26,14.0,13.0,4,86
alloc-2018_9106316_SILVER CREEK-2018-08-10,2018_9106316_SILVER CREEK,SILVER CREEK,CO,2018,2018-08-10,2018-08-11,81.0,81.0,20,86
alloc-2018_9106316_SILVER CREEK-2018-08-26,2018_9106316_SILVER CREEK,SILVER CREEK,CO,2018,2018-08-26,2018-08-27,66.0,101.0,36,86
alloc-2018_9106316_SILVER CREEK-2018-09-11,2018_9106316_SILVER CREEK,SILVER CREEK,CO,2018,2018-09-11,2018-09-12,51.0,18.0,52,86
alloc-2018_9106316_SILVER CREEK-2018-09-27,2018_9106316_SILVER CREEK,SILVER CREEK,CO,2018,2018-09-27,2018-09-28,227.0,213.0,68,86
alloc-2018_9106316_SILVER CREEK-2018-10-14,2018_9106316_SILVER CREEK,SILVER CREEK,CO,2018,2018-10-14,2018-10-15,4.0,2.0,85,86
alloc-2018_9108762_HORNS MOUNTAIN-2018-08-16,2018_9108762_HORNS MOUNTAIN,HORNS MOUNTAIN,WA,2018,2018-08-16,2018-08-17,192.0,187.0,4,22
alloc-2018_9108762_HORNS MOUNTAIN-2018-08-19,2018_9108762_HORNS MOUNTAIN,HORNS MOUNTAIN,WA,2018,2018-08-19,2018-08-20,268.0,268.0,7,22
alloc-2018_9108762_HORNS MOUNTAIN-2018-08-22,2018_9108762_HORNS MOUNTAIN,HORNS MOUNTAIN,WA,2018,2018-08-22,2018-08-23,392.0,332.0,10,22
alloc-2018_9108762_HORNS MOUNTAIN-2018-08-26,2018_9108762_HORNS MOUNTAIN,HORNS MOUNTAIN,WA,2018,2018-08-26,2018-08-27,210.0,343.0,14,22
alloc-2018_9108762_HORNS MOUNTAIN-2018-08-29,2018_9108762_HORNS MOUNTAIN,HORNS MOUNTAIN,WA,2018,2018-08-29,2018-08-30,152.0,186.0,17,22
alloc-2018_9108762_HORNS MOUNTAIN-2018-09-02,2018_9108762_HORNS MOUNTAIN,HORNS MOUNTAIN,WA,2018,2018-09-02,2018-09-03,56.0,130.0,21,22
alloc-2018_9109533_COAL RIDGE-2018-08-17,2018_9109533_COAL RIDGE,Coal Ridge,MT,2018,2018-08-17,2018-08-18,6.0,12.0,4,18
alloc-2018_9109533_COAL RIDGE-2018-08-19,2018_9109533_COAL RIDGE,Coal Ridge,MT,2018,2018-08-19,2018-08-20,9.0,9.0,6,18
alloc-2018_9109533_COAL RIDGE-2018-08-22,2018_9109533_COAL RIDGE,Coal Ridge,MT,2018,2018-08-22,2018-08-23,24.0,24.0,9,18
alloc-2018_9109533_COAL RIDGE-2018-08-24,2018_9109533_COAL RIDGE,Coal Ridge,MT,2018,2018-08-24,2018-08-25,16.0,24.0,11,18
alloc-2018_9109533_COAL RIDGE-2018-08-27,2018_9109533_COAL RIDGE,Coal Ridge,MT,2018,2018-08-27,2018-08-28,21.0,26.0,14,18
alloc-2018_9109533_COAL RIDGE-2018-08-30,2018_9109533_COAL RIDGE,Coal Ridge,MT,2018,2018-08-30,2018-08-31,10.0,18.0,17,18
alloc-2018_9110095_BEAVER CREEK-2018-08-21,2018_9110095_BEAVER CREEK,Beaver Creek,MT,2018,2018-08-21,2018-08-22,28.0,28.0,4,10
alloc-2018_9110095_BEAVER CREEK-2018-08-22,2018_9110095_BEAVER CREEK,Beaver Creek,MT,2018,2018-08-22,2018-08-23,28.0,28.0,5,10
alloc-2018_9110095_BEAVER CREEK-2018-08-23,2018_9110095_BEAVER CREEK,Beaver Creek,MT,2018,2018-08-23,2018-08-24,28.0,28.0,6,10
alloc-2018_9110095_BEAVER CREEK-2018-08-24,2018_9110095_BEAVER CREEK,Beaver Creek,MT,2018,2018-08-24,2018-08-25,27.0,28.0,7,10
alloc-2018_9110095_BEAVER CREEK-2018-08-25,2018_9110095_BEAVER CREEK,Beaver Creek,MT,2018,2018-08-25,2018-08-26,27.0,27.0,8,10
alloc-2018_9110095_BEAVER CREEK-2018-08-26,2018_9110095_BEAVER CREEK,Beaver Creek,MT,2018,2018-08-26,2018-08-27,12.0,27.0,9,10
alloc-2018_9110721_GOLD HILL-2018-08-17,2018_9110721_GOLD HILL,Gold Hill,MT,2018,2018-08-17,2018-08-18,42.0,23.0,4,45
alloc-2018_9110721_GOLD HILL-2018-08-25,2018_9110721_GOLD HILL,Gold Hill,MT,2018,2018-08-25,2018-08-26,275.0,252.0,12,45
alloc-2018_9110721_GOLD HILL-2018-09-02,2018_9110721_GOLD HILL,Gold Hill,MT,2018,2018-09-02,2018-09-03,182.0,227.0,20,45
alloc-2018_9110721_GOLD HILL-2018-09-10,2018_9110721_GOLD HILL,Gold Hill,MT,2018,2018-09-10,2018-09-11,290.0,258.0,28,45
alloc-2018_9110721_GOLD HILL-2018-09-18,2018_9110721_GOLD HILL,Gold Hill,MT,2018,2018-09-18,2018-09-19,109.0,114.0,36,45
alloc-2018_9110721_GOLD HILL-2018-09-26,2018_9110721_GOLD HILL,Gold Hill,MT,2018,2018-09-26,2018-09-27,4.0,4.0,44,45
alloc-2018_9112820_PAOLA RIDGE-2018-08-17,2018_9112820_PAOLA RIDGE,Paola Ridge,MT,2018,2018-08-17,2018-08-18,46.0,67.0,4,35
alloc-2018_9112820_PAOLA RIDGE-2018-08-23,2018_9112820_PAOLA RIDGE,Paola Ridge,MT,2018,2018-08-23,2018-08-24,53.0,51.0,10,35
alloc-2018_9112820_PAOLA RIDGE-2018-08-29,2018_9112820_PAOLA RIDGE,Paola Ridge,MT,2018,2018-08-29,2018-08-30,46.0,49.0,16,35
alloc-2018_9112820_PAOLA RIDGE-2018-09-04,2018_9112820_PAOLA RIDGE,Paola Ridge,MT,2018,2018-09-04,2018-09-05,48.0,46.0,22,35
alloc-2018_9112820_PAOLA RIDGE-2018-09-10,2018_9112820_PAOLA RIDGE,Paola Ridge,MT,2018,2018-09-10,2018-09-11,56.0,36.0,28,35
alloc-2018_9112820_PAOLA RIDGE-2018-09-16,2018_9112820_PAOLA RIDGE,Paola Ridge,MT,2018,2018-09-16,2018-09-17,13.0,38.0,34,35
alloc-2018_9113709_COAL HOLLOW-2018-08-16,2018_9113709_COAL HOLLOW,Coal Hollow,UT,2018,2018-08-16,2018-08-17,235.0,252.0,4,38
alloc-2018_9113709_COAL HOLLOW-2018-08-22,2018_9113709_COAL HOLLOW,Coal Hollow,UT,2018,2018-08-22,2018-08-23,194.0,195.0,10,38
alloc-2018_9113709_COAL HOLLOW-2018-08-29,2018_9113709_COAL HOLLOW,Coal Hollow,UT,2018,2018-08-29,2018-08-30,65.0,83.0,17,38
alloc-2018_9113709_COAL HOLLOW-2018-09-04,2018_9113709_COAL HOLLOW,Coal Hollow,UT,2018,2018-09-04,2018-09-05,58.0,55.0,23,38
alloc-2018_9113709_COAL HOLLOW-2018-09-11,2018_9113709_COAL HOLLOW,Coal Hollow,UT,2018,2018-09-11,2018-09-12,12.0,13.0,30,38
alloc-2018_9113709_COAL HOLLOW-2018-09-18,2018_9113709_COAL HOLLOW,Coal Hollow,UT,2018,2018-09-18,2018-09-19,11.0,11.0,37,38
alloc-2018_9115583_STERLING COMPLEX-2018-08-15,2018_9115583_STERLING COMPLEX,Sterling Complex,MT,2018,2018-08-15,2018-08-16,128.0,143.0,4,37
alloc-2018_9115583_STERLING COMPLEX-2018-08-21,2018_9115583_STERLING COMPLEX,Sterling Complex,MT,2018,2018-08-21,2018-08-22,119.0,108.0,10,37
alloc-2018_9115583_STERLING COMPLEX-2018-08-27,2018_9115583_STERLING COMPLEX,Sterling Complex,MT,2018,2018-08-27,2018-08-28,119.0,125.0,16,37
alloc-2018_9115583_STERLING COMPLEX-2018-09-03,2018_9115583_STERLING COMPLEX,Sterling Complex,MT,2018,2018-09-03,2018-09-04,96.0,103.0,23,37
alloc-2018_9115583_STERLING COMPLEX-2018-09-09,2018_9115583_STERLING COMPLEX,Sterling Complex,MT,2018,2018-09-09,2018-09-10,93.0,96.0,29,37
alloc-2018_9115583_STERLING COMPLEX-2018-09-16,2018_9115583_STERLING COMPLEX,Sterling Complex,MT,2018,2018-09-16,2018-09-17,32.0,32.0,36,37
alloc-2018_9116607_BOYDS-2018-08-15,2018_9116607_BOYDS,BOYDS,WA,2018,2018-08-15,2018-08-16,321.0,296.0,4,17
alloc-2018_9116607_BOYDS-2018-08-17,2018_9116607_BOYDS,BOYDS,WA,2018,2018-08-17,2018-08-18,376.0,293.0,6,17
alloc-2018_9116607_BOYDS-2018-08-19,2018_9116607_BOYDS,BOYDS,WA,2018,2018-08-19,2018-08-20,422.0,319.0,8,17
alloc-2018_9116607_BOYDS-2018-08-22,2018_9116607_BOYDS,BOYDS,WA,2018,2018-08-22,2018-08-23,297.0,397.0,11,17
alloc-2018_9116607_BOYDS-2018-08-24,2018_9116607_BOYDS,BOYDS,WA,2018,2018-08-24,2018-08-25,333.0,256.0,13,17
alloc-2018_9116607_BOYDS-2018-08-27,2018_9116607_BOYDS,BOYDS,WA,2018,2018-08-27,2018-08-28,110.0,214.0,16,17
alloc-2018_9118036_COUGAR CREEK-2018-08-03,2018_9118036_COUGAR CREEK,COUGAR CREEK,WA,2018,2018-08-03,2018-08-04,460.0,327.0,4,60
alloc-2018_9118036_COUGAR CREEK-2018-08-14,2018_9118036_COUGAR CREEK,COUGAR CREEK,WA,2018,2018-08-14,2018-08-15,620.0,587.0,15,60
alloc-2018_9118036_COUGAR CREEK-2018-08-25,2018_9118036_COUGAR CREEK,COUGAR CREEK,WA,2018,2018-08-25,2018-08-26,300.0,319.0,26,60
alloc-2018_9118036_COUGAR CREEK-2018-09-05,2018_9118036_COUGAR CREEK,COUGAR CREEK,WA,2018,2018-09-05,2018-09-06,222.0,269.0,37,60
alloc-2018_9118036_COUGAR CREEK-2018-09-16,2018_9118036_COUGAR CREEK,COUGAR CREEK,WA,2018,2018-09-16,2018-09-17,55.0,63.0,48,60
alloc-2018_9118036_COUGAR CREEK-2018-09-27,2018_9118036_COUGAR CREEK,COUGAR CREEK,WA,2018,2018-09-27,2018-09-28,73.0,50.0,59,60
alloc-2018_9120308_CACHE CREEK-2018-08-01,2018_9120308_CACHE CREEK,Cache Creek,CO,2018,2018-08-01,2018-08-02,124.0,105.0,4,37
alloc-2018_9120308_CACHE CREEK-2018-08-07,2018_9120308_CACHE CREEK,Cache Creek,CO,2018,2018-08-07,2018-08-08,84.0,119.0,10,37
alloc-2018_9120308_CACHE CREEK-2018-08-13,2018_9120308_CACHE CREEK,Cache Creek,CO,2018,2018-08-13,2018-08-14,53.0,53.0,16,37
alloc-2018_9120308_CACHE CREEK-2018-08-20,2018_9120308_CACHE CREEK,Cache Creek,CO,2018,2018-08-20,2018-08-21,29.0,26.0,23,37
alloc-2018_9120308_CACHE CREEK-2018-08-26,2018_9120308_CACHE CREEK,Cache Creek,CO,2018,2018-08-26,2018-08-27,6.0,15.0,29,37
alloc-2018_9120308_CACHE CREEK-2018-09-02,2018_9120308_CACHE CREEK,Cache Creek,CO,2018,2018-09-02,2018-09-03,26.0,26.0,36,37
alloc-2018_9121960_RED CANYON-2018-08-01,2018_9121960_RED CANYON,RED CANYON,CO,2018,2018-08-01,2018-08-02,128.0,77.0,4,16
alloc-2018_9121960_RED CANYON-2018-08-03,2018_9121960_RED CANYON,RED CANYON,CO,2018,2018-08-03,2018-08-04,139.0,130.0,6,16
alloc-2018_9121960_RED CANYON-2018-08-05,2018_9121960_RED CANYON,RED CANYON,CO,2018,2018-08-05,2018-08-06,118.0,164.0,8,16
alloc-2018_9121960_RED CANYON-2018-08-07,2018_9121960_RED CANYON,RED CANYON,CO,2018,2018-08-07,2018-08-08,79.0,108.0,10,16
alloc-2018_9121960_RED CANYON-2018-08-09,2018_9121960_RED CANYON,RED CANYON,CO,2018,2018-08-09,2018-08-10,80.0,80.0,12,16
alloc-2018_9121960_RED CANYON-2018-08-12,2018_9121960_RED CANYON,RED CANYON,CO,2018,2018-08-12,2018-08-13,38.0,60.0,15,16
alloc-2018_9122508_COUGAR-2018-08-08,2018_9122508_COUGAR,Cougar,ID,2018,2018-08-08,2018-08-09,54.0,53.0,4,37
alloc-2018_9122508_COUGAR-2018-08-14,2018_9122508_COUGAR,Cougar,ID,2018,2018-08-14,2018-08-15,61.0,57.0,10,37
alloc-2018_9122508_COUGAR-2018-08-20,2018_9122508_COUGAR,Cougar,ID,2018,2018-08-20,2018-08-21,86.0,86.0,16,37
alloc-2018_9122508_COUGAR-2018-08-27,2018_9122508_COUGAR,Cougar,ID,2018,2018-08-27,2018-08-28,42.0,43.0,23,37
alloc-2018_9122508_COUGAR-2018-09-02,2018_9122508_COUGAR,Cougar,ID,2018,2018-09-02,2018-09-03,61.0,66.0,29,37
alloc-2018_9122508_COUGAR-2018-09-09,2018_9122508_COUGAR,Cougar,ID,2018,2018-09-09,2018-09-10,21.0,21.0,36,37
alloc-2018_9123476_CRESCENT MOUNTAIN-2018-08-04,2018_9123476_CRESCENT MOUNTAIN,CRESCENT MOUNTAIN,WA,2018,2018-08-04,2018-08-05,119.0,113.0,4,11
alloc-2018_9123476_CRESCENT MOUNTAIN-2018-08-05,2018_9123476_CRESCENT MOUNTAIN,CRESCENT MOUNTAIN,WA,2018,2018-08-05,2018-08-06,162.0,119.0,5,11
alloc-2018_9123476_CRESCENT MOUNTAIN-2018-08-06,2018_9123476_CRESCENT MOUNTAIN,CRESCENT MOUNTAIN,WA,2018,2018-08-06,2018-08-07,202.0,162.0,6,11
alloc-2018_9123476_CRESCENT MOUNTAIN-2018-08-07,2018_9123476_CRESCENT MOUNTAIN,CRESCENT MOUNTAIN,WA,2018,2018-08-07,2018-08-08,167.0,202.0,7,11
alloc-2018_9123476_CRESCENT MOUNTAIN-2018-08-08,2018_9123476_CRESCENT MOUNTAIN,CRESCENT MOUNTAIN,WA,2018,2018-08-08,2018-08-09,243.0,167.0,8,11
alloc-2018_9123476_CRESCENT MOUNTAIN-2018-08-10,2018_9123476_CRESCENT MOUNTAIN,CRESCENT MOUNTAIN,WA,2018,2018-08-10,2018-08-11,291.0,256.0,10,11
alloc-2018_9123476_CRESCENT MOUNTAIN-2018-08-16,2018_9123476_CRESCENT MOUNTAIN,CRESCENT MOUNTAIN,WA,2018,2018-08-16,2018-08-17,187.0,191.0,4,43
alloc-2018_9123476_CRESCENT MOUNTAIN-2018-08-23,2018_9123476_CRESCENT MOUNTAIN,CRESCENT MOUNTAIN,WA,2018,2018-08-23,2018-08-24,202.0,169.0,11,43
alloc-2018_9123476_CRESCENT MOUNTAIN-2018-08-31,2018_9123476_CRESCENT MOUNTAIN,CRESCENT MOUNTAIN,WA,2018,2018-08-31,2018-09-01,264.0,231.0,19,43
alloc-2018_9123476_CRESCENT MOUNTAIN-2018-09-07,2018_9123476_CRESCENT MOUNTAIN,CRESCENT MOUNTAIN,WA,2018,2018-09-07,2018-09-08,365.0,341.0,26,43
alloc-2018_9123476_CRESCENT MOUNTAIN-2018-09-15,2018_9123476_CRESCENT MOUNTAIN,CRESCENT MOUNTAIN,WA,2018,2018-09-15,2018-09-16,254.0,366.0,34,43
alloc-2018_9123476_CRESCENT MOUNTAIN-2018-09-23,2018_9123476_CRESCENT MOUNTAIN,CRESCENT MOUNTAIN,WA,2018,2018-09-23,2018-09-24,160.0,160.0,42,43
alloc-2018_9126435_OK BAR-2018-04-26,2018_9126435_OK BAR,OK Bar,NM,2018,2018-04-26,2018-04-27,13.0,12.0,4,21
alloc-2018_9126435_OK BAR-2018-04-29,2018_9126435_OK BAR,OK Bar,NM,2018,2018-04-29,2018-04-30,63.0,56.0,7,21
alloc-2018_9126435_OK BAR-2018-05-02,2018_9126435_OK BAR,OK Bar,NM,2018,2018-05-02,2018-05-03,58.0,58.0,10,21
alloc-2018_9126435_OK BAR-2018-05-05,2018_9126435_OK BAR,OK Bar,NM,2018,2018-05-05,2018-05-06,6.0,10.0,13,21
alloc-2018_9126435_OK BAR-2018-05-08,2018_9126435_OK BAR,OK Bar,NM,2018,2018-05-08,2018-05-09,12.0,6.0,16,21
alloc-2018_9126435_OK BAR-2018-05-12,2018_9126435_OK BAR,OK Bar,NM,2018,2018-05-12,2018-05-13,1.0,4.0,20,21
alloc-2018_9127632_SHARPS-2018-08-01,2018_9127632_SHARPS,SHARPS,ID,2018,2018-08-01,2018-08-02,186.0,129.0,4,23
alloc-2018_9127632_SHARPS-2018-08-04,2018_9127632_SHARPS,SHARPS,ID,2018,2018-08-04,2018-08-05,162.0,153.0,7,23
alloc-2018_9127632_SHARPS-2018-08-08,2018_9127632_SHARPS,SHARPS,ID,2018,2018-08-08,2018-08-09,171.0,176.0,11,23
alloc-2018_9127632_SHARPS-2018-08-11,2018_9127632_SHARPS,SHARPS,ID,2018,2018-08-11,2018-08-12,85.0,142.0,14,23
alloc-2018_9127632_SHARPS-2018-08-15,2018_9127632_SHARPS,SHARPS,ID,2018,2018-08-15,2018-08-16,57.0,54.0,18,23
alloc-2018_9127632_SHARPS-2018-08-19,2018_9127632_SHARPS,SHARPS,ID,2018,2018-08-19,2018-08-20,7.0,20.0,22,23
alloc-2018_9128424_DAVIS-2018-08-01,2018_9128424_DAVIS,Davis,MT,2018,2018-08-01,2018-08-02,51.0,50.0,4,44
alloc-2018_9128424_DAVIS-2018-08-08,2018_9128424_DAVIS,Davis,MT,2018,2018-08-08,2018-08-09,121.0,129.0,11,44
alloc-2018_9128424_DAVIS-2018-08-16,2018_9128424_DAVIS,Davis,MT,2018,2018-08-16,2018-08-17,96.0,97.0,19,44
alloc-2018_9128424_DAVIS-2018-08-24,2018_9128424_DAVIS,Davis,MT,2018,2018-08-24,2018-08-25,126.0,123.0,27,44
alloc-2018_9128424_DAVIS-2018-09-01,2018_9128424_DAVIS,Davis,MT,2018,2018-09-01,2018-09-02,134.0,156.0,35,44
alloc-2018_9128424_DAVIS-2018-09-09,2018_9128424_DAVIS,Davis,MT,2018,2018-09-09,2018-09-10,72.0,94.0,43,44
alloc-2018_9130328_GARDEN CREEK-2018-08-05,2018_9130328_GARDEN CREEK,GARDEN CREEK,MT,2018,2018-08-05,2018-08-06,95.0,61.0,4,21
alloc-2018_9130328_GARDEN CREEK-2018-08-08,2018_9130328_GARDEN CREEK,GARDEN CREEK,MT,2018,2018-08-08,2018-08-09,106.0,94.0,7,21
alloc-2018_9130328_GARDEN CREEK-2018-08-11,2018_9130328_GARDEN CREEK,GARDEN CREEK,MT,2018,2018-08-11,2018-08-12,122.0,119.0,10,21
alloc-2018_9130328_GARDEN CREEK-2018-08-14,2018_9130328_GARDEN CREEK,GARDEN CREEK,MT,2018,2018-08-14,2018-08-15,98.0,100.0,13,21
alloc-2018_9130328_GARDEN CREEK-2018-08-17,2018_9130328_GARDEN CREEK,GARDEN CREEK,MT,2018,2018-08-17,2018-08-18,125.0,125.0,16,21
alloc-2018_9130328_GARDEN CREEK-2018-08-21,2018_9130328_GARDEN CREEK,GARDEN CREEK,MT,2018,2018-08-21,2018-08-22,75.0,98.0,20,21
alloc-2018_9131086_CABIN LAKE-2018-08-01,2018_9131086_CABIN LAKE,Cabin Lake,CO,2018,2018-08-01,2018-08-02,86.0,81.0,4,49
alloc-2018_9131086_CABIN LAKE-2018-08-09,2018_9131086_CABIN LAKE,Cabin Lake,CO,2018,2018-08-09,2018-08-10,51.0,51.0,12,49
alloc-2018_9131086_CABIN LAKE-2018-08-18,2018_9131086_CABIN LAKE,Cabin Lake,CO,2018,2018-08-18,2018-08-19,203.0,178.0,21,49
alloc-2018_9131086_CABIN LAKE-2018-08-27,2018_9131086_CABIN LAKE,Cabin Lake,CO,2018,2018-08-27,2018-08-28,70.0,70.0,30,49
alloc-2018_9131086_CABIN LAKE-2018-09-05,2018_9131086_CABIN LAKE,Cabin Lake,CO,2018,2018-09-05,2018-09-06,70.0,80.0,39,49
alloc-2018_9131086_CABIN LAKE-2018-09-14,2018_9131086_CABIN LAKE,Cabin Lake,CO,2018,2018-09-14,2018-09-15,10.0,10.0,48,49
alloc-2018_9136460_BRITANIA MOUNTAIN-2018-08-29,2018_9136460_BRITANIA MOUNTAIN,BRITANIA MOUNTAIN,WY,2018,2018-08-29,2018-08-30,172.0,199.0,4,14
alloc-2018_9136460_BRITANIA MOUNTAIN-2018-08-30,2018_9136460_BRITANIA MOUNTAIN,BRITANIA MOUNTAIN,WY,2018,2018-08-30,2018-08-31,184.0,172.0,5,14
alloc-2018_9136460_BRITANIA MOUNTAIN-2018-09-01,2018_9136460_BRITANIA MOUNTAIN,BRITANIA MOUNTAIN,WY,2018,2018-09-01,2018-09-02,175.0,185.0,7,14
alloc-2018_9136460_BRITANIA MOUNTAIN-2018-09-03,2018_9136460_BRITANIA MOUNTAIN,BRITANIA MOUNTAIN,WY,2018,2018-09-03,2018-09-04,122.0,158.0,9,14
alloc-2018_9136460_BRITANIA MOUNTAIN-2018-09-05,2018_9136460_BRITANIA MOUNTAIN,BRITANIA MOUNTAIN,WY,2018,2018-09-05,2018-09-06,115.0,107.0,11,14
alloc-2018_9136460_BRITANIA MOUNTAIN-2018-09-07,2018_9136460_BRITANIA MOUNTAIN,BRITANIA MOUNTAIN,WY,2018,2018-09-07,2018-09-08,34.0,85.0,13,14
alloc-2018_9138505_BOUNDARY-2018-08-27,2018_9138505_BOUNDARY,Boundary,MT,2018,2018-08-27,2018-08-28,3.0,3.0,4,31
alloc-2018_9138505_BOUNDARY-2018-09-01,2018_9138505_BOUNDARY,Boundary,MT,2018,2018-09-01,2018-09-02,6.0,11.0,9,31
alloc-2018_9138505_BOUNDARY-2018-09-06,2018_9138505_BOUNDARY,Boundary,MT,2018,2018-09-06,2018-09-07,10.0,10.0,14,31
alloc-2018_9138505_BOUNDARY-2018-09-11,2018_9138505_BOUNDARY,Boundary,MT,2018,2018-09-11,2018-09-12,5.0,5.0,19,31
alloc-2018_9138505_BOUNDARY-2018-09-16,2018_9138505_BOUNDARY,Boundary,MT,2018,2018-09-16,2018-09-17,2.0,2.0,24,31
alloc-2018_9138505_BOUNDARY-2018-09-22,2018_9138505_BOUNDARY,Boundary,MT,2018,2018-09-22,2018-09-23,2.0,2.0,30,31
alloc-2018_9139464_ROOSEVELT-2018-09-20,2018_9139464_ROOSEVELT,Roosevelt,WY,2018,2018-09-20,2018-09-21,218.0,180.0,4,20
alloc-2018_9139464_ROOSEVELT-2018-09-23,2018_9139464_ROOSEVELT,Roosevelt,WY,2018,2018-09-23,2018-09-24,273.0,268.0,7,20
alloc-2018_9139464_ROOSEVELT-2018-09-26,2018_9139464_ROOSEVELT,Roosevelt,WY,2018,2018-09-26,2018-09-27,318.0,336.0,10,20
alloc-2018_9139464_ROOSEVELT-2018-09-29,2018_9139464_ROOSEVELT,Roosevelt,WY,2018,2018-09-29,2018-09-30,301.0,321.0,13,20
alloc-2018_9139464_ROOSEVELT-2018-10-02,2018_9139464_ROOSEVELT,Roosevelt,WY,2018,2018-10-02,2018-10-03,88.0,122.0,16,20
alloc-2018_9139464_ROOSEVELT-2018-10-05,2018_9139464_ROOSEVELT,Roosevelt,WY,2018,2018-10-05,2018-10-06,14.0,15.0,19,20
alloc-2018_9144638_MILES-2018-08-10,2018_9144638_MILES,MILES,OR,2018,2018-08-10,2018-08-11,717.0,709.0,4,20
alloc-2018_9144638_MILES-2018-08-13,2018_9144638_MILES,MILES,OR,2018,2018-08-13,2018-08-14,527.0,724.0,7,20
alloc-2018_9144638_MILES-2018-08-16,2018_9144638_MILES,MILES,OR,2018,2018-08-16,2018-08-17,495.0,542.0,10,20
alloc-2018_9144638_MILES-2018-08-19,2018_9144638_MILES,MILES,OR,2018,2018-08-19,2018-08-20,333.0,358.0,13,20
alloc-2018_9144638_MILES-2018-08-22,2018_9144638_MILES,MILES,OR,2018,2018-08-22,2018-08-23,329.0,257.0,16,20
alloc-2018_9144638_MILES-2018-08-25,2018_9144638_MILES,MILES,OR,2018,2018-08-25,2018-08-26,138.0,188.0,19,20
alloc-2018_9144638_MILES-2018-08-31,2018_9144638_MILES,MILES,OR,2018,2018-08-31,2018-09-01,120.0,140.0,4,34
alloc-2018_9144638_MILES-2018-09-05,2018_9144638_MILES,MILES,OR,2018,2018-09-05,2018-09-06,150.0,150.0,9,34
alloc-2018_9144638_MILES-2018-09-11,2018_9144638_MILES,MILES,OR,2018,2018-09-11,2018-09-12,119.0,120.0,15,34
alloc-2018_9144638_MILES-2018-09-17,2018_9144638_MILES,MILES,OR,2018,2018-09-17,2018-09-18,75.0,89.0,21,34
alloc-2018_9144638_MILES-2018-09-23,2018_9144638_MILES,MILES,OR,2018,2018-09-23,2018-09-24,65.0,76.0,27,34
alloc-2018_9144638_MILES-2018-09-29,2018_9144638_MILES,MILES,OR,2018,2018-09-29,2018-09-30,59.0,59.0,33,34
alloc-2018_9147328_GARNER COMPLEX-2018-07-20,2018_9147328_GARNER COMPLEX,GARNER COMPLEX,OR,2018,2018-07-20,2018-07-21,1498.0,1137.0,4,23
alloc-2018_9147328_GARNER COMPLEX-2018-07-23,2018_9147328_GARNER COMPLEX,GARNER COMPLEX,OR,2018,2018-07-23,2018-07-24,1200.0,1107.0,7,23
alloc-2018_9147328_GARNER COMPLEX-2018-07-27,2018_9147328_GARNER COMPLEX,GARNER COMPLEX,OR,2018,2018-07-27,2018-07-28,1305.0,1264.0,11,23
alloc-2018_9147328_GARNER COMPLEX-2018-07-30,2018_9147328_GARNER COMPLEX,GARNER COMPLEX,OR,2018,2018-07-30,2018-07-31,1160.0,950.0,14,23
alloc-2018_9147328_GARNER COMPLEX-2018-08-03,2018_9147328_GARNER COMPLEX,GARNER COMPLEX,OR,2018,2018-08-03,2018-08-04,473.0,448.0,18,23
alloc-2018_9147328_GARNER COMPLEX-2018-08-07,2018_9147328_GARNER COMPLEX,GARNER COMPLEX,OR,2018,2018-08-07,2018-08-08,244.0,312.0,22,23
alloc-2018_9148736_COVE CREEK-2018-07-21,2018_9148736_COVE CREEK,Cove Creek,UT,2018,2018-07-21,2018-07-22,95.0,79.0,4,19
alloc-2018_9148736_COVE CREEK-2018-07-23,2018_9148736_COVE CREEK,Cove Creek,UT,2018,2018-07-23,2018-07-24,129.0,103.0,6,19
alloc-2018_9148736_COVE CREEK-2018-07-26,2018_9148736_COVE CREEK,Cove Creek,UT,2018,2018-07-26,2018-07-27,137.0,129.0,9,19
alloc-2018_9148736_COVE CREEK-2018-07-29,2018_9148736_COVE CREEK,Cove Creek,UT,2018,2018-07-29,2018-07-30,113.0,134.0,12,19
alloc-2018_9148736_COVE CREEK-2018-08-01,2018_9148736_COVE CREEK,Cove Creek,UT,2018,2018-08-01,2018-08-02,93.0,106.0,15,19
alloc-2018_9148736_COVE CREEK-2018-08-04,2018_9148736_COVE CREEK,Cove Creek,UT,2018,2018-08-04,2018-08-05,66.0,76.0,18,19
alloc-2018_9149784_TIMBER CRATER 6-2018-07-22,2018_9149784_TIMBER CRATER 6,Timber Crater 6,OR,2018,2018-07-22,2018-07-23,349.0,328.0,4,22
alloc-2018_9149784_TIMBER CRATER 6-2018-07-25,2018_9149784_TIMBER CRATER 6,Timber Crater 6,OR,2018,2018-07-25,2018-07-26,394.0,373.0,7,22
alloc-2018_9149784_TIMBER CRATER 6-2018-07-28,2018_9149784_TIMBER CRATER 6,Timber Crater 6,OR,2018,2018-07-28,2018-07-29,220.0,324.0,10,22
alloc-2018_9149784_TIMBER CRATER 6-2018-08-01,2018_9149784_TIMBER CRATER 6,Timber Crater 6,OR,2018,2018-08-01,2018-08-02,103.0,146.0,14,22
alloc-2018_9149784_TIMBER CRATER 6-2018-08-04,2018_9149784_TIMBER CRATER 6,Timber Crater 6,OR,2018,2018-08-04,2018-08-05,63.0,63.0,17,22
alloc-2018_9149784_TIMBER CRATER 6-2018-08-08,2018_9149784_TIMBER CRATER 6,Timber Crater 6,OR,2018,2018-08-08,2018-08-09,40.0,40.0,21,22
alloc-2018_9153287_KIWAH-2018-08-05,2018_9153287_KIWAH,Kiwah,ID,2018,2018-08-05,2018-08-06,35.0,23.0,4,10
alloc-2018_9153287_KIWAH-2018-08-06,2018_9153287_KIWAH,Kiwah,ID,2018,2018-08-06,2018-08-07,39.0,35.0,5,10
alloc-2018_9153287_KIWAH-2018-08-07,2018_9153287_KIWAH,Kiwah,ID,2018,2018-08-07,2018-08-08,38.0,39.0,6,10
alloc-2018_9153287_KIWAH-2018-08-08,2018_9153287_KIWAH,Kiwah,ID,2018,2018-08-08,2018-08-09,38.0,38.0,7,10
alloc-2018_9153287_KIWAH-2018-08-09,2018_9153287_KIWAH,Kiwah,ID,2018,2018-08-09,2018-08-10,38.0,38.0,8,10
alloc-2018_9153287_KIWAH-2018-08-10,2018_9153287_KIWAH,Kiwah,ID,2018,2018-08-10,2018-08-11,38.0,38.0,9,10
alloc-2018_9155839_WILLOW CREEK-2018-06-13,2018_9155839_WILLOW CREEK,Willow Creek,UT,2018,2018-06-13,2018-06-14,80.0,80.0,4,12
alloc-2018_9155839_WILLOW CREEK-2018-06-14,2018_9155839_WILLOW CREEK,Willow Creek,UT,2018,2018-06-14,2018-06-15,80.0,80.0,5,12
alloc-2018_9155839_WILLOW CREEK-2018-06-15,2018_9155839_WILLOW CREEK,Willow Creek,UT,2018,2018-06-15,2018-06-16,79.0,80.0,6,12
alloc-2018_9155839_WILLOW CREEK-2018-06-17,2018_9155839_WILLOW CREEK,Willow Creek,UT,2018,2018-06-17,2018-06-18,79.0,79.0,8,12
alloc-2018_9155839_WILLOW CREEK-2018-06-18,2018_9155839_WILLOW CREEK,Willow Creek,UT,2018,2018-06-18,2018-06-19,79.0,79.0,9,12
alloc-2018_9155839_WILLOW CREEK-2018-06-20,2018_9155839_WILLOW CREEK,Willow Creek,UT,2018,2018-06-20,2018-06-21,18.0,44.0,11,12
alloc-2018_9156339_TRAIL MOUNTAIN-2018-06-10,2018_9156339_TRAIL MOUNTAIN,Trail Mountain,UT,2018,2018-06-10,2018-06-11,136.0,135.0,4,30
alloc-2018_9156339_TRAIL MOUNTAIN-2018-06-15,2018_9156339_TRAIL MOUNTAIN,Trail Mountain,UT,2018,2018-06-15,2018-06-16,212.0,228.0,9,30
alloc-2018_9156339_TRAIL MOUNTAIN-2018-06-20,2018_9156339_TRAIL MOUNTAIN,Trail Mountain,UT,2018,2018-06-20,2018-06-21,151.0,181.0,14,30
alloc-2018_9156339_TRAIL MOUNTAIN-2018-06-25,2018_9156339_TRAIL MOUNTAIN,Trail Mountain,UT,2018,2018-06-25,2018-06-26,223.0,166.0,19,30
alloc-2018_9156339_TRAIL MOUNTAIN-2018-06-30,2018_9156339_TRAIL MOUNTAIN,Trail Mountain,UT,2018,2018-06-30,2018-07-01,126.0,159.0,24,30
alloc-2018_9156339_TRAIL MOUNTAIN-2018-07-05,2018_9156339_TRAIL MOUNTAIN,Trail Mountain,UT,2018,2018-07-05,2018-07-06,86.0,89.0,29,30
alloc-2018_9156339_TRAIL MOUNTAIN-2018-07-11,2018_9156339_TRAIL MOUNTAIN,Trail Mountain,UT,2018,2018-07-11,2018-07-12,50.0,62.0,4,22
alloc-2018_9156339_TRAIL MOUNTAIN-2018-07-14,2018_9156339_TRAIL MOUNTAIN,Trail Mountain,UT,2018,2018-07-14,2018-07-15,41.0,54.0,7,22
alloc-2018_9156339_TRAIL MOUNTAIN-2018-07-17,2018_9156339_TRAIL MOUNTAIN,Trail Mountain,UT,2018,2018-07-17,2018-07-18,25.0,22.0,10,22
alloc-2018_9156339_TRAIL MOUNTAIN-2018-07-21,2018_9156339_TRAIL MOUNTAIN,Trail Mountain,UT,2018,2018-07-21,2018-07-22,11.0,11.0,14,22
alloc-2018_9156339_TRAIL MOUNTAIN-2018-07-24,2018_9156339_TRAIL MOUNTAIN,Trail Mountain,UT,2018,2018-07-24,2018-07-25,2.0,2.0,17,22
alloc-2018_9156339_TRAIL MOUNTAIN-2018-07-28,2018_9156339_TRAIL MOUNTAIN,Trail Mountain,UT,2018,2018-07-28,2018-07-29,3.0,9.0,21,22
alloc-2018_9158055_PINE RIDGE-2018-05-29,2018_9158055_PINE RIDGE,PINE RIDGE,UT,2018,2018-05-29,2018-05-30,42.0,52.0,4,18
alloc-2018_9158055_PINE RIDGE-2018-05-31,2018_9158055_PINE RIDGE,PINE RIDGE,UT,2018,2018-05-31,2018-06-01,41.0,41.0,6,18
alloc-2018_9158055_PINE RIDGE-2018-06-03,2018_9158055_PINE RIDGE,PINE RIDGE,UT,2018,2018-06-03,2018-06-04,3.0,4.0,9,18
alloc-2018_9158055_PINE RIDGE-2018-06-05,2018_9158055_PINE RIDGE,PINE RIDGE,UT,2018,2018-06-05,2018-06-06,4.0,2.0,11,18
alloc-2018_9158055_PINE RIDGE-2018-06-08,2018_9158055_PINE RIDGE,PINE RIDGE,UT,2018,2018-06-08,2018-06-09,2.0,2.0,14,18
alloc-2018_9158055_PINE RIDGE-2018-06-11,2018_9158055_PINE RIDGE,PINE RIDGE,UT,2018,2018-06-11,2018-06-12,2.0,2.0,17,18
alloc-2018_9158416_TENMILE-2018-08-04,2018_9158416_TENMILE,Tenmile,MT,2018,2018-08-04,2018-08-05,127.0,110.0,4,27
alloc-2018_9158416_TENMILE-2018-08-08,2018_9158416_TENMILE,Tenmile,MT,2018,2018-08-08,2018-08-09,146.0,153.0,8,27
alloc-2018_9158416_TENMILE-2018-08-12,2018_9158416_TENMILE,Tenmile,MT,2018,2018-08-12,2018-08-13,69.0,74.0,12,27
alloc-2018_9158416_TENMILE-2018-08-17,2018_9158416_TENMILE,Tenmile,MT,2018,2018-08-17,2018-08-18,54.0,43.0,17,27
alloc-2018_9158416_TENMILE-2018-08-21,2018_9158416_TENMILE,Tenmile,MT,2018,2018-08-21,2018-08-22,38.0,35.0,21,27
alloc-2018_9158416_TENMILE-2018-08-26,2018_9158416_TENMILE,Tenmile,MT,2018,2018-08-26,2018-08-27,13.0,46.0,26,27
alloc-2018_9159692_COLUMBUS-2018-08-10,2018_9159692_COLUMBUS,Columbus,OR,2018,2018-08-10,2018-08-11,246.0,246.0,4,18
alloc-2018_9159692_COLUMBUS-2018-08-12,2018_9159692_COLUMBUS,Columbus,OR,2018,2018-08-12,2018-08-13,110.0,109.0,6,18
alloc-2018_9159692_COLUMBUS-2018-08-15,2018_9159692_COLUMBUS,Columbus,OR,2018,2018-08-15,2018-08-16,152.0,152.0,9,18
alloc-2018_9159692_COLUMBUS-2018-08-17,2018_9159692_COLUMBUS,Columbus,OR,2018,2018-08-17,2018-08-18,128.0,132.0,11,18
alloc-2018_9159692_COLUMBUS-2018-08-20,2018_9159692_COLUMBUS,Columbus,OR,2018,2018-08-20,2018-08-21,98.0,98.0,14,18
alloc-2018_9159692_COLUMBUS-2018-08-23,2018_9159692_COLUMBUS,Columbus,OR,2018,2018-08-23,2018-08-24,98.0,98.0,17,18
alloc-2018_9160509_CEMETERY 0701 RS-2018-07-26,2018_9160509_CEMETERY 0701 RS,CEMETERY 0701 RS,OR,2018,2018-07-26,2018-07-27,13.0,13.0,4,10
alloc-2018_9160509_CEMETERY 0701 RS-2018-07-27,2018_9160509_CEMETERY 0701 RS,CEMETERY 0701 RS,OR,2018,2018-07-27,2018-07-28,13.0,13.0,5,10
alloc-2018_9160509_CEMETERY 0701 RS-2018-07-28,2018_9160509_CEMETERY 0701 RS,CEMETERY 0701 RS,OR,2018,2018-07-28,2018-07-29,13.0,13.0,6,10
alloc-2018_9160509_CEMETERY 0701 RS-2018-07-29,2018_9160509_CEMETERY 0701 RS,CEMETERY 0701 RS,OR,2018,2018-07-29,2018-07-30,13.0,13.0,7,10
alloc-2018_9160509_CEMETERY 0701 RS-2018-07-30,2018_9160509_CEMETERY 0701 RS,CEMETERY 0701 RS,OR,2018,2018-07-30,2018-07-31,13.0,13.0,8,10
alloc-2018_9160509_CEMETERY 0701 RS-2018-07-31,2018_9160509_CEMETERY 0701 RS,CEMETERY 0701 RS,OR,2018,2018-07-31,2018-08-01,7.0,13.0,9,10
alloc-2018_9160942_KLONDIKE-2018-07-22,2018_9160942_KLONDIKE,Klondike,OR,2018,2018-07-22,2018-07-23,31.0,21.0,4,24
alloc-2018_9160942_KLONDIKE-2018-07-25,2018_9160942_KLONDIKE,Klondike,OR,2018,2018-07-25,2018-07-26,160.0,117.0,7,24
alloc-2018_9160942_KLONDIKE-2018-07-29,2018_9160942_KLONDIKE,Klondike,OR,2018,2018-07-29,2018-07-30,219.0,252.0,11,24
alloc-2018_9160942_KLONDIKE-2018-08-02,2018_9160942_KLONDIKE,Klondike,OR,2018,2018-08-02,2018-08-03,315.0,275.0,15,24
alloc-2018_9160942_KLONDIKE-2018-08-06,2018_9160942_KLONDIKE,Klondike,OR,2018,2018-08-06,2018-08-07,310.0,310.0,19,24
alloc-2018_9160942_KLONDIKE-2018-08-10,2018_9160942_KLONDIKE,Klondike,OR,2018,2018-08-10,2018-08-11,237.0,211.0,23,24
alloc-2018_9160942_KLONDIKE-2018-08-17,2018_9160942_KLONDIKE,Klondike,OR,2018,2018-08-17,2018-08-18,278.0,282.0,4,54
alloc-2018_9160942_KLONDIKE-2018-08-26,2018_9160942_KLONDIKE,Klondike,OR,2018,2018-08-26,2018-08-27,511.0,373.0,13,54
alloc-2018_9160942_KLONDIKE-2018-09-05,2018_9160942_KLONDIKE,Klondike,OR,2018,2018-09-05,2018-09-06,523.0,562.0,23,54
alloc-2018_9160942_KLONDIKE-2018-09-15,2018_9160942_KLONDIKE,Klondike,OR,2018,2018-09-15,2018-09-16,268.0,282.0,33,54
alloc-2018_9160942_KLONDIKE-2018-09-25,2018_9160942_KLONDIKE,Klondike,OR,2018,2018-09-25,2018-09-26,294.0,274.0,43,54
alloc-2018_9160942_KLONDIKE-2018-10-05,2018_9160942_KLONDIKE,Klondike,OR,2018,2018-10-05,2018-10-06,289.0,311.0,53,54
alloc-2018_9160942_KLONDIKE-2018-10-11,2018_9160942_KLONDIKE,Klondike,OR,2018,2018-10-11,2018-10-12,114.0,218.0,4,27
alloc-2018_9160942_KLONDIKE-2018-10-15,2018_9160942_KLONDIKE,Klondike,OR,2018,2018-10-15,2018-10-16,212.0,197.0,8,27
alloc-2018_9160942_KLONDIKE-2018-10-19,2018_9160942_KLONDIKE,Klondike,OR,2018,2018-10-19,2018-10-20,431.0,377.0,12,27
alloc-2018_9160942_KLONDIKE-2018-10-24,2018_9160942_KLONDIKE,Klondike,OR,2018,2018-10-24,2018-10-25,244.0,304.0,17,27
alloc-2018_9160942_KLONDIKE-2018-10-28,2018_9160942_KLONDIKE,Klondike,OR,2018,2018-10-28,2018-10-29,93.0,95.0,21,27
alloc-2018_9160942_KLONDIKE-2018-11-02,2018_9160942_KLONDIKE,Klondike,OR,2018,2018-11-02,2018-11-03,65.0,66.0,26,27
alloc-2018_9165215_GOSHUTE CAVE-2018-08-26,2018_9165215_GOSHUTE CAVE,Goshute Cave,NV,2018,2018-08-26,2018-08-27,102.0,73.0,4,18
alloc-2018_9165215_GOSHUTE CAVE-2018-08-28,2018_9165215_GOSHUTE CAVE,Goshute Cave,NV,2018,2018-08-28,2018-08-29,125.0,102.0,6,18
alloc-2018_9165215_GOSHUTE CAVE-2018-08-31,2018_9165215_GOSHUTE CAVE,Goshute Cave,NV,2018,2018-08-31,2018-09-01,161.0,134.0,9,18
alloc-2018_9165215_GOSHUTE CAVE-2018-09-02,2018_9165215_GOSHUTE CAVE,Goshute Cave,NV,2018,2018-09-02,2018-09-03,144.0,125.0,11,18
alloc-2018_9165215_GOSHUTE CAVE-2018-09-05,2018_9165215_GOSHUTE CAVE,Goshute Cave,NV,2018,2018-09-05,2018-09-06,97.0,103.0,14,18
alloc-2018_9165215_GOSHUTE CAVE-2018-09-08,2018_9165215_GOSHUTE CAVE,Goshute Cave,NV,2018,2018-09-08,2018-09-09,35.0,39.0,17,18
alloc-2018_9167730_TERWILLIGER-2018-08-22,2018_9167730_TERWILLIGER,Terwilliger,OR,2018,2018-08-22,2018-08-23,164.0,108.0,4,49
alloc-2018_9167730_TERWILLIGER-2018-08-30,2018_9167730_TERWILLIGER,Terwilliger,OR,2018,2018-08-30,2018-08-31,267.0,222.0,12,49
alloc-2018_9167730_TERWILLIGER-2018-09-08,2018_9167730_TERWILLIGER,Terwilliger,OR,2018,2018-09-08,2018-09-09,238.0,261.0,21,49
alloc-2018_9167730_TERWILLIGER-2018-09-17,2018_9167730_TERWILLIGER,Terwilliger,OR,2018,2018-09-17,2018-09-18,107.0,132.0,30,49
alloc-2018_9167730_TERWILLIGER-2018-09-26,2018_9167730_TERWILLIGER,Terwilliger,OR,2018,2018-09-26,2018-09-27,94.0,97.0,39,49
alloc-2018_9167730_TERWILLIGER-2018-10-05,2018_9167730_TERWILLIGER,Terwilliger,OR,2018,2018-10-05,2018-10-06,100.0,54.0,48,49
alloc-2018_9169705_SUBSTATION 0730 RN-2018-07-21,2018_9169705_SUBSTATION 0730 RN,SUBSTATION,OR,2018,2018-07-21,2018-07-22,59.0,89.0,4,10
alloc-2018_9169705_SUBSTATION 0730 RN-2018-07-22,2018_9169705_SUBSTATION 0730 RN,SUBSTATION,OR,2018,2018-07-22,2018-07-23,27.0,59.0,5,10
alloc-2018_9169705_SUBSTATION 0730 RN-2018-07-23,2018_9169705_SUBSTATION 0730 RN,SUBSTATION,OR,2018,2018-07-23,2018-07-24,27.0,27.0,6,10
alloc-2018_9169705_SUBSTATION 0730 RN-2018-07-24,2018_9169705_SUBSTATION 0730 RN,SUBSTATION 0730 RN,OR,2018,2018-07-24,2018-07-25,27.0,27.0,7,10
alloc-2018_9169705_SUBSTATION 0730 RN-2018-07-25,2018_9169705_SUBSTATION 0730 RN,SUBSTATION 0730 RN,OR,2018,2018-07-25,2018-07-26,27.0,27.0,8,10
alloc-2018_9169705_SUBSTATION 0730 RN-2018-07-26,2018_9169705_SUBSTATION 0730 RN,SUBSTATION 0730 RN,OR,2018,2018-07-26,2018-07-27,27.0,27.0,9,10
alloc-2018_9170991_ROUND TOP-2018-07-24,2018_9170991_ROUND TOP,Round Top,OR,2018,2018-07-24,2018-07-25,100.0,120.0,4,26
alloc-2018_9170991_ROUND TOP-2018-07-28,2018_9170991_ROUND TOP,Round Top,OR,2018,2018-07-28,2018-07-29,53.0,75.0,8,26
alloc-2018_9170991_ROUND TOP-2018-08-01,2018_9170991_ROUND TOP,Round Top,OR,2018,2018-08-01,2018-08-02,8.0,11.0,12,26
alloc-2018_9170991_ROUND TOP-2018-08-05,2018_9170991_ROUND TOP,Round Top,OR,2018,2018-08-05,2018-08-06,9.0,9.0,16,26
alloc-2018_9170991_ROUND TOP-2018-08-09,2018_9170991_ROUND TOP,Round Top,OR,2018,2018-08-09,2018-08-10,9.0,9.0,20,26
alloc-2018_9170991_ROUND TOP-2018-08-14,2018_9170991_ROUND TOP,Round Top,OR,2018,2018-08-14,2018-08-15,8.0,8.0,25,26
alloc-2018_9171315_TAYLOR CREEK-2018-08-03,2018_9171315_TAYLOR CREEK,Taylor Creek,OR,2018,2018-08-03,2018-08-04,595.0,792.0,4,12
alloc-2018_9171315_TAYLOR CREEK-2018-08-04,2018_9171315_TAYLOR CREEK,Taylor Creek,OR,2018,2018-08-04,2018-08-05,504.0,595.0,5,12
alloc-2018_9171315_TAYLOR CREEK-2018-08-05,2018_9171315_TAYLOR CREEK,Taylor Creek,OR,2018,2018-08-05,2018-08-06,507.0,504.0,6,12
alloc-2018_9171315_TAYLOR CREEK-2018-08-07,2018_9171315_TAYLOR CREEK,Taylor Creek,OR,2018,2018-08-07,2018-08-08,485.0,486.0,8,12
alloc-2018_9171315_TAYLOR CREEK-2018-08-08,2018_9171315_TAYLOR CREEK,Taylor Creek,OR,2018,2018-08-08,2018-08-09,501.0,485.0,9,12
alloc-2018_9171315_TAYLOR CREEK-2018-08-10,2018_9171315_TAYLOR CREEK,Taylor Creek,OR,2018,2018-08-10,2018-08-11,516.0,528.0,11,12
alloc-2018_9171315_TAYLOR CREEK-2018-08-17,2018_9171315_TAYLOR CREEK,Taylor Creek,OR,2018,2018-08-17,2018-08-18,271.0,301.0,4,21
alloc-2018_9171315_TAYLOR CREEK-2018-08-20,2018_9171315_TAYLOR CREEK,Taylor Creek,OR,2018,2018-08-20,2018-08-21,209.0,260.0,7,21
alloc-2018_9171315_TAYLOR CREEK-2018-08-23,2018_9171315_TAYLOR CREEK,Taylor Creek,OR,2018,2018-08-23,2018-08-24,184.0,198.0,10,21
alloc-2018_9171315_TAYLOR CREEK-2018-08-26,2018_9171315_TAYLOR CREEK,Taylor Creek,OR,2018,2018-08-26,2018-08-27,85.0,173.0,13,21
alloc-2018_9171315_TAYLOR CREEK-2018-08-29,2018_9171315_TAYLOR CREEK,Taylor Creek,OR,2018,2018-08-29,2018-08-30,43.0,36.0,16,21
alloc-2018_9171315_TAYLOR CREEK-2018-09-02,2018_9171315_TAYLOR CREEK,Taylor Creek,OR,2018,2018-09-02,2018-09-03,23.0,26.0,20,21
alloc-2018_9173113_INDIAN VALLEY-2018-07-23,2018_9173113_INDIAN VALLEY,INDIAN VALLEY,CO,2018,2018-07-23,2018-07-24,112.0,91.0,4,17
alloc-2018_9173113_INDIAN VALLEY-2018-07-25,2018_9173113_INDIAN VALLEY,INDIAN VALLEY,CO,2018,2018-07-25,2018-07-26,120.0,117.0,6,17
alloc-2018_9173113_INDIAN VALLEY-2018-07-27,2018_9173113_INDIAN VALLEY,INDIAN VALLEY,CO,2018,2018-07-27,2018-07-28,125.0,123.0,8,17
alloc-2018_9173113_INDIAN VALLEY-2018-07-30,2018_9173113_INDIAN VALLEY,INDIAN VALLEY,CO,2018,2018-07-30,2018-07-31,114.0,114.0,11,17
alloc-2018_9173113_INDIAN VALLEY-2018-08-01,2018_9173113_INDIAN VALLEY,INDIAN VALLEY,CO,2018,2018-08-01,2018-08-02,8.0,114.0,13,17
alloc-2018_9173113_INDIAN VALLEY-2018-08-04,2018_9173113_INDIAN VALLEY,INDIAN VALLEY,CO,2018,2018-08-04,2018-08-05,3.0,3.0,16,17
alloc-2018_9173663_GOODVIEW-2018-07-25,2018_9173663_GOODVIEW,Goodview,OR,2018,2018-07-25,2018-07-26,153.0,171.0,4,13
alloc-2018_9173663_GOODVIEW-2018-07-26,2018_9173663_GOODVIEW,Goodview,OR,2018,2018-07-26,2018-07-27,119.0,153.0,5,13
alloc-2018_9173663_GOODVIEW-2018-07-28,2018_9173663_GOODVIEW,Goodview,OR,2018,2018-07-28,2018-07-29,118.0,114.0,7,13
alloc-2018_9173663_GOODVIEW-2018-07-29,2018_9173663_GOODVIEW,Goodview,OR,2018,2018-07-29,2018-07-30,107.0,118.0,8,13
alloc-2018_9173663_GOODVIEW-2018-07-31,2018_9173663_GOODVIEW,Goodview,OR,2018,2018-07-31,2018-08-01,103.0,106.0,10,13
alloc-2018_9173663_GOODVIEW-2018-08-02,2018_9173663_GOODVIEW,Goodview,OR,2018,2018-08-02,2018-08-03,128.0,106.0,12,13
alloc-2018_9173980_WEST GUARD-2018-07-26,2018_9173980_WEST GUARD,West Guard,CO,2018,2018-07-26,2018-07-27,41.0,41.0,4,20
alloc-2018_9173980_WEST GUARD-2018-07-29,2018_9173980_WEST GUARD,West Guard,CO,2018,2018-07-29,2018-07-30,44.0,47.0,7,20
alloc-2018_9173980_WEST GUARD-2018-08-01,2018_9173980_WEST GUARD,West Guard,CO,2018,2018-08-01,2018-08-02,3.0,78.0,10,20
alloc-2018_9173980_WEST GUARD-2018-08-04,2018_9173980_WEST GUARD,West Guard,CO,2018,2018-08-04,2018-08-05,3.0,3.0,13,20
alloc-2018_9173980_WEST GUARD-2018-08-07,2018_9173980_WEST GUARD,West Guard,CO,2018,2018-08-07,2018-08-08,3.0,3.0,16,20
alloc-2018_9173980_WEST GUARD-2018-08-10,2018_9173980_WEST GUARD,West Guard,CO,2018,2018-08-10,2018-08-11,3.0,3.0,19,20
alloc-2018_9174860_KELLAR-2018-05-28,2018_9174860_KELLAR,Kellar,NM,2018,2018-05-28,2018-05-29,124.0,121.0,4,13
alloc-2018_9174860_KELLAR-2018-05-29,2018_9174860_KELLAR,Kellar,NM,2018,2018-05-29,2018-05-30,124.0,124.0,5,13
alloc-2018_9174860_KELLAR-2018-05-31,2018_9174860_KELLAR,Kellar,NM,2018,2018-05-31,2018-06-01,124.0,124.0,7,13
alloc-2018_9174860_KELLAR-2018-06-01,2018_9174860_KELLAR,Kellar,NM,2018,2018-06-01,2018-06-02,91.0,124.0,8,13
alloc-2018_9174860_KELLAR-2018-06-03,2018_9174860_KELLAR,Kellar,NM,2018,2018-06-03,2018-06-04,42.0,82.0,10,13
alloc-2018_9174860_KELLAR-2018-06-05,2018_9174860_KELLAR,Kellar,NM,2018,2018-06-05,2018-06-06,22.0,42.0,12,13
alloc-2018_9175471_WAPITI-2018-08-28,2018_9175471_WAPITI,WAPITI,ID,2018,2018-08-28,2018-08-29,167.0,152.0,4,13
alloc-2018_9175471_WAPITI-2018-08-29,2018_9175471_WAPITI,WAPITI,ID,2018,2018-08-29,2018-08-30,170.0,167.0,5,13
alloc-2018_9175471_WAPITI-2018-08-31,2018_9175471_WAPITI,WAPITI,ID,2018,2018-08-31,2018-09-01,142.0,133.0,7,13
alloc-2018_9175471_WAPITI-2018-09-01,2018_9175471_WAPITI,WAPITI,ID,2018,2018-09-01,2018-09-02,108.0,142.0,8,13
alloc-2018_9175471_WAPITI-2018-09-03,2018_9175471_WAPITI,WAPITI,ID,2018,2018-09-03,2018-09-04,20.0,43.0,10,13
alloc-2018_9175471_WAPITI-2018-09-05,2018_9175471_WAPITI,WAPITI,ID,2018,2018-09-05,2018-09-06,11.0,20.0,12,13
alloc-2018_9176040_BUZZARD-2018-05-25,2018_9176040_BUZZARD,Buzzard,NM,2018,2018-05-25,2018-05-26,173.0,161.0,4,28
alloc-2018_9176040_BUZZARD-2018-05-29,2018_9176040_BUZZARD,Buzzard,NM,2018,2018-05-29,2018-05-30,180.0,173.0,8,28
alloc-2018_9176040_BUZZARD-2018-06-03,2018_9176040_BUZZARD,Buzzard,NM,2018,2018-06-03,2018-06-04,183.0,194.0,13,28
alloc-2018_9176040_BUZZARD-2018-06-07,2018_9176040_BUZZARD,Buzzard,NM,2018,2018-06-07,2018-06-08,154.0,154.0,17,28
alloc-2018_9176040_BUZZARD-2018-06-12,2018_9176040_BUZZARD,Buzzard,NM,2018,2018-06-12,2018-06-13,181.0,187.0,22,28
alloc-2018_9176040_BUZZARD-2018-06-17,2018_9176040_BUZZARD,Buzzard,NM,2018,2018-06-17,2018-06-18,82.0,86.0,27,28
alloc-2018_9176040_BUZZARD-2018-06-25,2018_9176040_BUZZARD,Buzzard,NM,2018,2018-06-25,2018-06-26,80.0,109.0,4,12
alloc-2018_9176040_BUZZARD-2018-06-26,2018_9176040_BUZZARD,Buzzard,NM,2018,2018-06-26,2018-06-27,67.0,80.0,5,12
alloc-2018_9176040_BUZZARD-2018-06-27,2018_9176040_BUZZARD,Buzzard,NM,2018,2018-06-27,2018-06-28,67.0,67.0,6,12
alloc-2018_9176040_BUZZARD-2018-06-29,2018_9176040_BUZZARD,Buzzard,NM,2018,2018-06-29,2018-06-30,25.0,45.0,8,12
alloc-2018_9176040_BUZZARD-2018-06-30,2018_9176040_BUZZARD,Buzzard,NM,2018,2018-06-30,2018-07-01,25.0,25.0,9,12
alloc-2018_9176040_BUZZARD-2018-07-02,2018_9176040_BUZZARD,Buzzard,NM,2018,2018-07-02,2018-07-03,1.0,25.0,11,12
alloc-2018_9178557_RATTLESNAKE CREEK-2018-07-27,2018_9178557_RATTLESNAKE CREEK,Rattlesnake Creek,ID,2018,2018-07-27,2018-07-28,162.0,152.0,4,77
alloc-2018_9178557_RATTLESNAKE CREEK-2018-08-10,2018_9178557_RATTLESNAKE CREEK,Rattlesnake Creek,ID,2018,2018-08-10,2018-08-11,155.0,130.0,18,77
alloc-2018_9178557_RATTLESNAKE CREEK-2018-08-24,2018_9178557_RATTLESNAKE CREEK,Rattlesnake Creek,ID,2018,2018-08-24,2018-08-25,141.0,129.0,32,77
alloc-2018_9178557_RATTLESNAKE CREEK-2018-09-08,2018_9178557_RATTLESNAKE CREEK,Rattlesnake Creek,ID,2018,2018-09-08,2018-09-09,38.0,38.0,47,77
alloc-2018_9178557_RATTLESNAKE CREEK-2018-09-22,2018_9178557_RATTLESNAKE CREEK,Rattlesnake Creek,ID,2018,2018-09-22,2018-09-23,12.0,12.0,61,77
alloc-2018_9178557_RATTLESNAKE CREEK-2018-10-07,2018_9178557_RATTLESNAKE CREEK,Rattlesnake Creek,ID,2018,2018-10-07,2018-10-08,1.0,1.0,76,77
alloc-2018_9183107_BENDER MOUNTAIN-2018-09-06,2018_9183107_BENDER MOUNTAIN,BENDER MOUNTAIN,UT,2018,2018-09-06,2018-09-07,75.0,81.0,4,15
alloc-2018_9183107_BENDER MOUNTAIN-2018-09-08,2018_9183107_BENDER MOUNTAIN,BENDER MOUNTAIN,UT,2018,2018-09-08,2018-09-09,48.0,71.0,6,15
alloc-2018_9183107_BENDER MOUNTAIN-2018-09-10,2018_9183107_BENDER MOUNTAIN,BENDER MOUNTAIN,UT,2018,2018-09-10,2018-09-11,47.0,50.0,8,15
alloc-2018_9183107_BENDER MOUNTAIN-2018-09-12,2018_9183107_BENDER MOUNTAIN,BENDER MOUNTAIN,UT,2018,2018-09-12,2018-09-13,68.0,47.0,10,15
alloc-2018_9183107_BENDER MOUNTAIN-2018-09-14,2018_9183107_BENDER MOUNTAIN,BENDER MOUNTAIN,UT,2018,2018-09-14,2018-09-15,28.0,26.0,12,15
alloc-2018_9183107_BENDER MOUNTAIN-2018-09-16,2018_9183107_BENDER MOUNTAIN,BENDER MOUNTAIN,UT,2018,2018-09-16,2018-09-17,6.0,28.0,14,15
alloc-2018_9183839_UTE PARK-2018-06-04,2018_9183839_UTE PARK,Ute Park,NM,2018,2018-06-04,2018-06-05,223.0,240.0,4,17
alloc-2018_9183839_UTE PARK-2018-06-06,2018_9183839_UTE PARK,Ute Park,NM,2018,2018-06-06,2018-06-07,285.0,263.0,6,17
alloc-2018_9183839_UTE PARK-2018-06-08,2018_9183839_UTE PARK,Ute Park,NM,2018,2018-06-08,2018-06-09,204.0,244.0,8,17
alloc-2018_9183839_UTE PARK-2018-06-11,2018_9183839_UTE PARK,Ute Park,NM,2018,2018-06-11,2018-06-12,137.0,137.0,11,17
alloc-2018_9183839_UTE PARK-2018-06-13,2018_9183839_UTE PARK,Ute Park,NM,2018,2018-06-13,2018-06-14,40.0,94.0,13,17
alloc-2018_9183839_UTE PARK-2018-06-16,2018_9183839_UTE PARK,Ute Park,NM,2018,2018-06-16,2018-06-17,5.0,38.0,16,17
alloc-2018_9186680_POLE CREEK-2018-09-14,2018_9186680_POLE CREEK,Pole Creek,UT,2018,2018-09-14,2018-09-15,196.0,166.0,4,27
alloc-2018_9186680_POLE CREEK-2018-09-18,2018_9186680_POLE CREEK,Pole Creek,UT,2018,2018-09-18,2018-09-19,495.0,303.0,8,27
alloc-2018_9186680_POLE CREEK-2018-09-22,2018_9186680_POLE CREEK,Pole Creek,UT,2018,2018-09-22,2018-09-23,517.0,521.0,12,27
alloc-2018_9186680_POLE CREEK-2018-09-27,2018_9186680_POLE CREEK,Pole Creek,UT,2018,2018-09-27,2018-09-28,398.0,398.0,17,27
alloc-2018_9186680_POLE CREEK-2018-10-01,2018_9186680_POLE CREEK,Pole Creek,UT,2018,2018-10-01,2018-10-02,187.0,300.0,21,27
alloc-2018_9186680_POLE CREEK-2018-10-06,2018_9186680_POLE CREEK,Pole Creek,UT,2018,2018-10-06,2018-10-07,63.0,63.0,26,27
alloc-2018_9188171_GOOSE CREEK-2018-07-30,2018_9188171_GOOSE CREEK,Goose Creek,NV,2018,2018-07-30,2018-07-31,180.0,193.0,4,14
alloc-2018_9188171_GOOSE CREEK-2018-07-31,2018_9188171_GOOSE CREEK,Goose Creek,NV,2018,2018-07-31,2018-08-01,221.0,180.0,5,14
alloc-2018_9188171_GOOSE CREEK-2018-08-02,2018_9188171_GOOSE CREEK,Goose Creek,NV,2018,2018-08-02,2018-08-03,264.0,240.0,7,14
alloc-2018_9188171_GOOSE CREEK-2018-08-04,2018_9188171_GOOSE CREEK,Goose Creek,NV,2018,2018-08-04,2018-08-05,178.0,222.0,9,14
alloc-2018_9188171_GOOSE CREEK-2018-08-06,2018_9188171_GOOSE CREEK,Goose Creek,NV,2018,2018-08-06,2018-08-07,140.0,135.0,11,14
alloc-2018_9188171_GOOSE CREEK-2018-08-08,2018_9188171_GOOSE CREEK,Goose Creek,NV,2018,2018-08-08,2018-08-09,85.0,150.0,13,14
alloc-2018_9189580_DENIKTAW RIDGE-2018-06-08,2018_9189580_DENIKTAW RIDGE,Deniktaw Ridge,AK,2018,2018-06-08,2018-06-09,32.0,32.0,4,12
alloc-2018_9189580_DENIKTAW RIDGE-2018-06-09,2018_9189580_DENIKTAW RIDGE,Deniktaw Ridge,AK,2018,2018-06-09,2018-06-10,32.0,32.0,5,12
alloc-2018_9189580_DENIKTAW RIDGE-2018-06-10,2018_9189580_DENIKTAW RIDGE,Deniktaw Ridge,AK,2018,2018-06-10,2018-06-11,32.0,32.0,6,12
alloc-2018_9189580_DENIKTAW RIDGE-2018-06-12,2018_9189580_DENIKTAW RIDGE,Deniktaw Ridge,AK,2018,2018-06-12,2018-06-13,32.0,32.0,8,12
alloc-2018_9189580_DENIKTAW RIDGE-2018-06-13,2018_9189580_DENIKTAW RIDGE,Deniktaw Ridge,AK,2018,2018-06-13,2018-06-14,32.0,32.0,9,12
alloc-2018_9189580_DENIKTAW RIDGE-2018-06-15,2018_9189580_DENIKTAW RIDGE,Deniktaw Ridge,AK,2018,2018-06-15,2018-06-16,24.0,32.0,11,12
alloc-2018_9190690_EMILY-2018-07-04,2018_9190690_EMILY,Emily,NM,2018,2018-07-04,2018-07-05,119.0,120.0,4,14
alloc-2018_9190690_EMILY-2018-07-05,2018_9190690_EMILY,Emily,NM,2018,2018-07-05,2018-07-06,107.0,119.0,5,14
alloc-2018_9190690_EMILY-2018-07-07,2018_9190690_EMILY,Emily,NM,2018,2018-07-07,2018-07-08,103.0,125.0,7,14
alloc-2018_9190690_EMILY-2018-07-09,2018_9190690_EMILY,Emily,NM,2018,2018-07-09,2018-07-10,93.0,93.0,9,14
alloc-2018_9190690_EMILY-2018-07-11,2018_9190690_EMILY,Emily,NM,2018,2018-07-11,2018-07-12,84.0,86.0,11,14
alloc-2018_9190690_EMILY-2018-07-13,2018_9190690_EMILY,Emily,NM,2018,2018-07-13,2018-07-14,54.0,79.0,13,14
alloc-2018_9191041_WILLOW PATCH-2018-07-02,2018_9191041_WILLOW PATCH,Willow Patch,UT,2018,2018-07-02,2018-07-03,123.0,125.0,4,12
alloc-2018_9191041_WILLOW PATCH-2018-07-03,2018_9191041_WILLOW PATCH,Willow Patch,UT,2018,2018-07-03,2018-07-04,132.0,123.0,5,12
alloc-2018_9191041_WILLOW PATCH-2018-07-04,2018_9191041_WILLOW PATCH,Willow Patch,UT,2018,2018-07-04,2018-07-05,150.0,132.0,6,12
alloc-2018_9191041_WILLOW PATCH-2018-07-06,2018_9191041_WILLOW PATCH,Willow Patch,UT,2018,2018-07-06,2018-07-07,69.0,133.0,8,12
alloc-2018_9191041_WILLOW PATCH-2018-07-07,2018_9191041_WILLOW PATCH,Willow Patch,UT,2018,2018-07-07,2018-07-08,68.0,69.0,9,12
alloc-2018_9191041_WILLOW PATCH-2018-07-09,2018_9191041_WILLOW PATCH,Willow Patch,UT,2018,2018-07-09,2018-07-10,8.0,30.0,11,12
alloc-2018_9191447_LAKE CHRISTINE-2018-07-07,2018_9191447_LAKE CHRISTINE,Lake Christine,CO,2018,2018-07-07,2018-07-08,387.0,364.0,4,15
alloc-2018_9191447_LAKE CHRISTINE-2018-07-09,2018_9191447_LAKE CHRISTINE,Lake Christine,CO,2018,2018-07-09,2018-07-10,226.0,272.0,6,15
alloc-2018_9191447_LAKE CHRISTINE-2018-07-11,2018_9191447_LAKE CHRISTINE,Lake Christine,CO,2018,2018-07-11,2018-07-12,199.0,198.0,8,15
alloc-2018_9191447_LAKE CHRISTINE-2018-07-13,2018_9191447_LAKE CHRISTINE,Lake Christine,CO,2018,2018-07-13,2018-07-14,137.0,181.0,10,15
alloc-2018_9191447_LAKE CHRISTINE-2018-07-15,2018_9191447_LAKE CHRISTINE,Lake Christine,CO,2018,2018-07-15,2018-07-16,122.0,136.0,12,15
alloc-2018_9191447_LAKE CHRISTINE-2018-07-17,2018_9191447_LAKE CHRISTINE,Lake Christine,CO,2018,2018-07-17,2018-07-18,74.0,102.0,14,15
alloc-2018_9191447_LAKE CHRISTINE-2018-07-23,2018_9191447_LAKE CHRISTINE,Lake Christine,CO,2018,2018-07-23,2018-07-24,154.0,153.0,4,56
alloc-2018_9191447_LAKE CHRISTINE-2018-08-02,2018_9191447_LAKE CHRISTINE,Lake Christine,CO,2018,2018-08-02,2018-08-03,26.0,30.0,14,56
alloc-2018_9191447_LAKE CHRISTINE-2018-08-12,2018_9191447_LAKE CHRISTINE,Lake Christine,CO,2018,2018-08-12,2018-08-13,17.0,15.0,24,56
alloc-2018_9191447_LAKE CHRISTINE-2018-08-22,2018_9191447_LAKE CHRISTINE,Lake Christine,CO,2018,2018-08-22,2018-08-23,15.0,15.0,34,56
alloc-2018_9191447_LAKE CHRISTINE-2018-09-01,2018_9191447_LAKE CHRISTINE,Lake Christine,CO,2018,2018-09-01,2018-09-02,12.0,13.0,44,56
alloc-2018_9191447_LAKE CHRISTINE-2018-09-12,2018_9191447_LAKE CHRISTINE,Lake Christine,CO,2018,2018-09-12,2018-09-13,7.0,9.0,55,56
alloc-2018_9194797_ZITZIANA RIVER-2018-06-18,2018_9194797_ZITZIANA RIVER,Zitziana River,AK,2018,2018-06-18,2018-06-19,116.0,106.0,4,15
alloc-2018_9194797_ZITZIANA RIVER-2018-06-20,2018_9194797_ZITZIANA RIVER,Zitziana River,AK,2018,2018-06-20,2018-06-21,113.0,114.0,6,15
alloc-2018_9194797_ZITZIANA RIVER-2018-06-22,2018_9194797_ZITZIANA RIVER,Zitziana River,AK,2018,2018-06-22,2018-06-23,112.0,113.0,8,15
alloc-2018_9194797_ZITZIANA RIVER-2018-06-24,2018_9194797_ZITZIANA RIVER,Zitziana River,AK,2018,2018-06-24,2018-06-25,84.0,85.0,10,15
alloc-2018_9194797_ZITZIANA RIVER-2018-06-26,2018_9194797_ZITZIANA RIVER,Zitziana River,AK,2018,2018-06-26,2018-06-27,58.0,79.0,12,15
alloc-2018_9194797_ZITZIANA RIVER-2018-06-28,2018_9194797_ZITZIANA RIVER,Zitziana River,AK,2018,2018-06-28,2018-06-29,5.0,34.0,14,15
alloc-2018_9195331_MORRIS CREEK-2018-07-06,2018_9195331_MORRIS CREEK,Morris Creek,NM,2018,2018-07-06,2018-07-07,92.0,91.0,4,16
alloc-2018_9195331_MORRIS CREEK-2018-07-08,2018_9195331_MORRIS CREEK,Morris Creek,NM,2018,2018-07-08,2018-07-09,71.0,90.0,6,16
alloc-2018_9195331_MORRIS CREEK-2018-07-10,2018_9195331_MORRIS CREEK,Morris Creek,NM,2018,2018-07-10,2018-07-11,70.0,70.0,8,16
alloc-2018_9195331_MORRIS CREEK-2018-07-12,2018_9195331_MORRIS CREEK,Morris Creek,NM,2018,2018-07-12,2018-07-13,48.0,69.0,10,16
alloc-2018_9195331_MORRIS CREEK-2018-07-14,2018_9195331_MORRIS CREEK,Morris Creek,NM,2018,2018-07-14,2018-07-15,23.0,46.0,12,16
alloc-2018_9195331_MORRIS CREEK-2018-07-17,2018_9195331_MORRIS CREEK,Morris Creek,NM,2018,2018-07-17,2018-07-18,8.0,8.0,15,16
alloc-2018_9196325_CHATEAU-2018-07-02,2018_9196325_CHATEAU,Chateau,CO,2018,2018-07-02,2018-07-03,114.0,103.0,4,11
alloc-2018_9196325_CHATEAU-2018-07-03,2018_9196325_CHATEAU,Chateau,CO,2018,2018-07-03,2018-07-04,121.0,114.0,5,11
alloc-2018_9196325_CHATEAU-2018-07-04,2018_9196325_CHATEAU,Chateau,CO,2018,2018-07-04,2018-07-05,102.0,121.0,6,11
alloc-2018_9196325_CHATEAU-2018-07-05,2018_9196325_CHATEAU,Chateau,CO,2018,2018-07-05,2018-07-06,94.0,102.0,7,11
alloc-2018_9196325_CHATEAU-2018-07-06,2018_9196325_CHATEAU,Chateau,CO,2018,2018-07-06,2018-07-07,94.0,94.0,8,11
alloc-2018_9196325_CHATEAU-2018-07-08,2018_9196325_CHATEAU,Chateau,CO,2018,2018-07-08,2018-07-09,94.0,94.0,10,11
alloc-2018_9200921_WEST VALLEY-2018-06-30,2018_9200921_WEST VALLEY,West Valley,UT,2018,2018-06-30,2018-07-01,197.0,200.0,4,29
alloc-2018_9200921_WEST VALLEY-2018-07-04,2018_9200921_WEST VALLEY,West Valley,UT,2018,2018-07-04,2018-07-05,206.0,209.0,8,29
alloc-2018_9200921_WEST VALLEY-2018-07-09,2018_9200921_WEST VALLEY,West Valley,UT,2018,2018-07-09,2018-07-10,38.0,91.0,13,29
alloc-2018_9200921_WEST VALLEY-2018-07-14,2018_9200921_WEST VALLEY,West Valley,UT,2018,2018-07-14,2018-07-15,16.0,32.0,18,29
alloc-2018_9200921_WEST VALLEY-2018-07-19,2018_9200921_WEST VALLEY,West Valley,UT,2018,2018-07-19,2018-07-20,6.0,6.0,23,29
alloc-2018_9200921_WEST VALLEY-2018-07-24,2018_9200921_WEST VALLEY,West Valley,UT,2018,2018-07-24,2018-07-25,6.0,6.0,28,29
alloc-2018_9201669_SPRING CREEK-2018-06-30,2018_9201669_SPRING CREEK,Spring Creek,CO,2018,2018-06-30,2018-07-01,234.0,222.0,4,23
alloc-2018_9201669_SPRING CREEK-2018-07-03,2018_9201669_SPRING CREEK,Spring Creek,CO,2018,2018-07-03,2018-07-04,470.0,290.0,7,23
alloc-2018_9201669_SPRING CREEK-2018-07-07,2018_9201669_SPRING CREEK,Spring Creek,CO,2018,2018-07-07,2018-07-08,679.0,725.0,11,23
alloc-2018_9201669_SPRING CREEK-2018-07-10,2018_9201669_SPRING CREEK,Spring Creek,CO,2018,2018-07-10,2018-07-11,598.0,617.0,14,23
alloc-2018_9201669_SPRING CREEK-2018-07-14,2018_9201669_SPRING CREEK,Spring Creek,CO,2018,2018-07-14,2018-07-15,131.0,208.0,18,23
alloc-2018_9201669_SPRING CREEK-2018-07-18,2018_9201669_SPRING CREEK,Spring Creek,CO,2018,2018-07-18,2018-07-19,30.0,32.0,22,23
alloc-2018_9203267_OWL-2018-07-04,2018_9203267_OWL,Owl,NM,2018,2018-07-04,2018-07-05,171.0,125.0,4,13
alloc-2018_9203267_OWL-2018-07-05,2018_9203267_OWL,Owl,NM,2018,2018-07-05,2018-07-06,146.0,171.0,5,13
alloc-2018_9203267_OWL-2018-07-07,2018_9203267_OWL,Owl,NM,2018,2018-07-07,2018-07-08,138.0,141.0,7,13
alloc-2018_9203267_OWL-2018-07-08,2018_9203267_OWL,Owl,NM,2018,2018-07-08,2018-07-09,137.0,138.0,8,13
alloc-2018_9203267_OWL-2018-07-10,2018_9203267_OWL,Owl,NM,2018,2018-07-10,2018-07-11,77.0,83.0,10,13
alloc-2018_9203267_OWL-2018-07-12,2018_9203267_OWL,Owl,NM,2018,2018-07-12,2018-07-13,21.0,33.0,12,13
alloc-2018_9203911_DOLLAR RIDGE-2018-07-04,2018_9203911_DOLLAR RIDGE,Dollar Ridge,UT,2018,2018-07-04,2018-07-05,256.0,233.0,4,42
alloc-2018_9203911_DOLLAR RIDGE-2018-07-11,2018_9203911_DOLLAR RIDGE,Dollar Ridge,UT,2018,2018-07-11,2018-07-12,368.0,287.0,11,42
alloc-2018_9203911_DOLLAR RIDGE-2018-07-18,2018_9203911_DOLLAR RIDGE,Dollar Ridge,UT,2018,2018-07-18,2018-07-19,158.0,171.0,18,42
alloc-2018_9203911_DOLLAR RIDGE-2018-07-26,2018_9203911_DOLLAR RIDGE,Dollar Ridge,UT,2018,2018-07-26,2018-07-27,40.0,46.0,26,42
alloc-2018_9203911_DOLLAR RIDGE-2018-08-02,2018_9203911_DOLLAR RIDGE,Dollar Ridge,UT,2018,2018-08-02,2018-08-03,71.0,71.0,33,42
alloc-2018_9203911_DOLLAR RIDGE-2018-08-10,2018_9203911_DOLLAR RIDGE,Dollar Ridge,UT,2018,2018-08-10,2018-08-11,116.0,99.0,41,42
alloc-2018_9206799_MARTIN-2018-07-08,2018_9206799_MARTIN,Martin,NV,2018,2018-07-08,2018-07-09,267.0,215.0,4,16
alloc-2018_9206799_MARTIN-2018-07-10,2018_9206799_MARTIN,Martin,NV,2018,2018-07-10,2018-07-11,248.0,267.0,6,16
alloc-2018_9206799_MARTIN-2018-07-12,2018_9206799_MARTIN,Martin,NV,2018,2018-07-12,2018-07-13,151.0,198.0,8,16
alloc-2018_9206799_MARTIN-2018-07-14,2018_9206799_MARTIN,Martin,NV,2018,2018-07-14,2018-07-15,107.0,108.0,10,16
alloc-2018_9206799_MARTIN-2018-07-16,2018_9206799_MARTIN,Martin,NV,2018,2018-07-16,2018-07-17,5.0,14.0,12,16
alloc-2018_9206799_MARTIN-2018-07-19,2018_9206799_MARTIN,Martin,NV,2018,2018-07-19,2018-07-20,3.0,3.0,15,16
alloc-2018_9207735_HOGAN-2018-07-05,2018_9207735_HOGAN,Hogan,NV,2018,2018-07-05,2018-07-06,198.0,198.0,4,17
alloc-2018_9207735_HOGAN-2018-07-07,2018_9207735_HOGAN,Hogan,NV,2018,2018-07-07,2018-07-08,182.0,182.0,6,17
alloc-2018_9207735_HOGAN-2018-07-09,2018_9207735_HOGAN,Hogan,NV,2018,2018-07-09,2018-07-10,152.0,182.0,8,17
alloc-2018_9207735_HOGAN-2018-07-12,2018_9207735_HOGAN,Hogan,NV,2018,2018-07-12,2018-07-13,9.0,15.0,11,17
alloc-2018_9207735_HOGAN-2018-07-14,2018_9207735_HOGAN,Hogan,NV,2018,2018-07-14,2018-07-15,9.0,9.0,13,17
alloc-2018_9207735_HOGAN-2018-07-17,2018_9207735_HOGAN,Hogan,NV,2018,2018-07-17,2018-07-18,3.0,3.0,16,17
alloc-2018_9208584_GREENWAY (11)-2018-03-29,2018_9208584_GREENWAY (11),Greenway (11),FL,2018,2018-03-29,2018-03-30,38.0,38.0,4,11
alloc-2018_9208584_GREENWAY (11)-2018-03-30,2018_9208584_GREENWAY (11),Greenway (11),FL,2018,2018-03-30,2018-03-31,28.0,38.0,5,11
alloc-2018_9208584_GREENWAY (11)-2018-03-31,2018_9208584_GREENWAY (11),Greenway (11),FL,2018,2018-03-31,2018-04-01,30.0,28.0,6,11
alloc-2018_9208584_GREENWAY (11)-2018-04-01,2018_9208584_GREENWAY (11),Greenway (11),FL,2018,2018-04-01,2018-04-02,26.0,30.0,7,11
alloc-2018_9208584_GREENWAY (11)-2018-04-02,2018_9208584_GREENWAY (11),Greenway (11),FL,2018,2018-04-02,2018-04-03,26.0,26.0,8,11
alloc-2018_9208584_GREENWAY (11)-2018-04-04,2018_9208584_GREENWAY (11),Greenway (11),FL,2018,2018-04-04,2018-04-05,15.0,26.0,10,11
alloc-2018_9209353_LITTLE CAMAS-2018-07-08,2018_9209353_LITTLE CAMAS,LITTLE CAMAS,WA,2018,2018-07-08,2018-07-09,328.0,340.0,4,11
alloc-2018_9209353_LITTLE CAMAS-2018-07-09,2018_9209353_LITTLE CAMAS,LITTLE CAMAS,WA,2018,2018-07-09,2018-07-10,277.0,328.0,5,11
alloc-2018_9209353_LITTLE CAMAS-2018-07-10,2018_9209353_LITTLE CAMAS,LITTLE CAMAS,WA,2018,2018-07-10,2018-07-11,122.0,277.0,6,11
alloc-2018_9209353_LITTLE CAMAS-2018-07-11,2018_9209353_LITTLE CAMAS,LITTLE CAMAS,WA,2018,2018-07-11,2018-07-12,106.0,122.0,7,11
alloc-2018_9209353_LITTLE CAMAS-2018-07-12,2018_9209353_LITTLE CAMAS,LITTLE CAMAS,WA,2018,2018-07-12,2018-07-13,88.0,106.0,8,11
alloc-2018_9209353_LITTLE CAMAS-2018-07-14,2018_9209353_LITTLE CAMAS,LITTLE CAMAS,WA,2018,2018-07-14,2018-07-15,39.0,39.0,10,11
alloc-2018_9211751_SUGARLOAF-2018-07-01,2018_9211751_SUGARLOAF,Sugarloaf,CO,2018,2018-07-01,2018-07-02,22.0,22.0,4,15
alloc-2018_9211751_SUGARLOAF-2018-07-03,2018_9211751_SUGARLOAF,Sugarloaf,CO,2018,2018-07-03,2018-07-04,23.0,23.0,6,15
alloc-2018_9211751_SUGARLOAF-2018-07-05,2018_9211751_SUGARLOAF,Sugarloaf,CO,2018,2018-07-05,2018-07-06,26.0,26.0,8,15
alloc-2018_9211751_SUGARLOAF-2018-07-07,2018_9211751_SUGARLOAF,Sugarloaf,CO,2018,2018-07-07,2018-07-08,26.0,26.0,10,15
alloc-2018_9211751_SUGARLOAF-2018-07-09,2018_9211751_SUGARLOAF,Sugarloaf,CO,2018,2018-07-09,2018-07-10,22.0,26.0,12,15
alloc-2018_9211751_SUGARLOAF-2018-07-11,2018_9211751_SUGARLOAF,Sugarloaf,CO,2018,2018-07-11,2018-07-12,59.0,22.0,14,15
alloc-2018_9212179_TIECHOVUN LAKE-2018-07-06,2018_9212179_TIECHOVUN LAKE,Tiechovun Lake,AK,2018,2018-07-06,2018-07-07,70.0,66.0,4,16
alloc-2018_9212179_TIECHOVUN LAKE-2018-07-08,2018_9212179_TIECHOVUN LAKE,Tiechovun Lake,AK,2018,2018-07-08,2018-07-09,68.0,69.0,6,16
alloc-2018_9212179_TIECHOVUN LAKE-2018-07-10,2018_9212179_TIECHOVUN LAKE,Tiechovun Lake,AK,2018,2018-07-10,2018-07-11,70.0,70.0,8,16
alloc-2018_9212179_TIECHOVUN LAKE-2018-07-12,2018_9212179_TIECHOVUN LAKE,Tiechovun Lake,AK,2018,2018-07-12,2018-07-13,69.0,70.0,10,16
alloc-2018_9212179_TIECHOVUN LAKE-2018-07-14,2018_9212179_TIECHOVUN LAKE,Tiechovun Lake,AK,2018,2018-07-14,2018-07-15,66.0,67.0,12,16
alloc-2018_9212179_TIECHOVUN LAKE-2018-07-17,2018_9212179_TIECHOVUN LAKE,Tiechovun Lake,AK,2018,2018-07-17,2018-07-18,36.0,39.0,15,16
alloc-2018_9212668_APPLEVUN-2018-07-06,2018_9212668_APPLEVUN,Applevun,AK,2018,2018-07-06,2018-07-07,28.0,28.0,4,12
alloc-2018_9212668_APPLEVUN-2018-07-07,2018_9212668_APPLEVUN,Applevun,AK,2018,2018-07-07,2018-07-08,28.0,28.0,5,12
alloc-2018_9212668_APPLEVUN-2018-07-08,2018_9212668_APPLEVUN,Applevun,AK,2018,2018-07-08,2018-07-09,28.0,28.0,6,12
alloc-2018_9212668_APPLEVUN-2018-07-10,2018_9212668_APPLEVUN,Applevun,AK,2018,2018-07-10,2018-07-11,28.0,28.0,8,12
alloc-2018_9212668_APPLEVUN-2018-07-11,2018_9212668_APPLEVUN,Applevun,AK,2018,2018-07-11,2018-07-12,28.0,28.0,9,12
alloc-2018_9212668_APPLEVUN-2018-07-13,2018_9212668_APPLEVUN,Applevun,AK,2018,2018-07-13,2018-07-14,28.0,28.0,11,12
alloc-2018_9213124_WESTON PASS-2018-07-02,2018_9213124_WESTON PASS,Weston Pass,CO,2018,2018-07-02,2018-07-03,193.0,171.0,4,18
alloc-2018_9213124_WESTON PASS-2018-07-04,2018_9213124_WESTON PASS,Weston Pass,CO,2018,2018-07-04,2018-07-05,195.0,179.0,6,18
alloc-2018_9213124_WESTON PASS-2018-07-07,2018_9213124_WESTON PASS,Weston Pass,CO,2018,2018-07-07,2018-07-08,188.0,190.0,9,18
alloc-2018_9213124_WESTON PASS-2018-07-09,2018_9213124_WESTON PASS,Weston Pass,CO,2018,2018-07-09,2018-07-10,184.0,195.0,11,18
alloc-2018_9213124_WESTON PASS-2018-07-12,2018_9213124_WESTON PASS,Weston Pass,CO,2018,2018-07-12,2018-07-13,112.0,174.0,14,18
alloc-2018_9213124_WESTON PASS-2018-07-15,2018_9213124_WESTON PASS,Weston Pass,CO,2018,2018-07-15,2018-07-16,41.0,41.0,17,18
alloc-2018_9214372_SURPRISE-2018-07-05,2018_9214372_SURPRISE,Surprise,TX,2018,2018-07-05,2018-07-06,46.0,34.0,4,10
alloc-2018_9214372_SURPRISE-2018-07-06,2018_9214372_SURPRISE,Surprise,TX,2018,2018-07-06,2018-07-07,40.0,46.0,5,10
alloc-2018_9214372_SURPRISE-2018-07-07,2018_9214372_SURPRISE,Surprise,TX,2018,2018-07-07,2018-07-08,33.0,40.0,6,10
alloc-2018_9214372_SURPRISE-2018-07-08,2018_9214372_SURPRISE,Surprise,TX,2018,2018-07-08,2018-07-09,20.0,33.0,7,10
alloc-2018_9214372_SURPRISE-2018-07-09,2018_9214372_SURPRISE,Surprise,TX,2018,2018-07-09,2018-07-10,18.0,20.0,8,10
alloc-2018_9214372_SURPRISE-2018-07-10,2018_9214372_SURPRISE,Surprise,TX,2018,2018-07-10,2018-07-11,6.0,18.0,9,10
alloc-2018_9216987_COPPER MOUNTAIN-2018-08-09,2018_9216987_COPPER MOUNTAIN,Copper Mountain,ID,2018,2018-08-09,2018-08-10,55.0,53.0,4,18
alloc-2018_9216987_COPPER MOUNTAIN-2018-08-11,2018_9216987_COPPER MOUNTAIN,Copper Mountain,ID,2018,2018-08-11,2018-08-12,42.0,51.0,6,18
alloc-2018_9216987_COPPER MOUNTAIN-2018-08-14,2018_9216987_COPPER MOUNTAIN,Copper Mountain,ID,2018,2018-08-14,2018-08-15,41.0,38.0,9,18
alloc-2018_9216987_COPPER MOUNTAIN-2018-08-16,2018_9216987_COPPER MOUNTAIN,Copper Mountain,ID,2018,2018-08-16,2018-08-17,2.0,41.0,11,18
alloc-2018_9216987_COPPER MOUNTAIN-2018-08-19,2018_9216987_COPPER MOUNTAIN,Copper Mountain,ID,2018,2018-08-19,2018-08-20,2.0,2.0,14,18
alloc-2018_9216987_COPPER MOUNTAIN-2018-08-22,2018_9216987_COPPER MOUNTAIN,Copper Mountain,ID,2018,2018-08-22,2018-08-23,2.0,2.0,17,18
alloc-2018_9223810_PLATEAU-2018-07-26,2018_9223810_PLATEAU,Plateau,CO,2018,2018-07-26,2018-07-27,38.0,38.0,4,46
alloc-2018_9223810_PLATEAU-2018-08-03,2018_9223810_PLATEAU,Plateau,CO,2018,2018-08-03,2018-08-04,78.0,78.0,12,46
alloc-2018_9223810_PLATEAU-2018-08-11,2018_9223810_PLATEAU,Plateau,CO,2018,2018-08-11,2018-08-12,96.0,140.0,20,46
alloc-2018_9223810_PLATEAU-2018-08-19,2018_9223810_PLATEAU,Plateau,CO,2018,2018-08-19,2018-08-20,26.0,22.0,28,46
alloc-2018_9223810_PLATEAU-2018-08-27,2018_9223810_PLATEAU,Plateau,CO,2018,2018-08-27,2018-08-28,9.0,9.0,36,46
alloc-2018_9223810_PLATEAU-2018-09-05,2018_9223810_PLATEAU,Plateau,CO,2018,2018-09-05,2018-09-06,2.0,2.0,45,46
alloc-2018_9225525_RANGE TWO-2018-10-03,2018_9225525_RANGE TWO,Range Two,NV,2018,2018-10-03,2018-10-04,122.0,164.0,4,16
alloc-2018_9225525_RANGE TWO-2018-10-05,2018_9225525_RANGE TWO,Range Two,NV,2018,2018-10-05,2018-10-06,50.0,83.0,6,16
alloc-2018_9225525_RANGE TWO-2018-10-07,2018_9225525_RANGE TWO,Range Two,NV,2018,2018-10-07,2018-10-08,42.0,47.0,8,16
alloc-2018_9225525_RANGE TWO-2018-10-09,2018_9225525_RANGE TWO,Range Two,NV,2018,2018-10-09,2018-10-10,22.0,22.0,10,16
alloc-2018_9225525_RANGE TWO-2018-10-11,2018_9225525_RANGE TWO,Range Two,NV,2018,2018-10-11,2018-10-12,20.0,20.0,12,16
alloc-2018_9225525_RANGE TWO-2018-10-14,2018_9225525_RANGE TWO,Range Two,NV,2018,2018-10-14,2018-10-15,20.0,20.0,15,16
alloc-2018_9229352_BURRO-2018-06-12,2018_9229352_BURRO,Burro,CO,2018,2018-06-12,2018-06-13,82.0,90.0,4,39
alloc-2018_9229352_BURRO-2018-06-18,2018_9229352_BURRO,Burro,CO,2018,2018-06-18,2018-06-19,106.0,106.0,10,39
alloc-2018_9229352_BURRO-2018-06-25,2018_9229352_BURRO,Burro,CO,2018,2018-06-25,2018-06-26,44.0,35.0,17,39
alloc-2018_9229352_BURRO-2018-07-02,2018_9229352_BURRO,Burro,CO,2018,2018-07-02,2018-07-03,30.0,28.0,24,39
alloc-2018_9229352_BURRO-2018-07-09,2018_9229352_BURRO,Burro,CO,2018,2018-07-09,2018-07-10,23.0,23.0,31,39
alloc-2018_9229352_BURRO-2018-07-16,2018_9229352_BURRO,Burro,CO,2018,2018-07-16,2018-07-17,1.0,1.0,38,39
alloc-2018_9230529_GOLDSTONE-2018-08-16,2018_9230529_GOLDSTONE,Goldstone,MT,2018,2018-08-16,2018-08-17,92.0,50.0,4,26
alloc-2018_9230529_GOLDSTONE-2018-08-20,2018_9230529_GOLDSTONE,Goldstone,MT,2018,2018-08-20,2018-08-21,124.0,116.0,8,26
alloc-2018_9230529_GOLDSTONE-2018-08-24,2018_9230529_GOLDSTONE,Goldstone,MT,2018,2018-08-24,2018-08-25,154.0,132.0,12,26
alloc-2018_9230529_GOLDSTONE-2018-08-28,2018_9230529_GOLDSTONE,Goldstone,MT,2018,2018-08-28,2018-08-29,120.0,136.0,16,26
alloc-2018_9230529_GOLDSTONE-2018-09-01,2018_9230529_GOLDSTONE,Goldstone,MT,2018,2018-09-01,2018-09-02,28.0,44.0,20,26
alloc-2018_9230529_GOLDSTONE-2018-09-06,2018_9230529_GOLDSTONE,Goldstone,MT,2018,2018-09-06,2018-09-07,13.0,13.0,25,26
alloc-2018_9233579_BALD MOUNTAIN-2018-09-18,2018_9233579_BALD MOUNTAIN,Bald Mountain,UT,2018,2018-09-18,2018-09-19,226.0,234.0,4,20
alloc-2018_9233579_BALD MOUNTAIN-2018-09-21,2018_9233579_BALD MOUNTAIN,Bald Mountain,UT,2018,2018-09-21,2018-09-22,216.0,262.0,7,20
alloc-2018_9233579_BALD MOUNTAIN-2018-09-24,2018_9233579_BALD MOUNTAIN,Bald Mountain,UT,2018,2018-09-24,2018-09-25,172.0,198.0,10,20
alloc-2018_9233579_BALD MOUNTAIN-2018-09-27,2018_9233579_BALD MOUNTAIN,Bald Mountain,UT,2018,2018-09-27,2018-09-28,111.0,111.0,13,20
alloc-2018_9233579_BALD MOUNTAIN-2018-09-30,2018_9233579_BALD MOUNTAIN,Bald Mountain,UT,2018,2018-09-30,2018-10-01,78.0,92.0,16,20
alloc-2018_9233579_BALD MOUNTAIN-2018-10-03,2018_9233579_BALD MOUNTAIN,Bald Mountain,UT,2018,2018-10-03,2018-10-04,48.0,39.0,19,20
alloc-2018_9234774_LONG HOLLOW 0806 RN-2018-07-29,2018_9234774_LONG HOLLOW 0806 RN,LONG HOLLOW 0806 RN,OR,2018,2018-07-29,2018-07-30,100.0,147.0,4,14
alloc-2018_9234774_LONG HOLLOW 0806 RN-2018-07-30,2018_9234774_LONG HOLLOW 0806 RN,LONG HOLLOW 0806 RN,OR,2018,2018-07-30,2018-07-31,79.0,100.0,5,14
alloc-2018_9234774_LONG HOLLOW 0806 RN-2018-08-01,2018_9234774_LONG HOLLOW 0806 RN,LONG HOLLOW 0806 RN,OR,2018,2018-08-01,2018-08-02,8.0,32.0,7,14
alloc-2018_9234774_LONG HOLLOW 0806 RN-2018-08-03,2018_9234774_LONG HOLLOW 0806 RN,LONG HOLLOW 0806 RN,OR,2018,2018-08-03,2018-08-04,8.0,8.0,9,14
alloc-2018_9234774_LONG HOLLOW 0806 RN-2018-08-05,2018_9234774_LONG HOLLOW 0806 RN,LONG HOLLOW 0806 RN,OR,2018,2018-08-05,2018-08-06,8.0,8.0,11,14
alloc-2018_9234774_LONG HOLLOW 0806 RN-2018-08-07,2018_9234774_LONG HOLLOW 0806 RN,LONG HOLLOW 0806 RN,OR,2018,2018-08-07,2018-08-08,1.0,8.0,13,14
alloc-2018_9235083_MESA-2018-07-30,2018_9235083_MESA,Mesa,ID,2018,2018-07-30,2018-07-31,188.0,181.0,4,16
alloc-2018_9235083_MESA-2018-08-01,2018_9235083_MESA,Mesa,ID,2018,2018-08-01,2018-08-02,215.0,198.0,6,16
alloc-2018_9235083_MESA-2018-08-03,2018_9235083_MESA,Mesa,ID,2018,2018-08-03,2018-08-04,243.0,231.0,8,16
alloc-2018_9235083_MESA-2018-08-05,2018_9235083_MESA,Mesa,ID,2018,2018-08-05,2018-08-06,230.0,230.0,10,16
alloc-2018_9235083_MESA-2018-08-07,2018_9235083_MESA,Mesa,ID,2018,2018-08-07,2018-08-08,213.0,233.0,12,16
alloc-2018_9235083_MESA-2018-08-10,2018_9235083_MESA,Mesa,ID,2018,2018-08-10,2018-08-11,216.0,210.0,15,16
alloc-2018_9235083_MESA-2018-08-16,2018_9235083_MESA,Mesa,ID,2018,2018-08-16,2018-08-17,114.0,155.0,4,13
alloc-2018_9235083_MESA-2018-08-17,2018_9235083_MESA,Mesa,ID,2018,2018-08-17,2018-08-18,98.0,114.0,5,13
alloc-2018_9235083_MESA-2018-08-19,2018_9235083_MESA,Mesa,ID,2018,2018-08-19,2018-08-20,118.0,108.0,7,13
alloc-2018_9235083_MESA-2018-08-20,2018_9235083_MESA,Mesa,ID,2018,2018-08-20,2018-08-21,118.0,118.0,8,13
alloc-2018_9235083_MESA-2018-08-22,2018_9235083_MESA,Mesa,ID,2018,2018-08-22,2018-08-23,108.0,118.0,10,13
alloc-2018_9235083_MESA-2018-08-24,2018_9235083_MESA,Mesa,ID,2018,2018-08-24,2018-08-25,20.0,108.0,12,13
alloc-2018_9248657_SOLDIER CANYON-2018-06-12,2018_9248657_SOLDIER CANYON,SOLDIER CANYON,NM,2018,2018-06-12,2018-06-13,217.0,244.0,4,10
alloc-2018_9248657_SOLDIER CANYON-2018-06-13,2018_9248657_SOLDIER CANYON,SOLDIER CANYON,NM,2018,2018-06-13,2018-06-14,195.0,217.0,5,10
alloc-2018_9248657_SOLDIER CANYON-2018-06-14,2018_9248657_SOLDIER CANYON,SOLDIER CANYON,NM,2018,2018-06-14,2018-06-15,145.0,195.0,6,10
alloc-2018_9248657_SOLDIER CANYON-2018-06-15,2018_9248657_SOLDIER CANYON,SOLDIER CANYON,NM,2018,2018-06-15,2018-06-16,101.0,145.0,7,10
alloc-2018_9248657_SOLDIER CANYON-2018-06-16,2018_9248657_SOLDIER CANYON,SOLDIER CANYON,NM,2018,2018-06-16,2018-06-17,22.0,101.0,8,10
alloc-2018_9248657_SOLDIER CANYON-2018-06-17,2018_9248657_SOLDIER CANYON,SOLDIER CANYON,NM,2018,2018-06-17,2018-06-18,42.0,22.0,9,10
alloc-2018_9249495_BACON RIND-2018-08-16,2018_9249495_BACON RIND,Bacon Rind,MT,2018,2018-08-16,2018-08-17,54.0,56.0,4,12
alloc-2018_9249495_BACON RIND-2018-08-17,2018_9249495_BACON RIND,Bacon Rind,MT,2018,2018-08-17,2018-08-18,54.0,54.0,5,12
alloc-2018_9249495_BACON RIND-2018-08-18,2018_9249495_BACON RIND,Bacon Rind,MT,2018,2018-08-18,2018-08-19,54.0,54.0,6,12
alloc-2018_9249495_BACON RIND-2018-08-20,2018_9249495_BACON RIND,Bacon Rind,MT,2018,2018-08-20,2018-08-21,55.0,54.0,8,12
alloc-2018_9249495_BACON RIND-2018-08-21,2018_9249495_BACON RIND,Bacon Rind,MT,2018,2018-08-21,2018-08-22,69.0,55.0,9,12
alloc-2018_9249495_BACON RIND-2018-08-23,2018_9249495_BACON RIND,Bacon Rind,MT,2018,2018-08-23,2018-08-24,70.0,70.0,11,12
alloc-2018_9250192_VENADO-2018-07-24,2018_9250192_VENADO,Venado,NM,2018,2018-07-24,2018-07-25,127.0,127.0,4,13
alloc-2018_9250192_VENADO-2018-07-25,2018_9250192_VENADO,Venado,NM,2018,2018-07-25,2018-07-26,159.0,127.0,5,13
alloc-2018_9250192_VENADO-2018-07-27,2018_9250192_VENADO,Venado,NM,2018,2018-07-27,2018-07-28,181.0,159.0,7,13
alloc-2018_9250192_VENADO-2018-07-28,2018_9250192_VENADO,Venado,NM,2018,2018-07-28,2018-07-29,114.0,181.0,8,13
alloc-2018_9250192_VENADO-2018-07-30,2018_9250192_VENADO,Venado,NM,2018,2018-07-30,2018-07-31,86.0,92.0,10,13
alloc-2018_9250192_VENADO-2018-08-01,2018_9250192_VENADO,Venado,NM,2018,2018-08-01,2018-08-02,32.0,82.0,12,13
alloc-2018_9251016_CEDAR MOUNTAIN ONE-2018-07-30,2018_9251016_CEDAR MOUNTAIN ONE,Cedar Mountain One,UT,2018,2018-07-30,2018-07-31,27.0,18.0,4,11
alloc-2018_9251016_CEDAR MOUNTAIN ONE-2018-07-31,2018_9251016_CEDAR MOUNTAIN ONE,Cedar Mountain One,UT,2018,2018-07-31,2018-08-01,27.0,27.0,5,11
alloc-2018_9251016_CEDAR MOUNTAIN ONE-2018-08-01,2018_9251016_CEDAR MOUNTAIN ONE,Cedar Mountain One,UT,2018,2018-08-01,2018-08-02,57.0,27.0,6,11
alloc-2018_9251016_CEDAR MOUNTAIN ONE-2018-08-02,2018_9251016_CEDAR MOUNTAIN ONE,Cedar Mountain One,UT,2018,2018-08-02,2018-08-03,55.0,57.0,7,11
alloc-2018_9251016_CEDAR MOUNTAIN ONE-2018-08-03,2018_9251016_CEDAR MOUNTAIN ONE,Cedar Mountain One,UT,2018,2018-08-03,2018-08-04,58.0,55.0,8,11
alloc-2018_9251016_CEDAR MOUNTAIN ONE-2018-08-05,2018_9251016_CEDAR MOUNTAIN ONE,Cedar Mountain One,UT,2018,2018-08-05,2018-08-06,15.0,16.0,10,11
alloc-2018_9251374_BEAR TRAP-2018-08-16,2018_9251374_BEAR TRAP,BEAR TRAP,UT,2018,2018-08-16,2018-08-17,48.0,50.0,4,13
alloc-2018_9251374_BEAR TRAP-2018-08-17,2018_9251374_BEAR TRAP,BEAR TRAP,UT,2018,2018-08-17,2018-08-18,53.0,48.0,5,13
alloc-2018_9251374_BEAR TRAP-2018-08-19,2018_9251374_BEAR TRAP,BEAR TRAP,UT,2018,2018-08-19,2018-08-20,49.0,53.0,7,13
alloc-2018_9251374_BEAR TRAP-2018-08-20,2018_9251374_BEAR TRAP,BEAR TRAP,UT,2018,2018-08-20,2018-08-21,49.0,49.0,8,13
alloc-2018_9251374_BEAR TRAP-2018-08-22,2018_9251374_BEAR TRAP,BEAR TRAP,UT,2018,2018-08-22,2018-08-23,6.0,6.0,10,13
alloc-2018_9251374_BEAR TRAP-2018-08-24,2018_9251374_BEAR TRAP,BEAR TRAP,UT,2018,2018-08-24,2018-08-25,2.0,2.0,12,13
alloc-2018_9254001_SOUTH SUGARLOAF-2018-08-20,2018_9254001_SOUTH SUGARLOAF,South Sugarloaf,NV,2018,2018-08-20,2018-08-21,161.0,172.0,4,20
alloc-2018_9254001_SOUTH SUGARLOAF-2018-08-23,2018_9254001_SOUTH SUGARLOAF,South Sugarloaf,NV,2018,2018-08-23,2018-08-24,220.0,224.0,7,20
alloc-2018_9254001_SOUTH SUGARLOAF-2018-08-26,2018_9254001_SOUTH SUGARLOAF,South Sugarloaf,NV,2018,2018-08-26,2018-08-27,229.0,241.0,10,20
alloc-2018_9254001_SOUTH SUGARLOAF-2018-08-29,2018_9254001_SOUTH SUGARLOAF,South Sugarloaf,NV,2018,2018-08-29,2018-08-30,210.0,240.0,13,20
alloc-2018_9254001_SOUTH SUGARLOAF-2018-09-01,2018_9254001_SOUTH SUGARLOAF,South Sugarloaf,NV,2018,2018-09-01,2018-09-02,148.0,157.0,16,20
alloc-2018_9254001_SOUTH SUGARLOAF-2018-09-04,2018_9254001_SOUTH SUGARLOAF,South Sugarloaf,NV,2018,2018-09-04,2018-09-05,80.0,103.0,19,20
alloc-2018_9254001_SOUTH SUGARLOAF-2018-09-10,2018_9254001_SOUTH SUGARLOAF,South Sugarloaf,NV,2018,2018-09-10,2018-09-11,12.0,11.0,4,16
alloc-2018_9254001_SOUTH SUGARLOAF-2018-09-12,2018_9254001_SOUTH SUGARLOAF,South Sugarloaf,NV,2018,2018-09-12,2018-09-13,6.0,12.0,6,16
alloc-2018_9254001_SOUTH SUGARLOAF-2018-09-14,2018_9254001_SOUTH SUGARLOAF,South Sugarloaf,NV,2018,2018-09-14,2018-09-15,6.0,6.0,8,16
alloc-2018_9254001_SOUTH SUGARLOAF-2018-09-16,2018_9254001_SOUTH SUGARLOAF,South Sugarloaf,NV,2018,2018-09-16,2018-09-17,8.0,6.0,10,16
alloc-2018_9254001_SOUTH SUGARLOAF-2018-09-18,2018_9254001_SOUTH SUGARLOAF,South Sugarloaf,NV,2018,2018-09-18,2018-09-19,8.0,8.0,12,16
alloc-2018_9254001_SOUTH SUGARLOAF-2018-09-21,2018_9254001_SOUTH SUGARLOAF,South Sugarloaf,NV,2018,2018-09-21,2018-09-22,4.0,4.0,15,16
alloc-2018_9254001_SOUTH SUGARLOAF-2018-09-27,2018_9254001_SOUTH SUGARLOAF,South Sugarloaf,NV,2018,2018-09-27,2018-09-28,4.0,4.0,4,17
alloc-2018_9254001_SOUTH SUGARLOAF-2018-09-29,2018_9254001_SOUTH SUGARLOAF,South Sugarloaf,NV,2018,2018-09-29,2018-09-30,4.0,4.0,6,17
alloc-2018_9254001_SOUTH SUGARLOAF-2018-10-01,2018_9254001_SOUTH SUGARLOAF,South Sugarloaf,NV,2018,2018-10-01,2018-10-02,4.0,4.0,8,17
alloc-2018_9254001_SOUTH SUGARLOAF-2018-10-04,2018_9254001_SOUTH SUGARLOAF,South Sugarloaf,NV,2018,2018-10-04,2018-10-05,4.0,4.0,11,17
alloc-2018_9254001_SOUTH SUGARLOAF-2018-10-06,2018_9254001_SOUTH SUGARLOAF,South Sugarloaf,NV,2018,2018-10-06,2018-10-07,20.0,4.0,13,17
alloc-2018_9254001_SOUTH SUGARLOAF-2018-10-09,2018_9254001_SOUTH SUGARLOAF,South Sugarloaf,NV,2018,2018-10-09,2018-10-10,20.0,20.0,16,17
alloc-2018_9262805_PERRY-2018-07-31,2018_9262805_PERRY,Perry,NV,2018,2018-07-31,2018-08-01,168.0,174.0,4,10
alloc-2018_9262805_PERRY-2018-08-01,2018_9262805_PERRY,Perry,NV,2018,2018-08-01,2018-08-02,167.0,168.0,5,10
alloc-2018_9262805_PERRY-2018-08-02,2018_9262805_PERRY,Perry,NV,2018,2018-08-02,2018-08-03,170.0,167.0,6,10
alloc-2018_9262805_PERRY-2018-08-03,2018_9262805_PERRY,Perry,NV,2018,2018-08-03,2018-08-04,183.0,170.0,7,10
alloc-2018_9262805_PERRY-2018-08-04,2018_9262805_PERRY,Perry,NV,2018,2018-08-04,2018-08-05,69.0,183.0,8,10
alloc-2018_9262805_PERRY-2018-08-05,2018_9262805_PERRY,Perry,NV,2018,2018-08-05,2018-08-06,14.0,69.0,9,10
alloc-2018_9264401_BADGER CREEK-2018-06-14,2018_9264401_BADGER CREEK,BADGER CREEK,WY,2018,2018-06-14,2018-06-15,199.0,137.0,4,48
alloc-2018_9264401_BADGER CREEK-2018-06-22,2018_9264401_BADGER CREEK,BADGER CREEK,WY,2018,2018-06-22,2018-06-23,104.0,84.0,12,48
alloc-2018_9264401_BADGER CREEK-2018-07-01,2018_9264401_BADGER CREEK,BADGER CREEK,WY,2018,2018-07-01,2018-07-02,62.0,62.0,21,48
alloc-2018_9264401_BADGER CREEK-2018-07-09,2018_9264401_BADGER CREEK,BADGER CREEK,WY,2018,2018-07-09,2018-07-10,59.0,68.0,29,48
alloc-2018_9264401_BADGER CREEK-2018-07-18,2018_9264401_BADGER CREEK,BADGER CREEK,WY,2018,2018-07-18,2018-07-19,11.0,9.0,38,48
alloc-2018_9264401_BADGER CREEK-2018-07-27,2018_9264401_BADGER CREEK,BADGER CREEK,WY,2018,2018-07-27,2018-07-28,5.0,5.0,47,48
alloc-2018_9271973_MIRROR LAKE COMPLEX-2018-09-26,2018_9271973_MIRROR LAKE COMPLEX,Mirror Lake Complex,UT,2018,2018-09-26,2018-09-27,116.0,88.0,4,13
alloc-2018_9271973_MIRROR LAKE COMPLEX-2018-09-27,2018_9271973_MIRROR LAKE COMPLEX,Mirror Lake Complex,UT,2018,2018-09-27,2018-09-28,117.0,116.0,5,13
alloc-2018_9271973_MIRROR LAKE COMPLEX-2018-09-29,2018_9271973_MIRROR LAKE COMPLEX,Mirror Lake Complex,UT,2018,2018-09-29,2018-09-30,97.0,115.0,7,13
alloc-2018_9271973_MIRROR LAKE COMPLEX-2018-09-30,2018_9271973_MIRROR LAKE COMPLEX,Mirror Lake Complex,UT,2018,2018-09-30,2018-10-01,97.0,97.0,8,13
alloc-2018_9271973_MIRROR LAKE COMPLEX-2018-10-02,2018_9271973_MIRROR LAKE COMPLEX,Mirror Lake Complex,UT,2018,2018-10-02,2018-10-03,9.0,21.0,10,13
alloc-2018_9271973_MIRROR LAKE COMPLEX-2018-10-04,2018_9271973_MIRROR LAKE COMPLEX,Mirror Lake Complex,UT,2018,2018-10-04,2018-10-05,9.0,9.0,12,13
alloc-2018_9274241_RATTLESNAKE-2018-09-02,2018_9274241_RATTLESNAKE,RATTLESNAKE,MT,2018,2018-09-02,2018-09-03,96.0,77.0,4,12
alloc-2018_9274241_RATTLESNAKE-2018-09-03,2018_9274241_RATTLESNAKE,RATTLESNAKE,MT,2018,2018-09-03,2018-09-04,101.0,96.0,5,12
alloc-2018_9274241_RATTLESNAKE-2018-09-04,2018_9274241_RATTLESNAKE,RATTLESNAKE,MT,2018,2018-09-04,2018-09-05,101.0,101.0,6,12
alloc-2018_9274241_RATTLESNAKE-2018-09-06,2018_9274241_RATTLESNAKE,RATTLESNAKE,MT,2018,2018-09-06,2018-09-07,101.0,101.0,8,12
alloc-2018_9274241_RATTLESNAKE-2018-09-07,2018_9274241_RATTLESNAKE,RATTLESNAKE,MT,2018,2018-09-07,2018-09-08,98.0,101.0,9,12
alloc-2018_9274241_RATTLESNAKE-2018-09-09,2018_9274241_RATTLESNAKE,RATTLESNAKE,MT,2018,2018-09-09,2018-09-10,41.0,73.0,11,12
alloc-2019_10663171_LONE MOUNTAIN-2019-06-10,2019_10663171_LONE MOUNTAIN,LONE MOUNTAIN,NM,2019,2019-06-10,2019-06-11,10.0,10.0,4,11
alloc-2019_10663171_LONE MOUNTAIN-2019-06-11,2019_10663171_LONE MOUNTAIN,LONE MOUNTAIN,NM,2019,2019-06-11,2019-06-12,10.0,10.0,5,11
alloc-2019_10663171_LONE MOUNTAIN-2019-06-12,2019_10663171_LONE MOUNTAIN,LONE MOUNTAIN,NM,2019,2019-06-12,2019-06-13,10.0,10.0,6,11
alloc-2019_10663171_LONE MOUNTAIN-2019-06-13,2019_10663171_LONE MOUNTAIN,LONE MOUNTAIN,NM,2019,2019-06-13,2019-06-14,10.0,10.0,7,11
alloc-2019_10663171_LONE MOUNTAIN-2019-06-14,2019_10663171_LONE MOUNTAIN,LONE MOUNTAIN,NM,2019,2019-06-14,2019-06-15,17.0,10.0,8,11
alloc-2019_10663171_LONE MOUNTAIN-2019-06-16,2019_10663171_LONE MOUNTAIN,LONE MOUNTAIN,NM,2019,2019-06-16,2019-06-17,10.0,10.0,10,11
alloc-2019_10664827_MAROON-2019-06-01,2019_10664827_MAROON,Maroon,AZ,2019,2019-06-01,2019-06-02,116.0,116.0,4,12
alloc-2019_10664827_MAROON-2019-06-02,2019_10664827_MAROON,Maroon,AZ,2019,2019-06-02,2019-06-03,96.0,116.0,5,12
alloc-2019_10664827_MAROON-2019-06-03,2019_10664827_MAROON,Maroon,AZ,2019,2019-06-03,2019-06-04,66.0,96.0,6,12
alloc-2019_10664827_MAROON-2019-06-05,2019_10664827_MAROON,Maroon,AZ,2019,2019-06-05,2019-06-06,43.0,43.0,8,12
alloc-2019_10664827_MAROON-2019-06-06,2019_10664827_MAROON,Maroon,AZ,2019,2019-06-06,2019-06-07,43.0,43.0,9,12
alloc-2019_10664827_MAROON-2019-06-08,2019_10664827_MAROON,Maroon,AZ,2019,2019-06-08,2019-06-09,32.0,32.0,11,12
alloc-2019_10665633_SWAN LAKE-2019-06-14,2019_10665633_SWAN LAKE,Swan Lake,AK,2019,2019-06-14,2019-06-15,78.0,77.0,4,15
alloc-2019_10665633_SWAN LAKE-2019-06-16,2019_10665633_SWAN LAKE,Swan Lake,AK,2019,2019-06-16,2019-06-17,100.0,98.0,6,15
alloc-2019_10665633_SWAN LAKE-2019-06-18,2019_10665633_SWAN LAKE,Swan Lake,AK,2019,2019-06-18,2019-06-19,101.0,101.0,8,15
alloc-2019_10665633_SWAN LAKE-2019-06-20,2019_10665633_SWAN LAKE,Swan Lake,AK,2019,2019-06-20,2019-06-21,123.0,122.0,10,15
alloc-2019_10665633_SWAN LAKE-2019-06-22,2019_10665633_SWAN LAKE,Swan Lake,AK,2019,2019-06-22,2019-06-23,161.0,148.0,12,15
alloc-2019_10665633_SWAN LAKE-2019-06-24,2019_10665633_SWAN LAKE,Swan Lake,AK,2019,2019-06-24,2019-06-25,227.0,161.0,14,15
alloc-2019_10665633_SWAN LAKE-2019-06-30,2019_10665633_SWAN LAKE,Swan Lake,AK,2019,2019-06-30,2019-07-01,186.0,187.0,4,43
alloc-2019_10665633_SWAN LAKE-2019-07-07,2019_10665633_SWAN LAKE,Swan Lake,AK,2019,2019-07-07,2019-07-08,176.0,175.0,11,43
alloc-2019_10665633_SWAN LAKE-2019-07-15,2019_10665633_SWAN LAKE,Swan Lake,AK,2019,2019-07-15,2019-07-16,245.0,245.0,19,43
alloc-2019_10665633_SWAN LAKE-2019-07-22,2019_10665633_SWAN LAKE,Swan Lake,AK,2019,2019-07-22,2019-07-23,121.0,126.0,26,43
alloc-2019_10665633_SWAN LAKE-2019-07-30,2019_10665633_SWAN LAKE,Swan Lake,AK,2019,2019-07-30,2019-07-31,33.0,48.0,34,43
alloc-2019_10665633_SWAN LAKE-2019-08-07,2019_10665633_SWAN LAKE,Swan Lake,AK,2019,2019-08-07,2019-08-08,4.0,5.0,42,43
alloc-2019_10665633_SWAN LAKE-2019-08-20,2019_10665633_SWAN LAKE,Swan Lake,AK,2019,2019-08-20,2019-08-21,149.0,61.0,4,42
alloc-2019_10665633_SWAN LAKE-2019-08-27,2019_10665633_SWAN LAKE,Swan Lake,AK,2019,2019-08-27,2019-08-28,381.0,361.0,11,42
alloc-2019_10665633_SWAN LAKE-2019-09-03,2019_10665633_SWAN LAKE,Swan Lake,AK,2019,2019-09-03,2019-09-04,357.0,357.0,18,42
alloc-2019_10665633_SWAN LAKE-2019-09-11,2019_10665633_SWAN LAKE,Swan Lake,AK,2019,2019-09-11,2019-09-12,171.0,165.0,26,42
alloc-2019_10665633_SWAN LAKE-2019-09-18,2019_10665633_SWAN LAKE,Swan Lake,AK,2019,2019-09-18,2019-09-19,119.0,125.0,33,42
alloc-2019_10665633_SWAN LAKE-2019-09-26,2019_10665633_SWAN LAKE,Swan Lake,AK,2019,2019-09-26,2019-09-27,46.0,64.0,41,42
alloc-2019_10669408_MONTANA CREEK-2019-07-11,2019_10669408_MONTANA CREEK,Montana Creek,AK,2019,2019-07-11,2019-07-12,64.0,65.0,4,17
alloc-2019_10669408_MONTANA CREEK-2019-07-13,2019_10669408_MONTANA CREEK,Montana Creek,AK,2019,2019-07-13,2019-07-14,52.0,74.0,6,17
alloc-2019_10669408_MONTANA CREEK-2019-07-15,2019_10669408_MONTANA CREEK,Montana Creek,AK,2019,2019-07-15,2019-07-16,17.0,21.0,8,17
alloc-2019_10669408_MONTANA CREEK-2019-07-18,2019_10669408_MONTANA CREEK,Montana Creek,AK,2019,2019-07-18,2019-07-19,35.0,16.0,11,17
alloc-2019_10669408_MONTANA CREEK-2019-07-20,2019_10669408_MONTANA CREEK,Montana Creek,AK,2019,2019-07-20,2019-07-21,14.0,14.0,13,17
alloc-2019_10669408_MONTANA CREEK-2019-07-23,2019_10669408_MONTANA CREEK,Montana Creek,AK,2019,2019-07-23,2019-07-24,1.0,14.0,16,17
alloc-2019_10671438_CELLAR-2019-07-19,2019_10671438_CELLAR,Cellar,AZ,2019,2019-07-19,2019-07-20,284.0,252.0,4,14
alloc-2019_10671438_CELLAR-2019-07-20,2019_10671438_CELLAR,Cellar,AZ,2019,2019-07-20,2019-07-21,261.0,284.0,5,14
alloc-2019_10671438_CELLAR-2019-07-22,2019_10671438_CELLAR,Cellar,AZ,2019,2019-07-22,2019-07-23,156.0,187.0,7,14
alloc-2019_10671438_CELLAR-2019-07-24,2019_10671438_CELLAR,Cellar,AZ,2019,2019-07-24,2019-07-25,28.0,88.0,9,14
alloc-2019_10671438_CELLAR-2019-07-26,2019_10671438_CELLAR,Cellar,AZ,2019,2019-07-26,2019-07-27,28.0,28.0,11,14
alloc-2019_10671438_CELLAR-2019-07-28,2019_10671438_CELLAR,Cellar,AZ,2019,2019-07-28,2019-07-29,28.0,28.0,13,14
alloc-2019_10671872_CANYON-2019-07-18,2019_10671872_CANYON,CANYON,ID,2019,2019-07-18,2019-07-19,139.0,139.0,4,18
alloc-2019_10671872_CANYON-2019-07-20,2019_10671872_CANYON,CANYON,ID,2019,2019-07-20,2019-07-21,136.0,137.0,6,18
alloc-2019_10671872_CANYON-2019-07-23,2019_10671872_CANYON,CANYON,ID,2019,2019-07-23,2019-07-24,100.0,137.0,9,18
alloc-2019_10671872_CANYON-2019-07-25,2019_10671872_CANYON,CANYON,ID,2019,2019-07-25,2019-07-26,59.0,81.0,11,18
alloc-2019_10671872_CANYON-2019-07-28,2019_10671872_CANYON,CANYON,ID,2019,2019-07-28,2019-07-29,26.0,29.0,14,18
alloc-2019_10671872_CANYON-2019-07-31,2019_10671872_CANYON,CANYON,ID,2019,2019-07-31,2019-08-01,7.0,7.0,17,18
alloc-2019_10672775_ROBERTS-2019-07-17,2019_10672775_ROBERTS,Roberts,NM,2019,2019-07-17,2019-07-18,81.0,82.0,4,12
alloc-2019_10672775_ROBERTS-2019-07-18,2019_10672775_ROBERTS,Roberts,NM,2019,2019-07-18,2019-07-19,77.0,81.0,5,12
alloc-2019_10672775_ROBERTS-2019-07-19,2019_10672775_ROBERTS,Roberts,NM,2019,2019-07-19,2019-07-20,74.0,77.0,6,12
alloc-2019_10672775_ROBERTS-2019-07-21,2019_10672775_ROBERTS,Roberts,NM,2019,2019-07-21,2019-07-22,66.0,68.0,8,12
alloc-2019_10672775_ROBERTS-2019-07-22,2019_10672775_ROBERTS,Roberts,NM,2019,2019-07-22,2019-07-23,62.0,66.0,9,12
alloc-2019_10672775_ROBERTS-2019-07-24,2019_10672775_ROBERTS,Roberts,NM,2019,2019-07-24,2019-07-25,61.0,61.0,11,12
alloc-2019_10673664_NINETYEIGHT CREEK-2019-07-07,2019_10673664_NINETYEIGHT CREEK,NINETYEIGHT CREEK,AK,2019,2019-07-07,2019-07-08,65.0,66.0,4,11
alloc-2019_10673664_NINETYEIGHT CREEK-2019-07-08,2019_10673664_NINETYEIGHT CREEK,NINETYEIGHT CREEK,AK,2019,2019-07-08,2019-07-09,61.0,65.0,5,11
alloc-2019_10673664_NINETYEIGHT CREEK-2019-07-09,2019_10673664_NINETYEIGHT CREEK,NINETYEIGHT CREEK,AK,2019,2019-07-09,2019-07-10,60.0,61.0,6,11
alloc-2019_10673664_NINETYEIGHT CREEK-2019-07-10,2019_10673664_NINETYEIGHT CREEK,NINETYEIGHT CREEK,AK,2019,2019-07-10,2019-07-11,60.0,60.0,7,11
alloc-2019_10673664_NINETYEIGHT CREEK-2019-07-11,2019_10673664_NINETYEIGHT CREEK,NINETYEIGHT CREEK,AK,2019,2019-07-11,2019-07-12,20.0,60.0,8,11
alloc-2019_10673664_NINETYEIGHT CREEK-2019-07-13,2019_10673664_NINETYEIGHT CREEK,NINETYEIGHT CREEK,AK,2019,2019-07-13,2019-07-14,7.0,7.0,10,11
alloc-2019_10674771_MUSEUM-2019-07-25,2019_10674771_MUSEUM,Museum,AZ,2019,2019-07-25,2019-07-26,261.0,269.0,4,15
alloc-2019_10674771_MUSEUM-2019-07-27,2019_10674771_MUSEUM,Museum,AZ,2019,2019-07-27,2019-07-28,253.0,261.0,6,15
alloc-2019_10674771_MUSEUM-2019-07-29,2019_10674771_MUSEUM,Museum,AZ,2019,2019-07-29,2019-07-30,162.0,196.0,8,15
alloc-2019_10674771_MUSEUM-2019-07-31,2019_10674771_MUSEUM,Museum,AZ,2019,2019-07-31,2019-08-01,116.0,155.0,10,15
alloc-2019_10674771_MUSEUM-2019-08-02,2019_10674771_MUSEUM,Museum,AZ,2019,2019-08-02,2019-08-03,53.0,61.0,12,15
alloc-2019_10674771_MUSEUM-2019-08-04,2019_10674771_MUSEUM,Museum,AZ,2019,2019-08-04,2019-08-05,15.0,27.0,14,15
alloc-2019_10676253_SKULL FLAT-2019-06-29,2019_10676253_SKULL FLAT,Skull Flat,UT,2019,2019-06-29,2019-06-30,114.0,93.0,4,17
alloc-2019_10676253_SKULL FLAT-2019-07-01,2019_10676253_SKULL FLAT,Skull Flat,UT,2019,2019-07-01,2019-07-02,122.0,122.0,6,17
alloc-2019_10676253_SKULL FLAT-2019-07-03,2019_10676253_SKULL FLAT,Skull Flat,UT,2019,2019-07-03,2019-07-04,119.0,121.0,8,17
alloc-2019_10676253_SKULL FLAT-2019-07-06,2019_10676253_SKULL FLAT,Skull Flat,UT,2019,2019-07-06,2019-07-07,120.0,120.0,11,17
alloc-2019_10676253_SKULL FLAT-2019-07-08,2019_10676253_SKULL FLAT,Skull Flat,UT,2019,2019-07-08,2019-07-09,57.0,62.0,13,17
alloc-2019_10676253_SKULL FLAT-2019-07-11,2019_10676253_SKULL FLAT,Skull Flat,UT,2019,2019-07-11,2019-07-12,14.0,31.0,16,17
alloc-2019_10677938_GROUSE CREEK-2019-07-14,2019_10677938_GROUSE CREEK,Grouse Creek,AK,2019,2019-07-14,2019-07-15,68.0,62.0,4,19
alloc-2019_10677938_GROUSE CREEK-2019-07-16,2019_10677938_GROUSE CREEK,Grouse Creek,AK,2019,2019-07-16,2019-07-17,68.0,68.0,6,19
alloc-2019_10677938_GROUSE CREEK-2019-07-19,2019_10677938_GROUSE CREEK,Grouse Creek,AK,2019,2019-07-19,2019-07-20,60.0,60.0,9,19
alloc-2019_10677938_GROUSE CREEK-2019-07-22,2019_10677938_GROUSE CREEK,Grouse Creek,AK,2019,2019-07-22,2019-07-23,60.0,60.0,12,19
alloc-2019_10677938_GROUSE CREEK-2019-07-25,2019_10677938_GROUSE CREEK,Grouse Creek,AK,2019,2019-07-25,2019-07-26,37.0,60.0,15,19
alloc-2019_10677938_GROUSE CREEK-2019-07-28,2019_10677938_GROUSE CREEK,Grouse Creek,AK,2019,2019-07-28,2019-07-29,37.0,37.0,18,19
alloc-2019_10678550_SMITH STILL-2019-06-12,2019_10678550_SMITH STILL,Smith Still,FL,2019,2019-06-12,2019-06-13,12.0,12.0,4,10
alloc-2019_10678550_SMITH STILL-2019-06-13,2019_10678550_SMITH STILL,Smith Still,FL,2019,2019-06-13,2019-06-14,12.0,12.0,5,10
alloc-2019_10678550_SMITH STILL-2019-06-14,2019_10678550_SMITH STILL,Smith Still,FL,2019,2019-06-14,2019-06-15,12.0,12.0,6,10
alloc-2019_10678550_SMITH STILL-2019-06-15,2019_10678550_SMITH STILL,Smith Still,FL,2019,2019-06-15,2019-06-16,12.0,12.0,7,10
alloc-2019_10678550_SMITH STILL-2019-06-16,2019_10678550_SMITH STILL,Smith Still,FL,2019,2019-06-16,2019-06-17,8.0,12.0,8,10
alloc-2019_10678550_SMITH STILL-2019-06-17,2019_10678550_SMITH STILL,Smith Still,FL,2019,2019-06-17,2019-06-18,8.0,8.0,9,10
alloc-2019_10679252_GAP-2019-06-28,2019_10679252_GAP,Gap,AZ,2019,2019-06-28,2019-06-29,48.0,68.0,4,10
alloc-2019_10679252_GAP-2019-06-29,2019_10679252_GAP,Gap,AZ,2019,2019-06-29,2019-06-30,40.0,48.0,5,10
alloc-2019_10679252_GAP-2019-06-30,2019_10679252_GAP,Gap,AZ,2019,2019-06-30,2019-07-01,40.0,40.0,6,10
alloc-2019_10679252_GAP-2019-07-01,2019_10679252_GAP,Gap,AZ,2019,2019-07-01,2019-07-02,39.0,40.0,7,10
alloc-2019_10679252_GAP-2019-07-02,2019_10679252_GAP,Gap,AZ,2019,2019-07-02,2019-07-03,32.0,39.0,8,10
alloc-2019_10679252_GAP-2019-07-03,2019_10679252_GAP,Gap,AZ,2019,2019-07-03,2019-07-04,21.0,32.0,9,10
alloc-2019_10680809_CARIBOU CREEK-2019-06-20,2019_10680809_CARIBOU CREEK,Caribou Creek,AK,2019,2019-06-20,2019-06-21,105.0,100.0,4,24
alloc-2019_10680809_CARIBOU CREEK-2019-06-23,2019_10680809_CARIBOU CREEK,Caribou Creek,AK,2019,2019-06-23,2019-06-24,106.0,106.0,7,24
alloc-2019_10680809_CARIBOU CREEK-2019-06-27,2019_10680809_CARIBOU CREEK,Caribou Creek,AK,2019,2019-06-27,2019-06-28,69.0,69.0,11,24
alloc-2019_10680809_CARIBOU CREEK-2019-07-01,2019_10680809_CARIBOU CREEK,Caribou Creek,AK,2019,2019-07-01,2019-07-02,61.0,91.0,15,24
alloc-2019_10680809_CARIBOU CREEK-2019-07-05,2019_10680809_CARIBOU CREEK,Caribou Creek,AK,2019,2019-07-05,2019-07-06,60.0,61.0,19,24
alloc-2019_10680809_CARIBOU CREEK-2019-07-09,2019_10680809_CARIBOU CREEK,Caribou Creek,AK,2019,2019-07-09,2019-07-10,9.0,29.0,23,24
alloc-2019_10681369_MCCALLY CREEK-2019-07-15,2019_10681369_MCCALLY CREEK,McCally Creek,AK,2019,2019-07-15,2019-07-16,44.0,43.0,4,19
alloc-2019_10681369_MCCALLY CREEK-2019-07-17,2019_10681369_MCCALLY CREEK,McCally Creek,AK,2019,2019-07-17,2019-07-18,45.0,45.0,6,19
alloc-2019_10681369_MCCALLY CREEK-2019-07-20,2019_10681369_MCCALLY CREEK,McCally Creek,AK,2019,2019-07-20,2019-07-21,25.0,44.0,9,19
alloc-2019_10681369_MCCALLY CREEK-2019-07-23,2019_10681369_MCCALLY CREEK,McCally Creek,AK,2019,2019-07-23,2019-07-24,26.0,25.0,12,19
alloc-2019_10681369_MCCALLY CREEK-2019-07-26,2019_10681369_MCCALLY CREEK,McCally Creek,AK,2019,2019-07-26,2019-07-27,22.0,22.0,15,19
alloc-2019_10681369_MCCALLY CREEK-2019-07-29,2019_10681369_MCCALLY CREEK,McCally Creek,AK,2019,2019-07-29,2019-07-30,22.0,22.0,18,19
alloc-2019_10682164_MOSS RANCH-2019-07-26,2019_10682164_MOSS RANCH,MOSS RANCH,MT,2019,2019-07-26,2019-07-27,118.0,118.0,4,11
alloc-2019_10682164_MOSS RANCH-2019-07-27,2019_10682164_MOSS RANCH,MOSS RANCH,MT,2019,2019-07-27,2019-07-28,118.0,118.0,5,11
alloc-2019_10682164_MOSS RANCH-2019-07-28,2019_10682164_MOSS RANCH,MOSS RANCH,MT,2019,2019-07-28,2019-07-29,96.0,118.0,6,11
alloc-2019_10682164_MOSS RANCH-2019-07-29,2019_10682164_MOSS RANCH,MOSS RANCH,MT,2019,2019-07-29,2019-07-30,83.0,96.0,7,11
alloc-2019_10682164_MOSS RANCH-2019-07-30,2019_10682164_MOSS RANCH,MOSS RANCH,MT,2019,2019-07-30,2019-07-31,82.0,83.0,8,11
alloc-2019_10682164_MOSS RANCH-2019-08-01,2019_10682164_MOSS RANCH,MOSS RANCH,MT,2019,2019-08-01,2019-08-02,62.0,82.0,10,11
alloc-2019_10684102_THICK ROOT-2019-05-10,2019_10684102_THICK ROOT,THICK ROOT,FL,2019,2019-05-10,2019-05-11,15.0,12.0,4,17
alloc-2019_10684102_THICK ROOT-2019-05-12,2019_10684102_THICK ROOT,THICK ROOT,FL,2019,2019-05-12,2019-05-13,15.0,15.0,6,17
alloc-2019_10684102_THICK ROOT-2019-05-14,2019_10684102_THICK ROOT,THICK ROOT,FL,2019,2019-05-14,2019-05-15,15.0,15.0,8,17
alloc-2019_10684102_THICK ROOT-2019-05-17,2019_10684102_THICK ROOT,THICK ROOT,FL,2019,2019-05-17,2019-05-18,15.0,15.0,11,17
alloc-2019_10684102_THICK ROOT-2019-05-19,2019_10684102_THICK ROOT,THICK ROOT,FL,2019,2019-05-19,2019-05-20,8.0,15.0,13,17
alloc-2019_10684102_THICK ROOT-2019-05-22,2019_10684102_THICK ROOT,THICK ROOT,FL,2019,2019-05-22,2019-05-23,1.0,1.0,16,17
alloc-2019_10688140_COVE CREEK-2019-08-06,2019_10688140_COVE CREEK,Cove Creek,ID,2019,2019-08-06,2019-08-07,105.0,171.0,4,31
alloc-2019_10688140_COVE CREEK-2019-08-11,2019_10688140_COVE CREEK,Cove Creek,ID,2019,2019-08-11,2019-08-12,98.0,127.0,9,31
alloc-2019_10688140_COVE CREEK-2019-08-16,2019_10688140_COVE CREEK,Cove Creek,ID,2019,2019-08-16,2019-08-17,32.0,30.0,14,31
alloc-2019_10688140_COVE CREEK-2019-08-21,2019_10688140_COVE CREEK,Cove Creek,ID,2019,2019-08-21,2019-08-22,65.0,57.0,19,31
alloc-2019_10688140_COVE CREEK-2019-08-26,2019_10688140_COVE CREEK,Cove Creek,ID,2019,2019-08-26,2019-08-27,44.0,44.0,24,31
alloc-2019_10688140_COVE CREEK-2019-09-01,2019_10688140_COVE CREEK,Cove Creek,ID,2019,2019-09-01,2019-09-02,20.0,21.0,30,31
alloc-2019_10697670_MCKINLEY-2019-08-29,2019_10697670_MCKINLEY,McKinley,AK,2019,2019-08-29,2019-08-30,211.0,196.0,4,26
alloc-2019_10697670_MCKINLEY-2019-09-02,2019_10697670_MCKINLEY,McKinley,AK,2019,2019-09-02,2019-09-03,200.0,193.0,8,26
alloc-2019_10697670_MCKINLEY-2019-09-06,2019_10697670_MCKINLEY,McKinley,AK,2019,2019-09-06,2019-09-07,134.0,157.0,12,26
alloc-2019_10697670_MCKINLEY-2019-09-10,2019_10697670_MCKINLEY,McKinley,AK,2019,2019-09-10,2019-09-11,54.0,59.0,16,26
alloc-2019_10697670_MCKINLEY-2019-09-14,2019_10697670_MCKINLEY,McKinley,AK,2019,2019-09-14,2019-09-15,44.0,39.0,20,26
alloc-2019_10697670_MCKINLEY-2019-09-19,2019_10697670_MCKINLEY,McKinley,AK,2019,2019-09-19,2019-09-20,47.0,46.0,25,26
alloc-2019_10700106_REVEILLE-2019-06-10,2019_10700106_REVEILLE,Reveille,CO,2019,2019-06-10,2019-06-11,111.0,101.0,4,49
alloc-2019_10700106_REVEILLE-2019-06-18,2019_10700106_REVEILLE,Reveille,CO,2019,2019-06-18,2019-06-19,42.0,42.0,12,49
alloc-2019_10700106_REVEILLE-2019-06-27,2019_10700106_REVEILLE,Reveille,CO,2019,2019-06-27,2019-06-28,14.0,10.0,21,49
alloc-2019_10700106_REVEILLE-2019-07-06,2019_10700106_REVEILLE,Reveille,CO,2019,2019-07-06,2019-07-07,11.0,11.0,30,49
alloc-2019_10700106_REVEILLE-2019-07-15,2019_10700106_REVEILLE,Reveille,CO,2019,2019-07-15,2019-07-16,2.0,4.0,39,49
alloc-2019_10700106_REVEILLE-2019-07-24,2019_10700106_REVEILLE,Reveille,CO,2019,2019-07-24,2019-07-25,4.0,8.0,48,49
alloc-2019_10704098_DEVORE CREEK-2019-07-30,2019_10704098_DEVORE CREEK,DEVORE CREEK,WA,2019,2019-07-30,2019-07-31,54.0,51.0,4,14
alloc-2019_10704098_DEVORE CREEK-2019-07-31,2019_10704098_DEVORE CREEK,DEVORE CREEK,WA,2019,2019-07-31,2019-08-01,57.0,54.0,5,14
alloc-2019_10704098_DEVORE CREEK-2019-08-02,2019_10704098_DEVORE CREEK,DEVORE CREEK,WA,2019,2019-08-02,2019-08-03,55.0,59.0,7,14
alloc-2019_10704098_DEVORE CREEK-2019-08-04,2019_10704098_DEVORE CREEK,DEVORE CREEK,WA,2019,2019-08-04,2019-08-05,55.0,55.0,9,14
alloc-2019_10704098_DEVORE CREEK-2019-08-06,2019_10704098_DEVORE CREEK,DEVORE CREEK,WA,2019,2019-08-06,2019-08-07,33.0,54.0,11,14
alloc-2019_10704098_DEVORE CREEK-2019-08-08,2019_10704098_DEVORE CREEK,DEVORE CREEK,WA,2019,2019-08-08,2019-08-09,31.0,31.0,13,14
alloc-2019_10705329_CORNUCOPIA COMPLEX-2019-07-28,2019_10705329_CORNUCOPIA COMPLEX,Cornucopia Complex,AK,2019,2019-07-28,2019-07-29,253.0,231.0,4,17
alloc-2019_10705329_CORNUCOPIA COMPLEX-2019-07-30,2019_10705329_CORNUCOPIA COMPLEX,Cornucopia Complex,AK,2019,2019-07-30,2019-07-31,172.0,193.0,6,17
alloc-2019_10705329_CORNUCOPIA COMPLEX-2019-08-01,2019_10705329_CORNUCOPIA COMPLEX,Cornucopia Complex,AK,2019,2019-08-01,2019-08-02,112.0,131.0,8,17
alloc-2019_10705329_CORNUCOPIA COMPLEX-2019-08-04,2019_10705329_CORNUCOPIA COMPLEX,Cornucopia Complex,AK,2019,2019-08-04,2019-08-05,104.0,104.0,11,17
alloc-2019_10705329_CORNUCOPIA COMPLEX-2019-08-06,2019_10705329_CORNUCOPIA COMPLEX,Cornucopia Complex,AK,2019,2019-08-06,2019-08-07,82.0,104.0,13,17
alloc-2019_10705329_CORNUCOPIA COMPLEX-2019-08-09,2019_10705329_CORNUCOPIA COMPLEX,Cornucopia Complex,AK,2019,2019-08-09,2019-08-10,72.0,66.0,16,17
alloc-2019_10707677_OREGON LAKES-2019-05-10,2019_10707677_OREGON LAKES,Oregon Lakes,AK,2019,2019-05-10,2019-05-11,28.0,27.0,4,32
alloc-2019_10707677_OREGON LAKES-2019-05-15,2019_10707677_OREGON LAKES,Oregon Lakes,AK,2019,2019-05-15,2019-05-16,66.0,64.0,9,32
alloc-2019_10707677_OREGON LAKES-2019-05-20,2019_10707677_OREGON LAKES,Oregon Lakes,AK,2019,2019-05-20,2019-05-21,88.0,88.0,14,32
alloc-2019_10707677_OREGON LAKES-2019-05-26,2019_10707677_OREGON LAKES,Oregon Lakes,AK,2019,2019-05-26,2019-05-27,56.0,57.0,20,32
alloc-2019_10707677_OREGON LAKES-2019-05-31,2019_10707677_OREGON LAKES,Oregon Lakes,AK,2019,2019-05-31,2019-06-01,54.0,55.0,25,32
alloc-2019_10707677_OREGON LAKES-2019-06-06,2019_10707677_OREGON LAKES,Oregon Lakes,AK,2019,2019-06-06,2019-06-07,33.0,70.0,31,32
alloc-2019_10708997_EAGLE-2019-06-27,2019_10708997_EAGLE,Eagle,AK,2019,2019-06-27,2019-06-28,50.0,50.0,4,12
alloc-2019_10708997_EAGLE-2019-06-28,2019_10708997_EAGLE,Eagle,AK,2019,2019-06-28,2019-06-29,42.0,50.0,5,12
alloc-2019_10708997_EAGLE-2019-06-29,2019_10708997_EAGLE,Eagle,AK,2019,2019-06-29,2019-06-30,44.0,42.0,6,12
alloc-2019_10708997_EAGLE-2019-07-01,2019_10708997_EAGLE,Eagle,AK,2019,2019-07-01,2019-07-02,44.0,44.0,8,12
alloc-2019_10708997_EAGLE-2019-07-02,2019_10708997_EAGLE,Eagle,AK,2019,2019-07-02,2019-07-03,44.0,44.0,9,12
alloc-2019_10708997_EAGLE-2019-07-04,2019_10708997_EAGLE,Eagle,AK,2019,2019-07-04,2019-07-05,44.0,44.0,11,12
alloc-2019_10710183_LLOYD MOUNTAIN-2019-07-02,2019_10710183_LLOYD MOUNTAIN,Lloyd Mountain,AK,2019,2019-07-02,2019-07-03,13.0,13.0,4,18
alloc-2019_10710183_LLOYD MOUNTAIN-2019-07-04,2019_10710183_LLOYD MOUNTAIN,Lloyd Mountain,AK,2019,2019-07-04,2019-07-05,20.0,20.0,6,18
alloc-2019_10710183_LLOYD MOUNTAIN-2019-07-07,2019_10710183_LLOYD MOUNTAIN,Lloyd Mountain,AK,2019,2019-07-07,2019-07-08,20.0,20.0,9,18
alloc-2019_10710183_LLOYD MOUNTAIN-2019-07-09,2019_10710183_LLOYD MOUNTAIN,Lloyd Mountain,AK,2019,2019-07-09,2019-07-10,40.0,40.0,11,18
alloc-2019_10710183_LLOYD MOUNTAIN-2019-07-12,2019_10710183_LLOYD MOUNTAIN,Lloyd Mountain,AK,2019,2019-07-12,2019-07-13,21.0,21.0,14,18
alloc-2019_10710183_LLOYD MOUNTAIN-2019-07-15,2019_10710183_LLOYD MOUNTAIN,Lloyd Mountain,AK,2019,2019-07-15,2019-07-16,21.0,21.0,17,18
alloc-2019_10710629_BOUNDARY RIVER-2019-07-04,2019_10710629_BOUNDARY RIVER,Boundary River,AK,2019,2019-07-04,2019-07-05,79.0,62.0,4,20
alloc-2019_10710629_BOUNDARY RIVER-2019-07-07,2019_10710629_BOUNDARY RIVER,Boundary River,AK,2019,2019-07-07,2019-07-08,60.0,78.0,7,20
alloc-2019_10710629_BOUNDARY RIVER-2019-07-10,2019_10710629_BOUNDARY RIVER,Boundary River,AK,2019,2019-07-10,2019-07-11,63.0,61.0,10,20
alloc-2019_10710629_BOUNDARY RIVER-2019-07-13,2019_10710629_BOUNDARY RIVER,Boundary River,AK,2019,2019-07-13,2019-07-14,70.0,68.0,13,20
alloc-2019_10710629_BOUNDARY RIVER-2019-07-16,2019_10710629_BOUNDARY RIVER,Boundary River,AK,2019,2019-07-16,2019-07-17,58.0,59.0,16,20
alloc-2019_10710629_BOUNDARY RIVER-2019-07-19,2019_10710629_BOUNDARY RIVER,Boundary River,AK,2019,2019-07-19,2019-07-20,23.0,23.0,19,20
alloc-2019_10712192_PEAVINE CANYON-2019-07-21,2019_10712192_PEAVINE CANYON,Peavine Canyon,UT,2019,2019-07-21,2019-07-22,107.0,94.0,4,16
alloc-2019_10712192_PEAVINE CANYON-2019-07-23,2019_10712192_PEAVINE CANYON,Peavine Canyon,UT,2019,2019-07-23,2019-07-24,98.0,96.0,6,16
alloc-2019_10712192_PEAVINE CANYON-2019-07-25,2019_10712192_PEAVINE CANYON,Peavine Canyon,UT,2019,2019-07-25,2019-07-26,80.0,81.0,8,16
alloc-2019_10712192_PEAVINE CANYON-2019-07-27,2019_10712192_PEAVINE CANYON,Peavine Canyon,UT,2019,2019-07-27,2019-07-28,67.0,80.0,10,16
alloc-2019_10712192_PEAVINE CANYON-2019-07-29,2019_10712192_PEAVINE CANYON,Peavine Canyon,UT,2019,2019-07-29,2019-07-30,52.0,66.0,12,16
alloc-2019_10712192_PEAVINE CANYON-2019-08-01,2019_10712192_PEAVINE CANYON,Peavine Canyon,UT,2019,2019-08-01,2019-08-02,57.0,50.0,15,16
alloc-2019_10712192_PEAVINE CANYON-2019-08-07,2019_10712192_PEAVINE CANYON,Peavine Canyon,UT,2019,2019-08-07,2019-08-08,35.0,35.0,4,14
alloc-2019_10712192_PEAVINE CANYON-2019-08-08,2019_10712192_PEAVINE CANYON,Peavine Canyon,UT,2019,2019-08-08,2019-08-09,8.0,35.0,5,14
alloc-2019_10712192_PEAVINE CANYON-2019-08-10,2019_10712192_PEAVINE CANYON,Peavine Canyon,UT,2019,2019-08-10,2019-08-11,9.0,9.0,7,14
alloc-2019_10712192_PEAVINE CANYON-2019-08-12,2019_10712192_PEAVINE CANYON,Peavine Canyon,UT,2019,2019-08-12,2019-08-13,5.0,9.0,9,14
alloc-2019_10712192_PEAVINE CANYON-2019-08-14,2019_10712192_PEAVINE CANYON,Peavine Canyon,UT,2019,2019-08-14,2019-08-15,5.0,5.0,11,14
alloc-2019_10712192_PEAVINE CANYON-2019-08-16,2019_10712192_PEAVINE CANYON,Peavine Canyon,UT,2019,2019-08-16,2019-08-17,20.0,25.0,13,14
alloc-2019_10712847_ROCKCASTLE-2019-10-03,2019_10712847_ROCKCASTLE,Rockcastle,KY,2019,2019-10-03,2019-10-04,20.0,20.0,4,13
alloc-2019_10712847_ROCKCASTLE-2019-10-04,2019_10712847_ROCKCASTLE,Rockcastle,KY,2019,2019-10-04,2019-10-05,20.0,20.0,5,13
alloc-2019_10712847_ROCKCASTLE-2019-10-06,2019_10712847_ROCKCASTLE,Rockcastle,KY,2019,2019-10-06,2019-10-07,13.0,13.0,7,13
alloc-2019_10712847_ROCKCASTLE-2019-10-07,2019_10712847_ROCKCASTLE,Rockcastle,KY,2019,2019-10-07,2019-10-08,13.0,13.0,8,13
alloc-2019_10712847_ROCKCASTLE-2019-10-09,2019_10712847_ROCKCASTLE,Rockcastle,KY,2019,2019-10-09,2019-10-10,5.0,13.0,10,13
alloc-2019_10712847_ROCKCASTLE-2019-10-11,2019_10712847_ROCKCASTLE,Rockcastle,KY,2019,2019-10-11,2019-10-12,5.0,5.0,12,13
alloc-2019_10713442_TOKAINA 2-2019-08-24,2019_10713442_TOKAINA 2,Tokaina 2,AK,2019,2019-08-24,2019-08-25,3.0,3.0,4,16
alloc-2019_10713442_TOKAINA 2-2019-08-26,2019_10713442_TOKAINA 2,Tokaina 2,AK,2019,2019-08-26,2019-08-27,2.0,2.0,6,16
alloc-2019_10713442_TOKAINA 2-2019-08-28,2019_10713442_TOKAINA 2,Tokaina 2,AK,2019,2019-08-28,2019-08-29,2.0,2.0,8,16
alloc-2019_10713442_TOKAINA 2-2019-08-30,2019_10713442_TOKAINA 2,Tokaina 2,AK,2019,2019-08-30,2019-08-31,3.0,3.0,10,16
alloc-2019_10713442_TOKAINA 2-2019-09-01,2019_10713442_TOKAINA 2,Tokaina 2,AK,2019,2019-09-01,2019-09-02,4.0,4.0,12,16
alloc-2019_10713442_TOKAINA 2-2019-09-04,2019_10713442_TOKAINA 2,Tokaina 2,AK,2019,2019-09-04,2019-09-05,3.0,4.0,15,16
alloc-2019_10713442_TOKAINA 2-2019-09-10,2019_10713442_TOKAINA 2,Tokaina 2,AK,2019,2019-09-10,2019-09-11,3.0,3.0,4,14
alloc-2019_10713442_TOKAINA 2-2019-09-11,2019_10713442_TOKAINA 2,Tokaina 2,AK,2019,2019-09-11,2019-09-12,3.0,3.0,5,14
alloc-2019_10713442_TOKAINA 2-2019-09-13,2019_10713442_TOKAINA 2,Tokaina 2,AK,2019,2019-09-13,2019-09-14,5.0,3.0,7,14
alloc-2019_10713442_TOKAINA 2-2019-09-15,2019_10713442_TOKAINA 2,Tokaina 2,AK,2019,2019-09-15,2019-09-16,5.0,5.0,9,14
alloc-2019_10713442_TOKAINA 2-2019-09-17,2019_10713442_TOKAINA 2,Tokaina 2,AK,2019,2019-09-17,2019-09-18,5.0,5.0,11,14
alloc-2019_10713442_TOKAINA 2-2019-09-19,2019_10713442_TOKAINA 2,Tokaina 2,AK,2019,2019-09-19,2019-09-20,5.0,5.0,13,14
alloc-2019_10714475_HIDDEN CREEK-2019-07-13,2019_10714475_HIDDEN CREEK,Hidden Creek,AK,2019,2019-07-13,2019-07-14,38.0,37.0,4,21
alloc-2019_10714475_HIDDEN CREEK-2019-07-16,2019_10714475_HIDDEN CREEK,Hidden Creek,AK,2019,2019-07-16,2019-07-17,37.0,38.0,7,21
alloc-2019_10714475_HIDDEN CREEK-2019-07-19,2019_10714475_HIDDEN CREEK,Hidden Creek,AK,2019,2019-07-19,2019-07-20,36.0,36.0,10,21
alloc-2019_10714475_HIDDEN CREEK-2019-07-22,2019_10714475_HIDDEN CREEK,Hidden Creek,AK,2019,2019-07-22,2019-07-23,24.0,44.0,13,21
alloc-2019_10714475_HIDDEN CREEK-2019-07-25,2019_10714475_HIDDEN CREEK,Hidden Creek,AK,2019,2019-07-25,2019-07-26,11.0,11.0,16,21
alloc-2019_10714475_HIDDEN CREEK-2019-07-29,2019_10714475_HIDDEN CREEK,Hidden Creek,AK,2019,2019-07-29,2019-07-30,11.0,11.0,20,21
alloc-2019_10715052_CHALKYITSIK COMPLEX-2019-07-15,2019_10715052_CHALKYITSIK COMPLEX,Chalkyitsik Complex,AK,2019,2019-07-15,2019-07-16,128.0,118.0,4,34
alloc-2019_10715052_CHALKYITSIK COMPLEX-2019-07-20,2019_10715052_CHALKYITSIK COMPLEX,Chalkyitsik Complex,AK,2019,2019-07-20,2019-07-21,123.0,136.0,9,34
alloc-2019_10715052_CHALKYITSIK COMPLEX-2019-07-26,2019_10715052_CHALKYITSIK COMPLEX,Chalkyitsik Complex,AK,2019,2019-07-26,2019-07-27,129.0,122.0,15,34
alloc-2019_10715052_CHALKYITSIK COMPLEX-2019-08-01,2019_10715052_CHALKYITSIK COMPLEX,Chalkyitsik Complex,AK,2019,2019-08-01,2019-08-02,139.0,144.0,21,34
alloc-2019_10715052_CHALKYITSIK COMPLEX-2019-08-07,2019_10715052_CHALKYITSIK COMPLEX,Chalkyitsik Complex,AK,2019,2019-08-07,2019-08-08,125.0,124.0,27,34
alloc-2019_10715052_CHALKYITSIK COMPLEX-2019-08-13,2019_10715052_CHALKYITSIK COMPLEX,Chalkyitsik Complex,AK,2019,2019-08-13,2019-08-14,15.0,18.0,33,34
alloc-2019_10716356_WILLIAMS FLATS-2019-08-05,2019_10716356_WILLIAMS FLATS,Williams Flats,WA,2019,2019-08-05,2019-08-06,377.0,357.0,4,13
alloc-2019_10716356_WILLIAMS FLATS-2019-08-06,2019_10716356_WILLIAMS FLATS,Williams Flats,WA,2019,2019-08-06,2019-08-07,409.0,377.0,5,13
alloc-2019_10716356_WILLIAMS FLATS-2019-08-08,2019_10716356_WILLIAMS FLATS,Williams Flats,WA,2019,2019-08-08,2019-08-09,380.0,452.0,7,13
alloc-2019_10716356_WILLIAMS FLATS-2019-08-09,2019_10716356_WILLIAMS FLATS,Williams Flats,WA,2019,2019-08-09,2019-08-10,372.0,380.0,8,13
alloc-2019_10716356_WILLIAMS FLATS-2019-08-11,2019_10716356_WILLIAMS FLATS,Williams Flats,WA,2019,2019-08-11,2019-08-12,261.0,312.0,10,13
alloc-2019_10716356_WILLIAMS FLATS-2019-08-13,2019_10716356_WILLIAMS FLATS,Williams Flats,WA,2019,2019-08-13,2019-08-14,232.0,257.0,12,13
alloc-2019_10716356_WILLIAMS FLATS-2019-08-19,2019_10716356_WILLIAMS FLATS,Williams Flats,WA,2019,2019-08-19,2019-08-20,154.0,169.0,4,10
alloc-2019_10716356_WILLIAMS FLATS-2019-08-20,2019_10716356_WILLIAMS FLATS,Williams Flats,WA,2019,2019-08-20,2019-08-21,147.0,154.0,5,10
alloc-2019_10716356_WILLIAMS FLATS-2019-08-21,2019_10716356_WILLIAMS FLATS,Williams Flats,WA,2019,2019-08-21,2019-08-22,147.0,147.0,6,10
alloc-2019_10716356_WILLIAMS FLATS-2019-08-22,2019_10716356_WILLIAMS FLATS,Williams Flats,WA,2019,2019-08-22,2019-08-23,115.0,147.0,7,10
alloc-2019_10716356_WILLIAMS FLATS-2019-08-23,2019_10716356_WILLIAMS FLATS,Williams Flats,WA,2019,2019-08-23,2019-08-24,100.0,115.0,8,10
alloc-2019_10716356_WILLIAMS FLATS-2019-08-24,2019_10716356_WILLIAMS FLATS,Williams Flats,WA,2019,2019-08-24,2019-08-25,97.0,100.0,9,10
alloc-2019_10718615_TRUMBULL-2019-08-16,2019_10718615_TRUMBULL,Trumbull,AZ,2019,2019-08-16,2019-08-17,37.0,40.0,4,14
alloc-2019_10718615_TRUMBULL-2019-08-17,2019_10718615_TRUMBULL,Trumbull,AZ,2019,2019-08-17,2019-08-18,42.0,37.0,5,14
alloc-2019_10718615_TRUMBULL-2019-08-19,2019_10718615_TRUMBULL,Trumbull,AZ,2019,2019-08-19,2019-08-20,42.0,42.0,7,14
alloc-2019_10718615_TRUMBULL-2019-08-21,2019_10718615_TRUMBULL,Trumbull,AZ,2019,2019-08-21,2019-08-22,41.0,62.0,9,14
alloc-2019_10718615_TRUMBULL-2019-08-23,2019_10718615_TRUMBULL,Trumbull,AZ,2019,2019-08-23,2019-08-24,80.0,80.0,11,14
alloc-2019_10718615_TRUMBULL-2019-08-25,2019_10718615_TRUMBULL,Trumbull,AZ,2019,2019-08-25,2019-08-26,80.0,80.0,13,14
alloc-2019_10719602_163 HK COMPLEX-2019-08-19,2019_10719602_163 HK COMPLEX,163 HK Complex,OR,2019,2019-08-19,2019-08-20,57.0,57.0,4,10
alloc-2019_10719602_163 HK COMPLEX-2019-08-20,2019_10719602_163 HK COMPLEX,163 HK Complex,OR,2019,2019-08-20,2019-08-21,56.0,57.0,5,10
alloc-2019_10719602_163 HK COMPLEX-2019-08-21,2019_10719602_163 HK COMPLEX,163 HK Complex,OR,2019,2019-08-21,2019-08-22,56.0,56.0,6,10
alloc-2019_10719602_163 HK COMPLEX-2019-08-22,2019_10719602_163 HK COMPLEX,163 HK Complex,OR,2019,2019-08-22,2019-08-23,56.0,56.0,7,10
alloc-2019_10719602_163 HK COMPLEX-2019-08-23,2019_10719602_163 HK COMPLEX,163 HK Complex,OR,2019,2019-08-23,2019-08-24,29.0,56.0,8,10
alloc-2019_10719602_163 HK COMPLEX-2019-08-24,2019_10719602_163 HK COMPLEX,163 HK Complex,OR,2019,2019-08-24,2019-08-25,29.0,29.0,9,10
alloc-2019_10722905_VIVIAN-2019-08-23,2019_10722905_VIVIAN,Vivian,TX,2019,2019-08-23,2019-08-24,56.0,53.0,4,12
alloc-2019_10722905_VIVIAN-2019-08-24,2019_10722905_VIVIAN,Vivian,TX,2019,2019-08-24,2019-08-25,69.0,56.0,5,12
alloc-2019_10722905_VIVIAN-2019-08-25,2019_10722905_VIVIAN,Vivian,TX,2019,2019-08-25,2019-08-26,72.0,69.0,6,12
alloc-2019_10722905_VIVIAN-2019-08-27,2019_10722905_VIVIAN,Vivian,TX,2019,2019-08-27,2019-08-28,34.0,72.0,8,12
alloc-2019_10722905_VIVIAN-2019-08-28,2019_10722905_VIVIAN,Vivian,TX,2019,2019-08-28,2019-08-29,38.0,34.0,9,12
alloc-2019_10722905_VIVIAN-2019-08-30,2019_10722905_VIVIAN,Vivian,TX,2019,2019-08-30,2019-08-31,3.0,18.0,11,12
alloc-2019_10724545_CHIPPEAN-2019-08-10,2019_10724545_CHIPPEAN,Chippean,UT,2019,2019-08-10,2019-08-11,64.0,57.0,4,11
alloc-2019_10724545_CHIPPEAN-2019-08-11,2019_10724545_CHIPPEAN,Chippean,UT,2019,2019-08-11,2019-08-12,54.0,64.0,5,11
alloc-2019_10724545_CHIPPEAN-2019-08-12,2019_10724545_CHIPPEAN,Chippean,UT,2019,2019-08-12,2019-08-13,67.0,54.0,6,11
alloc-2019_10724545_CHIPPEAN-2019-08-13,2019_10724545_CHIPPEAN,Chippean,UT,2019,2019-08-13,2019-08-14,67.0,67.0,7,11
alloc-2019_10724545_CHIPPEAN-2019-08-14,2019_10724545_CHIPPEAN,Chippean,UT,2019,2019-08-14,2019-08-15,67.0,67.0,8,11
alloc-2019_10724545_CHIPPEAN-2019-08-16,2019_10724545_CHIPPEAN,Chippean,UT,2019,2019-08-16,2019-08-17,37.0,61.0,10,11
alloc-2019_10725393_MCCLUSKY-2019-08-22,2019_10725393_MCCLUSKY,McClusky,MT,2019,2019-08-22,2019-08-23,48.0,60.0,4,23
alloc-2019_10725393_MCCLUSKY-2019-08-25,2019_10725393_MCCLUSKY,McClusky,MT,2019,2019-08-25,2019-08-26,66.0,66.0,7,23
alloc-2019_10725393_MCCLUSKY-2019-08-29,2019_10725393_MCCLUSKY,McClusky,MT,2019,2019-08-29,2019-08-30,63.0,63.0,11,23
alloc-2019_10725393_MCCLUSKY-2019-09-01,2019_10725393_MCCLUSKY,McClusky,MT,2019,2019-09-01,2019-09-02,60.0,60.0,14,23
alloc-2019_10725393_MCCLUSKY-2019-09-05,2019_10725393_MCCLUSKY,McClusky,MT,2019,2019-09-05,2019-09-06,43.0,43.0,18,23
alloc-2019_10725393_MCCLUSKY-2019-09-09,2019_10725393_MCCLUSKY,McClusky,MT,2019,2019-09-09,2019-09-10,23.0,38.0,22,23
alloc-2019_10725960_LEVELOCK-2019-08-25,2019_10725960_LEVELOCK,Levelock,AK,2019,2019-08-25,2019-08-26,31.0,39.0,4,11
alloc-2019_10725960_LEVELOCK-2019-08-26,2019_10725960_LEVELOCK,Levelock,AK,2019,2019-08-26,2019-08-27,30.0,31.0,5,11
alloc-2019_10725960_LEVELOCK-2019-08-27,2019_10725960_LEVELOCK,Levelock,AK,2019,2019-08-27,2019-08-28,30.0,30.0,6,11
alloc-2019_10725960_LEVELOCK-2019-08-28,2019_10725960_LEVELOCK,Levelock,AK,2019,2019-08-28,2019-08-29,30.0,30.0,7,11
alloc-2019_10725960_LEVELOCK-2019-08-29,2019_10725960_LEVELOCK,Levelock,AK,2019,2019-08-29,2019-08-30,16.0,30.0,8,11
alloc-2019_10725960_LEVELOCK-2019-08-31,2019_10725960_LEVELOCK,Levelock,AK,2019,2019-08-31,2019-09-01,22.0,16.0,10,11
alloc-2019_10726168_CARIBOU LAKE-2019-08-24,2019_10726168_CARIBOU LAKE,Caribou Lake,AK,2019,2019-08-24,2019-08-25,66.0,67.0,4,19
alloc-2019_10726168_CARIBOU LAKE-2019-08-26,2019_10726168_CARIBOU LAKE,Caribou Lake,AK,2019,2019-08-26,2019-08-27,66.0,66.0,6,19
alloc-2019_10726168_CARIBOU LAKE-2019-08-29,2019_10726168_CARIBOU LAKE,Caribou Lake,AK,2019,2019-08-29,2019-08-30,65.0,66.0,9,19
alloc-2019_10726168_CARIBOU LAKE-2019-09-01,2019_10726168_CARIBOU LAKE,Caribou Lake,AK,2019,2019-09-01,2019-09-02,71.0,71.0,12,19
alloc-2019_10726168_CARIBOU LAKE-2019-09-04,2019_10726168_CARIBOU LAKE,Caribou Lake,AK,2019,2019-09-04,2019-09-05,50.0,50.0,15,19
alloc-2019_10726168_CARIBOU LAKE-2019-09-07,2019_10726168_CARIBOU LAKE,Caribou Lake,AK,2019,2019-09-07,2019-09-08,30.0,30.0,18,19
alloc-2019_10726669_SHERIDAN-2019-08-18,2019_10726669_SHERIDAN,Sheridan,AZ,2019,2019-08-18,2019-08-19,52.0,48.0,4,19
alloc-2019_10726669_SHERIDAN-2019-08-20,2019_10726669_SHERIDAN,Sheridan,AZ,2019,2019-08-20,2019-08-21,52.0,47.0,6,19
alloc-2019_10726669_SHERIDAN-2019-08-23,2019_10726669_SHERIDAN,Sheridan,AZ,2019,2019-08-23,2019-08-24,82.0,78.0,9,19
alloc-2019_10726669_SHERIDAN-2019-08-26,2019_10726669_SHERIDAN,Sheridan,AZ,2019,2019-08-26,2019-08-27,76.0,76.0,12,19
alloc-2019_10726669_SHERIDAN-2019-08-29,2019_10726669_SHERIDAN,Sheridan,AZ,2019,2019-08-29,2019-08-30,76.0,76.0,15,19
alloc-2019_10726669_SHERIDAN-2019-09-01,2019_10726669_SHERIDAN,Sheridan,AZ,2019,2019-09-01,2019-09-02,41.0,71.0,18,19
alloc-2019_10727637_REGION 1 SEVERITY-2019-06-04,2019_10727637_REGION 1 SEVERITY,Region 1 Severity,NC,2019,2019-06-04,2019-06-05,81.0,85.0,4,12
alloc-2019_10727637_REGION 1 SEVERITY-2019-06-05,2019_10727637_REGION 1 SEVERITY,Region 1 Severity,NC,2019,2019-06-05,2019-06-06,88.0,81.0,5,12
alloc-2019_10727637_REGION 1 SEVERITY-2019-06-06,2019_10727637_REGION 1 SEVERITY,Region 1 Severity,NC,2019,2019-06-06,2019-06-07,88.0,88.0,6,12
alloc-2019_10727637_REGION 1 SEVERITY-2019-06-08,2019_10727637_REGION 1 SEVERITY,Region 1 Severity,NC,2019,2019-06-08,2019-06-09,23.0,54.0,8,12
alloc-2019_10727637_REGION 1 SEVERITY-2019-06-09,2019_10727637_REGION 1 SEVERITY,Region 1 Severity,NC,2019,2019-06-09,2019-06-10,13.0,23.0,9,12
alloc-2019_10727637_REGION 1 SEVERITY-2019-06-11,2019_10727637_REGION 1 SEVERITY,Region 1 Severity,NC,2019,2019-06-11,2019-06-12,8.0,12.0,11,12
alloc-2019_10728356_MCARTHUR CREEK-2019-07-09,2019_10728356_MCARTHUR CREEK,McArthur Creek,AK,2019,2019-07-09,2019-07-10,11.0,11.0,4,15
alloc-2019_10728356_MCARTHUR CREEK-2019-07-11,2019_10728356_MCARTHUR CREEK,McArthur Creek,AK,2019,2019-07-11,2019-07-12,1.0,1.0,6,15
alloc-2019_10728356_MCARTHUR CREEK-2019-07-13,2019_10728356_MCARTHUR CREEK,McArthur Creek,AK,2019,2019-07-13,2019-07-14,32.0,12.0,8,15
alloc-2019_10728356_MCARTHUR CREEK-2019-07-15,2019_10728356_MCARTHUR CREEK,McArthur Creek,AK,2019,2019-07-15,2019-07-16,31.0,32.0,10,15
alloc-2019_10728356_MCARTHUR CREEK-2019-07-17,2019_10728356_MCARTHUR CREEK,McArthur Creek,AK,2019,2019-07-17,2019-07-18,11.0,11.0,12,15
alloc-2019_10728356_MCARTHUR CREEK-2019-07-19,2019_10728356_MCARTHUR CREEK,McArthur Creek,AK,2019,2019-07-19,2019-07-20,11.0,11.0,14,15
alloc-2019_10728734_HORSEFLY-2019-08-09,2019_10728734_HORSEFLY,Horsefly,MT,2019,2019-08-09,2019-08-10,499.0,532.0,4,18
alloc-2019_10728734_HORSEFLY-2019-08-11,2019_10728734_HORSEFLY,Horsefly,MT,2019,2019-08-11,2019-08-12,260.0,397.0,6,18
alloc-2019_10728734_HORSEFLY-2019-08-14,2019_10728734_HORSEFLY,Horsefly,MT,2019,2019-08-14,2019-08-15,157.0,156.0,9,18
alloc-2019_10728734_HORSEFLY-2019-08-16,2019_10728734_HORSEFLY,Horsefly,MT,2019,2019-08-16,2019-08-17,105.0,143.0,11,18
alloc-2019_10728734_HORSEFLY-2019-08-19,2019_10728734_HORSEFLY,Horsefly,MT,2019,2019-08-19,2019-08-20,94.0,94.0,14,18
alloc-2019_10728734_HORSEFLY-2019-08-22,2019_10728734_HORSEFLY,Horsefly,MT,2019,2019-08-22,2019-08-23,44.0,86.0,17,18
alloc-2019_10730748_SMITH CREEK-2019-07-16,2019_10730748_SMITH CREEK,Smith Creek,AK,2019,2019-07-16,2019-07-17,22.0,22.0,4,20
alloc-2019_10730748_SMITH CREEK-2019-07-19,2019_10730748_SMITH CREEK,Smith Creek,AK,2019,2019-07-19,2019-07-20,22.0,22.0,7,20
alloc-2019_10730748_SMITH CREEK-2019-07-22,2019_10730748_SMITH CREEK,Smith Creek,AK,2019,2019-07-22,2019-07-23,22.0,22.0,10,20
alloc-2019_10730748_SMITH CREEK-2019-07-25,2019_10730748_SMITH CREEK,Smith Creek,AK,2019,2019-07-25,2019-07-26,6.0,22.0,13,20
alloc-2019_10730748_SMITH CREEK-2019-07-28,2019_10730748_SMITH CREEK,Smith Creek,AK,2019,2019-07-28,2019-07-29,6.0,6.0,16,20
alloc-2019_10730748_SMITH CREEK-2019-07-31,2019_10730748_SMITH CREEK,Smith Creek,AK,2019,2019-07-31,2019-08-01,6.0,6.0,19,20
alloc-2019_10732610_LITTLE BEAR-2019-08-20,2019_10732610_LITTLE BEAR,Little Bear,UT,2019,2019-08-20,2019-08-21,31.0,31.0,4,20
alloc-2019_10732610_LITTLE BEAR-2019-08-23,2019_10732610_LITTLE BEAR,Little Bear,UT,2019,2019-08-23,2019-08-24,33.0,33.0,7,20
alloc-2019_10732610_LITTLE BEAR-2019-08-26,2019_10732610_LITTLE BEAR,Little Bear,UT,2019,2019-08-26,2019-08-27,49.0,39.0,10,20
alloc-2019_10732610_LITTLE BEAR-2019-08-29,2019_10732610_LITTLE BEAR,Little Bear,UT,2019,2019-08-29,2019-08-30,41.0,49.0,13,20
alloc-2019_10732610_LITTLE BEAR-2019-09-01,2019_10732610_LITTLE BEAR,Little Bear,UT,2019,2019-09-01,2019-09-02,47.0,47.0,16,20
alloc-2019_10732610_LITTLE BEAR-2019-09-04,2019_10732610_LITTLE BEAR,Little Bear,UT,2019,2019-09-04,2019-09-05,10.0,38.0,19,20
alloc-2019_10733620_LITTLE CREEK-2019-07-23,2019_10733620_LITTLE CREEK,Little Creek,AK,2019,2019-07-23,2019-07-24,66.0,66.0,4,12
alloc-2019_10733620_LITTLE CREEK-2019-07-24,2019_10733620_LITTLE CREEK,Little Creek,AK,2019,2019-07-24,2019-07-25,67.0,66.0,5,12
alloc-2019_10733620_LITTLE CREEK-2019-07-25,2019_10733620_LITTLE CREEK,Little Creek,AK,2019,2019-07-25,2019-07-26,66.0,67.0,6,12
alloc-2019_10733620_LITTLE CREEK-2019-07-27,2019_10733620_LITTLE CREEK,Little Creek,AK,2019,2019-07-27,2019-07-28,17.0,17.0,8,12
alloc-2019_10733620_LITTLE CREEK-2019-07-28,2019_10733620_LITTLE CREEK,Little Creek,AK,2019,2019-07-28,2019-07-29,17.0,17.0,9,12
alloc-2019_10733620_LITTLE CREEK-2019-07-30,2019_10733620_LITTLE CREEK,Little Creek,AK,2019,2019-07-30,2019-07-31,17.0,17.0,11,12
alloc-2019_10734243_HADWEENZIC RIVER-2019-07-02,2019_10734243_HADWEENZIC RIVER,Hadweenzic River,AK,2019,2019-07-02,2019-07-03,8.0,8.0,4,22
alloc-2019_10734243_HADWEENZIC RIVER-2019-07-05,2019_10734243_HADWEENZIC RIVER,Hadweenzic River,AK,2019,2019-07-05,2019-07-06,8.0,4.0,7,22
alloc-2019_10734243_HADWEENZIC RIVER-2019-07-08,2019_10734243_HADWEENZIC RIVER,Hadweenzic River,AK,2019,2019-07-08,2019-07-09,25.0,10.0,10,22
alloc-2019_10734243_HADWEENZIC RIVER-2019-07-12,2019_10734243_HADWEENZIC RIVER,Hadweenzic River,AK,2019,2019-07-12,2019-07-13,22.0,24.0,14,22
alloc-2019_10734243_HADWEENZIC RIVER-2019-07-15,2019_10734243_HADWEENZIC RIVER,Hadweenzic River,AK,2019,2019-07-15,2019-07-16,52.0,52.0,17,22
alloc-2019_10734243_HADWEENZIC RIVER-2019-07-19,2019_10734243_HADWEENZIC RIVER,Hadweenzic River,AK,2019,2019-07-19,2019-07-20,144.0,67.0,21,22
alloc-2019_10735288_CHANDALAR RIVER-2019-07-03,2019_10735288_CHANDALAR RIVER,Chandalar River,AK,2019,2019-07-03,2019-07-04,28.0,36.0,4,21
alloc-2019_10735288_CHANDALAR RIVER-2019-07-06,2019_10735288_CHANDALAR RIVER,Chandalar River,AK,2019,2019-07-06,2019-07-07,28.0,32.0,7,21
alloc-2019_10735288_CHANDALAR RIVER-2019-07-09,2019_10735288_CHANDALAR RIVER,Chandalar River,AK,2019,2019-07-09,2019-07-10,64.0,48.0,10,21
alloc-2019_10735288_CHANDALAR RIVER-2019-07-12,2019_10735288_CHANDALAR RIVER,Chandalar River,AK,2019,2019-07-12,2019-07-13,68.0,88.0,13,21
alloc-2019_10735288_CHANDALAR RIVER-2019-07-15,2019_10735288_CHANDALAR RIVER,Chandalar River,AK,2019,2019-07-15,2019-07-16,65.0,64.0,16,21
alloc-2019_10735288_CHANDALAR RIVER-2019-07-19,2019_10735288_CHANDALAR RIVER,Chandalar River,AK,2019,2019-07-19,2019-07-20,87.0,87.0,20,21
alloc-2019_10737038_GOPHER-2019-09-09,2019_10737038_GOPHER,Gopher,OR,2019,2019-09-09,2019-09-10,303.0,280.0,4,21
alloc-2019_10737038_GOPHER-2019-09-12,2019_10737038_GOPHER,Gopher,OR,2019,2019-09-12,2019-09-13,301.0,301.0,7,21
alloc-2019_10737038_GOPHER-2019-09-15,2019_10737038_GOPHER,Gopher,OR,2019,2019-09-15,2019-09-16,86.0,240.0,10,21
alloc-2019_10737038_GOPHER-2019-09-18,2019_10737038_GOPHER,Gopher,OR,2019,2019-09-18,2019-09-19,85.0,85.0,13,21
alloc-2019_10737038_GOPHER-2019-09-21,2019_10737038_GOPHER,Gopher,OR,2019,2019-09-21,2019-09-22,52.0,61.0,16,21
alloc-2019_10737038_GOPHER-2019-09-25,2019_10737038_GOPHER,Gopher,OR,2019,2019-09-25,2019-09-26,47.0,48.0,20,21
alloc-2019_10742174_CORTA-2019-08-08,2019_10742174_CORTA,Corta,NV,2019,2019-08-08,2019-08-09,246.0,246.0,4,13
alloc-2019_10742174_CORTA-2019-08-09,2019_10742174_CORTA,Corta,NV,2019,2019-08-09,2019-08-10,239.0,246.0,5,13
alloc-2019_10742174_CORTA-2019-08-11,2019_10742174_CORTA,Corta,NV,2019,2019-08-11,2019-08-12,170.0,249.0,7,13
alloc-2019_10742174_CORTA-2019-08-12,2019_10742174_CORTA,Corta,NV,2019,2019-08-12,2019-08-13,37.0,170.0,8,13
alloc-2019_10742174_CORTA-2019-08-14,2019_10742174_CORTA,Corta,NV,2019,2019-08-14,2019-08-15,40.0,40.0,10,13
alloc-2019_10742174_CORTA-2019-08-16,2019_10742174_CORTA,Corta,NV,2019,2019-08-16,2019-08-17,19.0,19.0,12,13
alloc-2019_10744738_VADER-2019-07-22,2019_10744738_VADER,Vader,ID,2019,2019-07-22,2019-07-23,176.0,331.0,4,12
alloc-2019_10744738_VADER-2019-07-23,2019_10744738_VADER,Vader,ID,2019,2019-07-23,2019-07-24,157.0,176.0,5,12
alloc-2019_10744738_VADER-2019-07-24,2019_10744738_VADER,Vader,ID,2019,2019-07-24,2019-07-25,101.0,157.0,6,12
alloc-2019_10744738_VADER-2019-07-26,2019_10744738_VADER,Vader,ID,2019,2019-07-26,2019-07-27,30.0,82.0,8,12
alloc-2019_10744738_VADER-2019-07-27,2019_10744738_VADER,Vader,ID,2019,2019-07-27,2019-07-28,30.0,30.0,9,12
alloc-2019_10744738_VADER-2019-07-29,2019_10744738_VADER,Vader,ID,2019,2019-07-29,2019-07-30,11.0,11.0,11,12
alloc-2019_10745077_NETHKER-2019-08-07,2019_10745077_NETHKER,Nethker,ID,2019,2019-08-07,2019-08-08,151.0,141.0,4,32
alloc-2019_10745077_NETHKER-2019-08-12,2019_10745077_NETHKER,Nethker,ID,2019,2019-08-12,2019-08-13,212.0,211.0,9,32
alloc-2019_10745077_NETHKER-2019-08-17,2019_10745077_NETHKER,Nethker,ID,2019,2019-08-17,2019-08-18,180.0,201.0,14,32
alloc-2019_10745077_NETHKER-2019-08-23,2019_10745077_NETHKER,Nethker,ID,2019,2019-08-23,2019-08-24,47.0,49.0,20,32
alloc-2019_10745077_NETHKER-2019-08-28,2019_10745077_NETHKER,Nethker,ID,2019,2019-08-28,2019-08-29,48.0,48.0,25,32
alloc-2019_10745077_NETHKER-2019-09-03,2019_10745077_NETHKER,Nethker,ID,2019,2019-09-03,2019-09-04,23.0,36.0,31,32
alloc-2019_10747031_KENNEDY PEAK-2019-11-18,2019_10747031_KENNEDY PEAK,Kennedy Peak,VA,2019,2019-11-18,2019-11-19,82.0,86.0,4,11
alloc-2019_10747031_KENNEDY PEAK-2019-11-19,2019_10747031_KENNEDY PEAK,Kennedy Peak,VA,2019,2019-11-19,2019-11-20,82.0,82.0,5,11
alloc-2019_10747031_KENNEDY PEAK-2019-11-20,2019_10747031_KENNEDY PEAK,Kennedy Peak,VA,2019,2019-11-20,2019-11-21,82.0,82.0,6,11
alloc-2019_10747031_KENNEDY PEAK-2019-11-21,2019_10747031_KENNEDY PEAK,Kennedy Peak,VA,2019,2019-11-21,2019-11-22,40.0,82.0,7,11
alloc-2019_10747031_KENNEDY PEAK-2019-11-22,2019_10747031_KENNEDY PEAK,Kennedy Peak,VA,2019,2019-11-22,2019-11-23,19.0,40.0,8,11
alloc-2019_10747031_KENNEDY PEAK-2019-11-24,2019_10747031_KENNEDY PEAK,Kennedy Peak,VA,2019,2019-11-24,2019-11-25,23.0,7.0,10,11
alloc-2019_10747872_WOODBURY-2019-06-14,2019_10747872_WOODBURY,Woodbury,AZ,2019,2019-06-14,2019-06-15,253.0,208.0,4,26
alloc-2019_10747872_WOODBURY-2019-06-18,2019_10747872_WOODBURY,Woodbury,AZ,2019,2019-06-18,2019-06-19,315.0,277.0,8,26
alloc-2019_10747872_WOODBURY-2019-06-22,2019_10747872_WOODBURY,Woodbury,AZ,2019,2019-06-22,2019-06-23,375.0,376.0,12,26
alloc-2019_10747872_WOODBURY-2019-06-26,2019_10747872_WOODBURY,Woodbury,AZ,2019,2019-06-26,2019-06-27,234.0,311.0,16,26
alloc-2019_10747872_WOODBURY-2019-06-30,2019_10747872_WOODBURY,Woodbury,AZ,2019,2019-06-30,2019-07-01,189.0,171.0,20,26
alloc-2019_10747872_WOODBURY-2019-07-05,2019_10747872_WOODBURY,Woodbury,AZ,2019,2019-07-05,2019-07-06,55.0,55.0,25,26
alloc-2019_10750253_DEER-2019-06-08,2019_10750253_DEER,Deer,AZ,2019,2019-06-08,2019-06-09,39.0,37.0,4,12
alloc-2019_10750253_DEER-2019-06-09,2019_10750253_DEER,Deer,AZ,2019,2019-06-09,2019-06-10,39.0,39.0,5,12
alloc-2019_10750253_DEER-2019-06-10,2019_10750253_DEER,Deer,AZ,2019,2019-06-10,2019-06-11,39.0,39.0,6,12
alloc-2019_10750253_DEER-2019-06-12,2019_10750253_DEER,Deer,AZ,2019,2019-06-12,2019-06-13,26.0,39.0,8,12
alloc-2019_10750253_DEER-2019-06-13,2019_10750253_DEER,Deer,AZ,2019,2019-06-13,2019-06-14,26.0,26.0,9,12
alloc-2019_10750253_DEER-2019-06-15,2019_10750253_DEER,Deer,AZ,2019,2019-06-15,2019-06-16,3.0,10.0,11,12
alloc-2019_10750496_BYLAS-2019-06-13,2019_10750496_BYLAS,Bylas,AZ,2019,2019-06-13,2019-06-14,56.0,77.0,4,18
alloc-2019_10750496_BYLAS-2019-06-15,2019_10750496_BYLAS,Bylas,AZ,2019,2019-06-15,2019-06-16,25.0,25.0,6,18
alloc-2019_10750496_BYLAS-2019-06-18,2019_10750496_BYLAS,Bylas,AZ,2019,2019-06-18,2019-06-19,12.0,25.0,9,18
alloc-2019_10750496_BYLAS-2019-06-20,2019_10750496_BYLAS,Bylas,AZ,2019,2019-06-20,2019-06-21,12.0,12.0,11,18
alloc-2019_10750496_BYLAS-2019-06-23,2019_10750496_BYLAS,Bylas,AZ,2019,2019-06-23,2019-06-24,10.0,12.0,14,18
alloc-2019_10750496_BYLAS-2019-06-26,2019_10750496_BYLAS,Bylas,AZ,2019,2019-06-26,2019-06-27,1.0,10.0,17,18
alloc-2019_10753813_SKY BRIDGE-2019-10-03,2019_10753813_SKY BRIDGE,Sky Bridge,KY,2019,2019-10-03,2019-10-04,38.0,38.0,4,12
alloc-2019_10753813_SKY BRIDGE-2019-10-04,2019_10753813_SKY BRIDGE,Sky Bridge,KY,2019,2019-10-04,2019-10-05,38.0,38.0,5,12
alloc-2019_10753813_SKY BRIDGE-2019-10-05,2019_10753813_SKY BRIDGE,Sky Bridge,KY,2019,2019-10-05,2019-10-06,37.0,38.0,6,12
alloc-2019_10753813_SKY BRIDGE-2019-10-07,2019_10753813_SKY BRIDGE,Sky Bridge,KY,2019,2019-10-07,2019-10-08,37.0,37.0,8,12
alloc-2019_10753813_SKY BRIDGE-2019-10-08,2019_10753813_SKY BRIDGE,Sky Bridge,KY,2019,2019-10-08,2019-10-09,37.0,37.0,9,12
alloc-2019_10753813_SKY BRIDGE-2019-10-10,2019_10753813_SKY BRIDGE,Sky Bridge,KY,2019,2019-10-10,2019-10-11,18.0,18.0,11,12
alloc-2019_10755614_GURULE-2019-06-16,2019_10755614_GURULE,Gurule,NM,2019,2019-06-16,2019-06-17,17.0,44.0,4,12
alloc-2019_10755614_GURULE-2019-06-17,2019_10755614_GURULE,Gurule,NM,2019,2019-06-17,2019-06-18,17.0,17.0,5,12
alloc-2019_10755614_GURULE-2019-06-18,2019_10755614_GURULE,Gurule,NM,2019,2019-06-18,2019-06-19,23.0,17.0,6,12
alloc-2019_10755614_GURULE-2019-06-20,2019_10755614_GURULE,Gurule,NM,2019,2019-06-20,2019-06-21,48.0,48.0,8,12
alloc-2019_10755614_GURULE-2019-06-21,2019_10755614_GURULE,Gurule,NM,2019,2019-06-21,2019-06-22,24.0,48.0,9,12
alloc-2019_10755614_GURULE-2019-06-23,2019_10755614_GURULE,Gurule,NM,2019,2019-06-23,2019-06-24,15.0,42.0,11,12
alloc-2019_10755951_PEDRO MOUNTAIN-2019-08-28,2019_10755951_PEDRO MOUNTAIN,PEDRO MOUNTAIN,WY,2019,2019-08-28,2019-08-29,150.0,140.0,4,17
alloc-2019_10755951_PEDRO MOUNTAIN-2019-08-30,2019_10755951_PEDRO MOUNTAIN,PEDRO MOUNTAIN,WY,2019,2019-08-30,2019-08-31,138.0,147.0,6,17
alloc-2019_10755951_PEDRO MOUNTAIN-2019-09-01,2019_10755951_PEDRO MOUNTAIN,PEDRO MOUNTAIN,WY,2019,2019-09-01,2019-09-02,127.0,136.0,8,17
alloc-2019_10755951_PEDRO MOUNTAIN-2019-09-04,2019_10755951_PEDRO MOUNTAIN,PEDRO MOUNTAIN,WY,2019,2019-09-04,2019-09-05,67.0,103.0,11,17
alloc-2019_10755951_PEDRO MOUNTAIN-2019-09-06,2019_10755951_PEDRO MOUNTAIN,PEDRO MOUNTAIN,WY,2019,2019-09-06,2019-09-07,39.0,38.0,13,17
alloc-2019_10755951_PEDRO MOUNTAIN-2019-09-09,2019_10755951_PEDRO MOUNTAIN,PEDRO MOUNTAIN,WY,2019,2019-09-09,2019-09-10,8.0,11.0,16,17
alloc-2019_10758566_CASTLE-2019-07-25,2019_10758566_CASTLE,CASTLE,AZ,2019,2019-07-25,2019-07-26,100.0,100.0,4,25
alloc-2019_10758566_CASTLE-2019-07-29,2019_10758566_CASTLE,CASTLE,AZ,2019,2019-07-29,2019-07-30,84.0,96.0,8,25
alloc-2019_10758566_CASTLE-2019-08-02,2019_10758566_CASTLE,CASTLE,AZ,2019,2019-08-02,2019-08-03,70.0,77.0,12,25
alloc-2019_10758566_CASTLE-2019-08-06,2019_10758566_CASTLE,CASTLE,AZ,2019,2019-08-06,2019-08-07,51.0,52.0,16,25
alloc-2019_10758566_CASTLE-2019-08-10,2019_10758566_CASTLE,CASTLE,AZ,2019,2019-08-10,2019-08-11,50.0,50.0,20,25
alloc-2019_10758566_CASTLE-2019-08-14,2019_10758566_CASTLE,CASTLE,AZ,2019,2019-08-14,2019-08-15,26.0,47.0,24,25
alloc-2019_10759554_MEADOW CREEK-2019-09-11,2019_10759554_MEADOW CREEK,Meadow Creek,UT,2019,2019-09-11,2019-09-12,188.0,166.0,4,10
alloc-2019_10759554_MEADOW CREEK-2019-09-12,2019_10759554_MEADOW CREEK,Meadow Creek,UT,2019,2019-09-12,2019-09-13,185.0,188.0,5,10
alloc-2019_10759554_MEADOW CREEK-2019-09-13,2019_10759554_MEADOW CREEK,Meadow Creek,UT,2019,2019-09-13,2019-09-14,138.0,185.0,6,10
alloc-2019_10759554_MEADOW CREEK-2019-09-14,2019_10759554_MEADOW CREEK,Meadow Creek,UT,2019,2019-09-14,2019-09-15,100.0,138.0,7,10
alloc-2019_10759554_MEADOW CREEK-2019-09-15,2019_10759554_MEADOW CREEK,Meadow Creek,UT,2019,2019-09-15,2019-09-16,43.0,100.0,8,10
alloc-2019_10759554_MEADOW CREEK-2019-09-16,2019_10759554_MEADOW CREEK,Meadow Creek,UT,2019,2019-09-16,2019-09-17,22.0,43.0,9,10
alloc-2019_10760280_DECKER-2019-09-13,2019_10760280_DECKER,Decker,CO,2019,2019-09-13,2019-09-14,22.0,21.0,4,49
alloc-2019_10760280_DECKER-2019-09-21,2019_10760280_DECKER,Decker,CO,2019,2019-09-21,2019-09-22,45.0,43.0,12,49
alloc-2019_10760280_DECKER-2019-09-30,2019_10760280_DECKER,Decker,CO,2019,2019-09-30,2019-10-01,136.0,110.0,21,49
alloc-2019_10760280_DECKER-2019-10-09,2019_10760280_DECKER,Decker,CO,2019,2019-10-09,2019-10-10,394.0,402.0,30,49
alloc-2019_10760280_DECKER-2019-10-18,2019_10760280_DECKER,Decker,CO,2019,2019-10-18,2019-10-19,282.0,282.0,39,49
alloc-2019_10760280_DECKER-2019-10-27,2019_10760280_DECKER,Decker,CO,2019,2019-10-27,2019-10-28,47.0,98.0,48,49
alloc-2019_10764037_IKES-2019-08-16,2019_10764037_IKES,IKES,AZ,2019,2019-08-16,2019-08-17,52.0,51.0,4,11
alloc-2019_10764037_IKES-2019-08-17,2019_10764037_IKES,IKES,AZ,2019,2019-08-17,2019-08-18,52.0,52.0,5,11
alloc-2019_10764037_IKES-2019-08-18,2019_10764037_IKES,IKES,AZ,2019,2019-08-18,2019-08-19,52.0,52.0,6,11
alloc-2019_10764037_IKES-2019-08-19,2019_10764037_IKES,IKES,AZ,2019,2019-08-19,2019-08-20,50.0,52.0,7,11
alloc-2019_10764037_IKES-2019-08-20,2019_10764037_IKES,IKES,AZ,2019,2019-08-20,2019-08-21,50.0,50.0,8,11
alloc-2019_10764037_IKES-2019-08-22,2019_10764037_IKES,IKES,AZ,2019,2019-08-22,2019-08-23,28.0,48.0,10,11
alloc-2019_10765057_COPPER BREAKS-2019-08-19,2019_10765057_COPPER BREAKS,Copper Breaks,TX,2019,2019-08-19,2019-08-20,39.0,39.0,4,16
alloc-2019_10765057_COPPER BREAKS-2019-08-21,2019_10765057_COPPER BREAKS,Copper Breaks,TX,2019,2019-08-21,2019-08-22,94.0,62.0,6,16
alloc-2019_10765057_COPPER BREAKS-2019-08-23,2019_10765057_COPPER BREAKS,Copper Breaks,TX,2019,2019-08-23,2019-08-24,46.0,49.0,8,16
alloc-2019_10765057_COPPER BREAKS-2019-08-25,2019_10765057_COPPER BREAKS,Copper Breaks,TX,2019,2019-08-25,2019-08-26,41.0,40.0,10,16
alloc-2019_10765057_COPPER BREAKS-2019-08-27,2019_10765057_COPPER BREAKS,Copper Breaks,TX,2019,2019-08-27,2019-08-28,32.0,42.0,12,16
alloc-2019_10765057_COPPER BREAKS-2019-08-30,2019_10765057_COPPER BREAKS,Copper Breaks,TX,2019,2019-08-30,2019-08-31,4.0,15.0,15,16
alloc-2019_10766909_WELCOME 1002-2019-09-07,2019_10766909_WELCOME 1002,WELCOME 1002,MT,2019,2019-09-07,2019-09-08,70.0,70.0,4,36
alloc-2019_10766909_WELCOME 1002-2019-09-13,2019_10766909_WELCOME 1002,WELCOME 1002,MT,2019,2019-09-13,2019-09-14,20.0,20.0,10,36
alloc-2019_10766909_WELCOME 1002-2019-09-19,2019_10766909_WELCOME 1002,WELCOME 1002,MT,2019,2019-09-19,2019-09-20,14.0,14.0,16,36
alloc-2019_10766909_WELCOME 1002-2019-09-25,2019_10766909_WELCOME 1002,WELCOME 1002,MT,2019,2019-09-25,2019-09-26,6.0,6.0,22,36
alloc-2019_10766909_WELCOME 1002-2019-10-01,2019_10766909_WELCOME 1002,WELCOME 1002,MT,2019,2019-10-01,2019-10-02,0.0,0.0,28,36
alloc-2019_10766909_WELCOME 1002-2019-10-08,2019_10766909_WELCOME 1002,WELCOME 1002,MT,2019,2019-10-08,2019-10-09,0.0,0.0,35,36
alloc-2019_10768134_COW CREEK-2019-10-20,2019_10768134_COW CREEK,Cow Creek,CO,2019,2019-10-20,2019-10-21,79.0,80.0,4,15
alloc-2019_10768134_COW CREEK-2019-10-22,2019_10768134_COW CREEK,Cow Creek,CO,2019,2019-10-22,2019-10-23,86.0,96.0,6,15
alloc-2019_10768134_COW CREEK-2019-10-24,2019_10768134_COW CREEK,Cow Creek,CO,2019,2019-10-24,2019-10-25,16.0,72.0,8,15
alloc-2019_10768134_COW CREEK-2019-10-26,2019_10768134_COW CREEK,Cow Creek,CO,2019,2019-10-26,2019-10-27,23.0,23.0,10,15
alloc-2019_10768134_COW CREEK-2019-10-28,2019_10768134_COW CREEK,Cow Creek,CO,2019,2019-10-28,2019-10-29,4.0,23.0,12,15
alloc-2019_10768134_COW CREEK-2019-10-30,2019_10768134_COW CREEK,Cow Creek,CO,2019,2019-10-30,2019-10-31,3.0,3.0,14,15
alloc-2019_10769353_CRAB-2019-08-08,2019_10769353_CRAB,Crab,ID,2019,2019-08-08,2019-08-09,47.0,48.0,4,18
alloc-2019_10769353_CRAB-2019-08-10,2019_10769353_CRAB,Crab,ID,2019,2019-08-10,2019-08-11,31.0,48.0,6,18
alloc-2019_10769353_CRAB-2019-08-13,2019_10769353_CRAB,Crab,ID,2019,2019-08-13,2019-08-14,54.0,33.0,9,18
alloc-2019_10769353_CRAB-2019-08-15,2019_10769353_CRAB,Crab,ID,2019,2019-08-15,2019-08-16,52.0,52.0,11,18
alloc-2019_10769353_CRAB-2019-08-18,2019_10769353_CRAB,Crab,ID,2019,2019-08-18,2019-08-19,53.0,54.0,14,18
alloc-2019_10769353_CRAB-2019-08-21,2019_10769353_CRAB,Crab,ID,2019,2019-08-21,2019-08-22,37.0,53.0,17,18
alloc-2019_10771560_BEAVER-2019-07-10,2019_10771560_BEAVER,Beaver,CO,2019,2019-07-10,2019-07-11,62.0,69.0,4,11
alloc-2019_10771560_BEAVER-2019-07-11,2019_10771560_BEAVER,Beaver,CO,2019,2019-07-11,2019-07-12,62.0,62.0,5,11
alloc-2019_10771560_BEAVER-2019-07-12,2019_10771560_BEAVER,Beaver,CO,2019,2019-07-12,2019-07-13,72.0,62.0,6,11
alloc-2019_10771560_BEAVER-2019-07-13,2019_10771560_BEAVER,Beaver,CO,2019,2019-07-13,2019-07-14,24.0,72.0,7,11
alloc-2019_10771560_BEAVER-2019-07-14,2019_10771560_BEAVER,Beaver,CO,2019,2019-07-14,2019-07-15,24.0,24.0,8,11
alloc-2019_10771560_BEAVER-2019-07-16,2019_10771560_BEAVER,Beaver,CO,2019,2019-07-16,2019-07-17,12.0,12.0,10,11
alloc-2019_10771851_NORTH HILLS-2019-07-30,2019_10771851_NORTH HILLS,North Hills,MT,2019,2019-07-30,2019-07-31,216.0,195.0,4,16
alloc-2019_10771851_NORTH HILLS-2019-08-01,2019_10771851_NORTH HILLS,North Hills,MT,2019,2019-08-01,2019-08-02,94.0,162.0,6,16
alloc-2019_10771851_NORTH HILLS-2019-08-03,2019_10771851_NORTH HILLS,North Hills,MT,2019,2019-08-03,2019-08-04,94.0,94.0,8,16
alloc-2019_10771851_NORTH HILLS-2019-08-05,2019_10771851_NORTH HILLS,North Hills,MT,2019,2019-08-05,2019-08-06,32.0,32.0,10,16
alloc-2019_10771851_NORTH HILLS-2019-08-07,2019_10771851_NORTH HILLS,North Hills,MT,2019,2019-08-07,2019-08-08,32.0,34.0,12,16
alloc-2019_10771851_NORTH HILLS-2019-08-10,2019_10771851_NORTH HILLS,North Hills,MT,2019,2019-08-10,2019-08-11,6.0,8.0,15,16
alloc-2019_10772940_REDONDO-2019-08-27,2019_10772940_REDONDO,Redondo,NM,2019,2019-08-27,2019-08-28,47.0,28.0,4,11
alloc-2019_10772940_REDONDO-2019-08-28,2019_10772940_REDONDO,Redondo,NM,2019,2019-08-28,2019-08-29,49.0,47.0,5,11
alloc-2019_10772940_REDONDO-2019-08-29,2019_10772940_REDONDO,Redondo,NM,2019,2019-08-29,2019-08-30,49.0,49.0,6,11
alloc-2019_10772940_REDONDO-2019-08-30,2019_10772940_REDONDO,Redondo,NM,2019,2019-08-30,2019-08-31,49.0,49.0,7,11
alloc-2019_10772940_REDONDO-2019-08-31,2019_10772940_REDONDO,Redondo,NM,2019,2019-08-31,2019-09-01,25.0,49.0,8,11
alloc-2019_10772940_REDONDO-2019-09-02,2019_10772940_REDONDO,Redondo,NM,2019,2019-09-02,2019-09-03,3.0,25.0,10,11
alloc-2019_10773759_POISON CANYON-2019-08-07,2019_10773759_POISON CANYON,Poison Canyon,UT,2019,2019-08-07,2019-08-08,10.0,10.0,4,14
alloc-2019_10773759_POISON CANYON-2019-08-08,2019_10773759_POISON CANYON,Poison Canyon,UT,2019,2019-08-08,2019-08-09,10.0,10.0,5,14
alloc-2019_10773759_POISON CANYON-2019-08-10,2019_10773759_POISON CANYON,Poison Canyon,UT,2019,2019-08-10,2019-08-11,10.0,10.0,7,14
alloc-2019_10773759_POISON CANYON-2019-08-12,2019_10773759_POISON CANYON,Poison Canyon,UT,2019,2019-08-12,2019-08-13,4.0,10.0,9,14
alloc-2019_10773759_POISON CANYON-2019-08-14,2019_10773759_POISON CANYON,Poison Canyon,UT,2019,2019-08-14,2019-08-15,4.0,4.0,11,14
alloc-2019_10773759_POISON CANYON-2019-08-16,2019_10773759_POISON CANYON,Poison Canyon,UT,2019,2019-08-16,2019-08-17,10.0,14.0,13,14
alloc-2019_10775726_AMOLE-2019-09-09,2019_10775726_AMOLE,Amole,NM,2019,2019-09-09,2019-09-10,82.0,80.0,4,10
alloc-2019_10775726_AMOLE-2019-09-10,2019_10775726_AMOLE,Amole,NM,2019,2019-09-10,2019-09-11,65.0,82.0,5,10
alloc-2019_10775726_AMOLE-2019-09-11,2019_10775726_AMOLE,Amole,NM,2019,2019-09-11,2019-09-12,65.0,65.0,6,10
alloc-2019_10775726_AMOLE-2019-09-12,2019_10775726_AMOLE,Amole,NM,2019,2019-09-12,2019-09-13,66.0,65.0,7,10
alloc-2019_10775726_AMOLE-2019-09-13,2019_10775726_AMOLE,Amole,NM,2019,2019-09-13,2019-09-14,66.0,66.0,8,10
alloc-2019_10775726_AMOLE-2019-09-14,2019_10775726_AMOLE,Amole,NM,2019,2019-09-14,2019-09-15,65.0,66.0,9,10
alloc-2019_10776976_BERGMAN CREEK-2019-07-07,2019_10776976_BERGMAN CREEK,Bergman Creek,AK,2019,2019-07-07,2019-07-08,16.0,16.0,4,17
alloc-2019_10776976_BERGMAN CREEK-2019-07-09,2019_10776976_BERGMAN CREEK,Bergman Creek,AK,2019,2019-07-09,2019-07-10,14.0,16.0,6,17
alloc-2019_10776976_BERGMAN CREEK-2019-07-11,2019_10776976_BERGMAN CREEK,Bergman Creek,AK,2019,2019-07-11,2019-07-12,12.0,14.0,8,17
alloc-2019_10776976_BERGMAN CREEK-2019-07-14,2019_10776976_BERGMAN CREEK,Bergman Creek,AK,2019,2019-07-14,2019-07-15,31.0,31.0,11,17
alloc-2019_10776976_BERGMAN CREEK-2019-07-16,2019_10776976_BERGMAN CREEK,Bergman Creek,AK,2019,2019-07-16,2019-07-17,30.0,31.0,13,17
alloc-2019_10776976_BERGMAN CREEK-2019-07-19,2019_10776976_BERGMAN CREEK,Bergman Creek,AK,2019,2019-07-19,2019-07-20,8.0,30.0,16,17
alloc-2019_10778371_SHOVEL CREEK-2019-06-25,2019_10778371_SHOVEL CREEK,Shovel Creek,AK,2019,2019-06-25,2019-06-26,162.0,144.0,4,39
alloc-2019_10778371_SHOVEL CREEK-2019-07-01,2019_10778371_SHOVEL CREEK,Shovel Creek,AK,2019,2019-07-01,2019-07-02,259.0,246.0,10,39
alloc-2019_10778371_SHOVEL CREEK-2019-07-08,2019_10778371_SHOVEL CREEK,Shovel Creek,AK,2019,2019-07-08,2019-07-09,347.0,317.0,17,39
alloc-2019_10778371_SHOVEL CREEK-2019-07-15,2019_10778371_SHOVEL CREEK,Shovel Creek,AK,2019,2019-07-15,2019-07-16,214.0,219.0,24,39
alloc-2019_10778371_SHOVEL CREEK-2019-07-22,2019_10778371_SHOVEL CREEK,Shovel Creek,AK,2019,2019-07-22,2019-07-23,144.0,148.0,31,39
alloc-2019_10778371_SHOVEL CREEK-2019-07-29,2019_10778371_SHOVEL CREEK,Shovel Creek,AK,2019,2019-07-29,2019-07-30,11.0,14.0,38,39
alloc-2019_10780057_HESS CREEK-2019-07-03,2019_10780057_HESS CREEK,Hess Creek,AK,2019,2019-07-03,2019-07-04,16.0,16.0,4,33
alloc-2019_10780057_HESS CREEK-2019-07-08,2019_10780057_HESS CREEK,Hess Creek,AK,2019,2019-07-08,2019-07-09,19.0,23.0,9,33
alloc-2019_10780057_HESS CREEK-2019-07-14,2019_10780057_HESS CREEK,Hess Creek,AK,2019,2019-07-14,2019-07-15,54.0,37.0,15,33
alloc-2019_10780057_HESS CREEK-2019-07-19,2019_10780057_HESS CREEK,Hess Creek,AK,2019,2019-07-19,2019-07-20,50.0,55.0,20,33
alloc-2019_10780057_HESS CREEK-2019-07-25,2019_10780057_HESS CREEK,Hess Creek,AK,2019,2019-07-25,2019-07-26,45.0,63.0,26,33
alloc-2019_10780057_HESS CREEK-2019-07-31,2019_10780057_HESS CREEK,Hess Creek,AK,2019,2019-07-31,2019-08-01,26.0,26.0,32,33
alloc-2019_10781147_MIDDLE MAMM-2019-10-06,2019_10781147_MIDDLE MAMM,Middle Mamm,CO,2019,2019-10-06,2019-10-07,99.0,100.0,4,18
alloc-2019_10781147_MIDDLE MAMM-2019-10-08,2019_10781147_MIDDLE MAMM,Middle Mamm,CO,2019,2019-10-08,2019-10-09,67.0,92.0,6,18
alloc-2019_10781147_MIDDLE MAMM-2019-10-11,2019_10781147_MIDDLE MAMM,Middle Mamm,CO,2019,2019-10-11,2019-10-12,91.0,103.0,9,18
alloc-2019_10781147_MIDDLE MAMM-2019-10-13,2019_10781147_MIDDLE MAMM,Middle Mamm,CO,2019,2019-10-13,2019-10-14,79.0,90.0,11,18
alloc-2019_10781147_MIDDLE MAMM-2019-10-16,2019_10781147_MIDDLE MAMM,Middle Mamm,CO,2019,2019-10-16,2019-10-17,79.0,79.0,14,18
alloc-2019_10781147_MIDDLE MAMM-2019-10-19,2019_10781147_MIDDLE MAMM,Middle Mamm,CO,2019,2019-10-19,2019-10-20,12.0,32.0,17,18
alloc-2019_10783036_ALASKA-2019-08-03,2019_10783036_ALASKA,Alaska,UT,2019,2019-08-03,2019-08-04,5.0,71.0,4,10
alloc-2019_10783036_ALASKA-2019-08-04,2019_10783036_ALASKA,Alaska,UT,2019,2019-08-04,2019-08-05,6.0,5.0,5,10
alloc-2019_10783036_ALASKA-2019-08-05,2019_10783036_ALASKA,Alaska,UT,2019,2019-08-05,2019-08-06,6.0,6.0,6,10
alloc-2019_10783036_ALASKA-2019-08-06,2019_10783036_ALASKA,Alaska,UT,2019,2019-08-06,2019-08-07,6.0,6.0,7,10
alloc-2019_10783036_ALASKA-2019-08-07,2019_10783036_ALASKA,Alaska,UT,2019,2019-08-07,2019-08-08,6.0,6.0,8,10
alloc-2019_10783036_ALASKA-2019-08-08,2019_10783036_ALASKA,Alaska,UT,2019,2019-08-08,2019-08-09,1.0,6.0,9,10
alloc-2019_10783842_DESHKA LANDING-2019-08-22,2019_10783842_DESHKA LANDING,Deshka Landing,AK,2019,2019-08-22,2019-08-23,116.0,118.0,4,22
alloc-2019_10783842_DESHKA LANDING-2019-08-25,2019_10783842_DESHKA LANDING,Deshka Landing,AK,2019,2019-08-25,2019-08-26,143.0,143.0,7,22
alloc-2019_10783842_DESHKA LANDING-2019-08-28,2019_10783842_DESHKA LANDING,Deshka Landing,AK,2019,2019-08-28,2019-08-29,139.0,139.0,10,22
alloc-2019_10783842_DESHKA LANDING-2019-09-01,2019_10783842_DESHKA LANDING,Deshka Landing,AK,2019,2019-09-01,2019-09-02,120.0,131.0,14,22
alloc-2019_10783842_DESHKA LANDING-2019-09-04,2019_10783842_DESHKA LANDING,Deshka Landing,AK,2019,2019-09-04,2019-09-05,108.0,120.0,17,22
alloc-2019_10783842_DESHKA LANDING-2019-09-08,2019_10783842_DESHKA LANDING,Deshka Landing,AK,2019,2019-09-08,2019-09-09,60.0,102.0,21,22
alloc-2019_10785192_PINE LODGE-2019-06-23,2019_10785192_PINE LODGE,PINE LODGE,NM,2019,2019-06-23,2019-06-24,248.0,171.0,4,28
alloc-2019_10785192_PINE LODGE-2019-06-27,2019_10785192_PINE LODGE,PINE LODGE,NM,2019,2019-06-27,2019-06-28,213.0,227.0,8,28
alloc-2019_10785192_PINE LODGE-2019-07-02,2019_10785192_PINE LODGE,PINE LODGE,NM,2019,2019-07-02,2019-07-03,95.0,102.0,13,28
alloc-2019_10785192_PINE LODGE-2019-07-06,2019_10785192_PINE LODGE,PINE LODGE,NM,2019,2019-07-06,2019-07-07,4.0,24.0,17,28
alloc-2019_10785192_PINE LODGE-2019-07-11,2019_10785192_PINE LODGE,PINE LODGE,NM,2019,2019-07-11,2019-07-12,4.0,4.0,22,28
alloc-2019_10785192_PINE LODGE-2019-07-16,2019_10785192_PINE LODGE,PINE LODGE,NM,2019,2019-07-16,2019-07-17,4.0,4.0,27,28
alloc-2019_10788219_BEESKOVE-2019-07-28,2019_10788219_BEESKOVE,Beeskove,MT,2019,2019-07-28,2019-07-29,150.0,148.0,4,13
alloc-2019_10788219_BEESKOVE-2019-07-29,2019_10788219_BEESKOVE,Beeskove,MT,2019,2019-07-29,2019-07-30,154.0,150.0,5,13
alloc-2019_10788219_BEESKOVE-2019-07-31,2019_10788219_BEESKOVE,Beeskove,MT,2019,2019-07-31,2019-08-01,160.0,150.0,7,13
alloc-2019_10788219_BEESKOVE-2019-08-01,2019_10788219_BEESKOVE,Beeskove,MT,2019,2019-08-01,2019-08-02,172.0,160.0,8,13
alloc-2019_10788219_BEESKOVE-2019-08-03,2019_10788219_BEESKOVE,Beeskove,MT,2019,2019-08-03,2019-08-04,202.0,182.0,10,13
alloc-2019_10788219_BEESKOVE-2019-08-05,2019_10788219_BEESKOVE,Beeskove,MT,2019,2019-08-05,2019-08-06,166.0,194.0,12,13
alloc-2019_10788219_BEESKOVE-2019-08-11,2019_10788219_BEESKOVE,Beeskove,MT,2019,2019-08-11,2019-08-12,174.0,172.0,4,16
alloc-2019_10788219_BEESKOVE-2019-08-13,2019_10788219_BEESKOVE,Beeskove,MT,2019,2019-08-13,2019-08-14,122.0,151.0,6,16
alloc-2019_10788219_BEESKOVE-2019-08-15,2019_10788219_BEESKOVE,Beeskove,MT,2019,2019-08-15,2019-08-16,37.0,72.0,8,16
alloc-2019_10788219_BEESKOVE-2019-08-17,2019_10788219_BEESKOVE,Beeskove,MT,2019,2019-08-17,2019-08-18,36.0,35.0,10,16
alloc-2019_10788219_BEESKOVE-2019-08-19,2019_10788219_BEESKOVE,Beeskove,MT,2019,2019-08-19,2019-08-20,32.0,36.0,12,16
alloc-2019_10788219_BEESKOVE-2019-08-22,2019_10788219_BEESKOVE,Beeskove,MT,2019,2019-08-22,2019-08-23,2.0,29.0,15,16
alloc-2019_10789235_LEFT HAND-2019-07-28,2019_10789235_LEFT HAND,LEFT HAND,WA,2019,2019-07-28,2019-07-29,175.0,162.0,4,11
alloc-2019_10789235_LEFT HAND-2019-07-29,2019_10789235_LEFT HAND,LEFT HAND,WA,2019,2019-07-29,2019-07-30,246.0,175.0,5,11
alloc-2019_10789235_LEFT HAND-2019-07-30,2019_10789235_LEFT HAND,LEFT HAND,WA,2019,2019-07-30,2019-07-31,252.0,246.0,6,11
alloc-2019_10789235_LEFT HAND-2019-07-31,2019_10789235_LEFT HAND,LEFT HAND,WA,2019,2019-07-31,2019-08-01,259.0,252.0,7,11
alloc-2019_10789235_LEFT HAND-2019-08-01,2019_10789235_LEFT HAND,LEFT HAND,WA,2019,2019-08-01,2019-08-02,258.0,259.0,8,11
alloc-2019_10789235_LEFT HAND-2019-08-03,2019_10789235_LEFT HAND,LEFT HAND,WA,2019,2019-08-03,2019-08-04,161.0,208.0,10,11
alloc-2019_10791868_MP 97-2019-08-13,2019_10791868_MP 97,MP 97,OR,2019,2019-08-13,2019-08-14,81.0,83.0,4,10
alloc-2019_10791868_MP 97-2019-08-14,2019_10791868_MP 97,MP 97,OR,2019,2019-08-14,2019-08-15,71.0,81.0,5,10
alloc-2019_10791868_MP 97-2019-08-15,2019_10791868_MP 97,MP 97,OR,2019,2019-08-15,2019-08-16,53.0,71.0,6,10
alloc-2019_10791868_MP 97-2019-08-16,2019_10791868_MP 97,MP 97,OR,2019,2019-08-16,2019-08-17,29.0,53.0,7,10
alloc-2019_10791868_MP 97-2019-08-17,2019_10791868_MP 97,MP 97,OR,2019,2019-08-17,2019-08-18,29.0,29.0,8,10
alloc-2019_10791868_MP 97-2019-08-18,2019_10791868_MP 97,MP 97,OR,2019,2019-08-18,2019-08-19,2.0,29.0,9,10
alloc-2019_10792802_RAINBOW 2-2019-07-17,2019_10792802_RAINBOW 2,Rainbow 2,AK,2019,2019-07-17,2019-07-18,29.0,29.0,4,35
alloc-2019_10792802_RAINBOW 2-2019-07-23,2019_10792802_RAINBOW 2,Rainbow 2,AK,2019,2019-07-23,2019-07-24,28.0,27.0,10,35
alloc-2019_10792802_RAINBOW 2-2019-07-29,2019_10792802_RAINBOW 2,Rainbow 2,AK,2019,2019-07-29,2019-07-30,42.0,42.0,16,35
alloc-2019_10792802_RAINBOW 2-2019-08-04,2019_10792802_RAINBOW 2,Rainbow 2,AK,2019,2019-08-04,2019-08-05,41.0,42.0,22,35
alloc-2019_10792802_RAINBOW 2-2019-08-10,2019_10792802_RAINBOW 2,Rainbow 2,AK,2019,2019-08-10,2019-08-11,10.0,10.0,28,35
alloc-2019_10792802_RAINBOW 2-2019-08-16,2019_10792802_RAINBOW 2,Rainbow 2,AK,2019,2019-08-16,2019-08-17,48.0,48.0,34,35
alloc-2019_10793994_WHITING-2019-07-06,2019_10793994_WHITING,Whiting,AZ,2019,2019-07-06,2019-07-07,83.0,83.0,4,10
alloc-2019_10793994_WHITING-2019-07-07,2019_10793994_WHITING,Whiting,AZ,2019,2019-07-07,2019-07-08,61.0,83.0,5,10
alloc-2019_10793994_WHITING-2019-07-08,2019_10793994_WHITING,Whiting,AZ,2019,2019-07-08,2019-07-09,61.0,61.0,6,10
alloc-2019_10793994_WHITING-2019-07-09,2019_10793994_WHITING,Whiting,AZ,2019,2019-07-09,2019-07-10,49.0,61.0,7,10
alloc-2019_10793994_WHITING-2019-07-10,2019_10793994_WHITING,Whiting,AZ,2019,2019-07-10,2019-07-11,49.0,49.0,8,10
alloc-2019_10793994_WHITING-2019-07-11,2019_10793994_WHITING,Whiting,AZ,2019,2019-07-11,2019-07-12,49.0,49.0,9,10
alloc-2019_10794938_MILLER-2019-07-03,2019_10794938_MILLER,MILLER,NM,2019,2019-07-03,2019-07-04,99.0,136.0,4,12
alloc-2019_10794938_MILLER-2019-07-04,2019_10794938_MILLER,MILLER,NM,2019,2019-07-04,2019-07-05,89.0,99.0,5,12
alloc-2019_10794938_MILLER-2019-07-05,2019_10794938_MILLER,MILLER,NM,2019,2019-07-05,2019-07-06,141.0,89.0,6,12
alloc-2019_10794938_MILLER-2019-07-07,2019_10794938_MILLER,MILLER,NM,2019,2019-07-07,2019-07-08,139.0,125.0,8,12
alloc-2019_10794938_MILLER-2019-07-08,2019_10794938_MILLER,MILLER,NM,2019,2019-07-08,2019-07-09,127.0,139.0,9,12
alloc-2019_10794938_MILLER-2019-07-10,2019_10794938_MILLER,MILLER,NM,2019,2019-07-10,2019-07-11,36.0,91.0,11,12
alloc-2019_10796456_SAGE-2019-08-13,2019_10796456_SAGE,Sage,MT,2019,2019-08-13,2019-08-14,8.0,8.0,4,11
alloc-2019_10796456_SAGE-2019-08-14,2019_10796456_SAGE,Sage,MT,2019,2019-08-14,2019-08-15,9.0,8.0,5,11
alloc-2019_10796456_SAGE-2019-08-15,2019_10796456_SAGE,Sage,MT,2019,2019-08-15,2019-08-16,9.0,9.0,6,11
alloc-2019_10796456_SAGE-2019-08-16,2019_10796456_SAGE,Sage,MT,2019,2019-08-16,2019-08-17,29.0,9.0,7,11
alloc-2019_10796456_SAGE-2019-08-17,2019_10796456_SAGE,Sage,MT,2019,2019-08-17,2019-08-18,29.0,29.0,8,11
alloc-2019_10796456_SAGE-2019-08-19,2019_10796456_SAGE,Sage,MT,2019,2019-08-19,2019-08-20,26.0,26.0,10,11
alloc-2019_10804592_SMITH KNOB-2019-08-31,2019_10804592_SMITH KNOB,Smith Knob,ID,2019,2019-08-31,2019-09-01,52.0,50.0,4,13
alloc-2019_10804592_SMITH KNOB-2019-09-01,2019_10804592_SMITH KNOB,Smith Knob,ID,2019,2019-09-01,2019-09-02,52.0,52.0,5,13
alloc-2019_10804592_SMITH KNOB-2019-09-03,2019_10804592_SMITH KNOB,Smith Knob,ID,2019,2019-09-03,2019-09-04,31.0,34.0,7,13
alloc-2019_10804592_SMITH KNOB-2019-09-04,2019_10804592_SMITH KNOB,Smith Knob,ID,2019,2019-09-04,2019-09-05,31.0,31.0,8,13
alloc-2019_10804592_SMITH KNOB-2019-09-06,2019_10804592_SMITH KNOB,Smith Knob,ID,2019,2019-09-06,2019-09-07,21.0,31.0,10,13
alloc-2019_10804592_SMITH KNOB-2019-09-08,2019_10804592_SMITH KNOB,Smith Knob,ID,2019,2019-09-08,2019-09-09,21.0,21.0,12,13
alloc-2019_10805427_204 COW-2019-08-25,2019_10805427_204 COW,204 Cow,OR,2019,2019-08-25,2019-08-26,228.0,221.0,4,19
alloc-2019_10805427_204 COW-2019-08-27,2019_10805427_204 COW,204 Cow,OR,2019,2019-08-27,2019-08-28,232.0,234.0,6,19
alloc-2019_10805427_204 COW-2019-08-30,2019_10805427_204 COW,204 Cow,OR,2019,2019-08-30,2019-08-31,257.0,219.0,9,19
alloc-2019_10805427_204 COW-2019-09-02,2019_10805427_204 COW,204 Cow,OR,2019,2019-09-02,2019-09-03,282.0,289.0,12,19
alloc-2019_10805427_204 COW-2019-09-05,2019_10805427_204 COW,204 Cow,OR,2019,2019-09-05,2019-09-06,171.0,185.0,15,19
alloc-2019_10805427_204 COW-2019-09-08,2019_10805427_204 COW,204 Cow,OR,2019,2019-09-08,2019-09-09,70.0,103.0,18,19
alloc-2020_11692371_HOLCOMBE RD-2020-04-22,2020_11692371_HOLCOMBE RD,Holcombe Rd,TX,2020,2020-04-22,2020-04-23,128.0,98.0,4,14
alloc-2020_11692371_HOLCOMBE RD-2020-04-23,2020_11692371_HOLCOMBE RD,Holcombe Rd,TX,2020,2020-04-23,2020-04-24,127.0,128.0,5,14
alloc-2020_11692371_HOLCOMBE RD-2020-04-25,2020_11692371_HOLCOMBE RD,Holcombe Rd,TX,2020,2020-04-25,2020-04-26,125.0,125.0,7,14
alloc-2020_11692371_HOLCOMBE RD-2020-04-27,2020_11692371_HOLCOMBE RD,Holcombe Rd,TX,2020,2020-04-27,2020-04-28,96.0,96.0,9,14
alloc-2020_11692371_HOLCOMBE RD-2020-04-29,2020_11692371_HOLCOMBE RD,Holcombe Rd,TX,2020,2020-04-29,2020-04-30,97.0,100.0,11,14
alloc-2020_11692371_HOLCOMBE RD-2020-05-01,2020_11692371_HOLCOMBE RD,Holcombe Rd,TX,2020,2020-05-01,2020-05-02,38.0,84.0,13,14
alloc-2020_11697611_SILVERKING-2020-04-22,2020_11697611_SILVERKING,SILVERKING,FL,2020,2020-04-22,2020-04-23,38.0,38.0,4,13
alloc-2020_11697611_SILVERKING-2020-04-23,2020_11697611_SILVERKING,SILVERKING,FL,2020,2020-04-23,2020-04-24,38.0,38.0,5,13
alloc-2020_11697611_SILVERKING-2020-04-25,2020_11697611_SILVERKING,SILVERKING,FL,2020,2020-04-25,2020-04-26,38.0,38.0,7,13
alloc-2020_11697611_SILVERKING-2020-04-26,2020_11697611_SILVERKING,SILVERKING,FL,2020,2020-04-26,2020-04-27,38.0,38.0,8,13
alloc-2020_11697611_SILVERKING-2020-04-28,2020_11697611_SILVERKING,SILVERKING,FL,2020,2020-04-28,2020-04-29,38.0,38.0,10,13
alloc-2020_11697611_SILVERKING-2020-04-30,2020_11697611_SILVERKING,SILVERKING,FL,2020,2020-04-30,2020-05-01,29.0,29.0,12,13
alloc-2020_11703511_36TH AVE SE-2020-05-17,2020_11703511_36TH AVE SE,36TH AVE SE,FL,2020,2020-05-17,2020-05-18,73.0,96.0,4,10
alloc-2020_11703511_36TH AVE SE-2020-05-18,2020_11703511_36TH AVE SE,36TH AVE SE,FL,2020,2020-05-18,2020-05-19,70.0,73.0,5,10
alloc-2020_11703511_36TH AVE SE-2020-05-19,2020_11703511_36TH AVE SE,36TH AVE SE,FL,2020,2020-05-19,2020-05-20,66.0,70.0,6,10
alloc-2020_11703511_36TH AVE SE-2020-05-20,2020_11703511_36TH AVE SE,36TH AVE SE,FL,2020,2020-05-20,2020-05-21,52.0,66.0,7,10
alloc-2020_11703511_36TH AVE SE-2020-05-21,2020_11703511_36TH AVE SE,36TH AVE SE,FL,2020,2020-05-21,2020-05-22,45.0,52.0,8,10
alloc-2020_11703511_36TH AVE SE-2020-05-22,2020_11703511_36TH AVE SE,36TH AVE SE,FL,2020,2020-05-22,2020-05-23,40.0,45.0,9,10
alloc-2020_11704123_MOONFISH-2020-05-10,2020_11704123_MOONFISH,Moonfish,FL,2020,2020-05-10,2020-05-11,40.0,39.0,4,12
alloc-2020_11704123_MOONFISH-2020-05-11,2020_11704123_MOONFISH,Moonfish,FL,2020,2020-05-11,2020-05-12,20.0,40.0,5,12
alloc-2020_11704123_MOONFISH-2020-05-12,2020_11704123_MOONFISH,Moonfish,FL,2020,2020-05-12,2020-05-13,39.0,20.0,6,12
alloc-2020_11704123_MOONFISH-2020-05-14,2020_11704123_MOONFISH,Moonfish,FL,2020,2020-05-14,2020-05-15,53.0,39.0,8,12
alloc-2020_11704123_MOONFISH-2020-05-15,2020_11704123_MOONFISH,Moonfish,FL,2020,2020-05-15,2020-05-16,49.0,53.0,9,12
alloc-2020_11704123_MOONFISH-2020-05-17,2020_11704123_MOONFISH,Moonfish,FL,2020,2020-05-17,2020-05-18,26.0,27.0,11,12
alloc-2020_11709364_ISOM CREEK-2020-06-16,2020_11709364_ISOM CREEK,Isom Creek,AK,2020,2020-06-16,2020-06-17,149.0,147.0,4,30
alloc-2020_11709364_ISOM CREEK-2020-06-21,2020_11709364_ISOM CREEK,Isom Creek,AK,2020,2020-06-21,2020-06-22,70.0,91.0,9,30
alloc-2020_11709364_ISOM CREEK-2020-06-26,2020_11709364_ISOM CREEK,Isom Creek,AK,2020,2020-06-26,2020-06-27,24.0,38.0,14,30
alloc-2020_11709364_ISOM CREEK-2020-07-01,2020_11709364_ISOM CREEK,Isom Creek,AK,2020,2020-07-01,2020-07-02,45.0,46.0,19,30
alloc-2020_11709364_ISOM CREEK-2020-07-06,2020_11709364_ISOM CREEK,Isom Creek,AK,2020,2020-07-06,2020-07-07,24.0,24.0,24,30
alloc-2020_11709364_ISOM CREEK-2020-07-11,2020_11709364_ISOM CREEK,Isom Creek,AK,2020,2020-07-11,2020-07-12,2.0,25.0,29,30
alloc-2020_11710471_WOOD SPRINGS 2-2020-07-02,2020_11710471_WOOD SPRINGS 2,Wood Springs 2,AZ,2020,2020-07-02,2020-07-03,184.0,173.0,4,11
alloc-2020_11710471_WOOD SPRINGS 2-2020-07-03,2020_11710471_WOOD SPRINGS 2,Wood Springs 2,AZ,2020,2020-07-03,2020-07-04,180.0,184.0,5,11
alloc-2020_11710471_WOOD SPRINGS 2-2020-07-04,2020_11710471_WOOD SPRINGS 2,Wood Springs 2,AZ,2020,2020-07-04,2020-07-05,174.0,180.0,6,11
alloc-2020_11710471_WOOD SPRINGS 2-2020-07-05,2020_11710471_WOOD SPRINGS 2,Wood Springs 2,AZ,2020,2020-07-05,2020-07-06,180.0,174.0,7,11
alloc-2020_11710471_WOOD SPRINGS 2-2020-07-06,2020_11710471_WOOD SPRINGS 2,Wood Springs 2,AZ,2020,2020-07-06,2020-07-07,220.0,180.0,8,11
alloc-2020_11710471_WOOD SPRINGS 2-2020-07-08,2020_11710471_WOOD SPRINGS 2,Wood Springs 2,AZ,2020,2020-07-08,2020-07-09,110.0,178.0,10,11
alloc-2020_11711119_BLUE RIVER-2020-06-09,2020_11711119_BLUE RIVER,Blue River,AZ,2020,2020-06-09,2020-06-10,55.0,52.0,4,13
alloc-2020_11711119_BLUE RIVER-2020-06-10,2020_11711119_BLUE RIVER,Blue River,AZ,2020,2020-06-10,2020-06-11,54.0,55.0,5,13
alloc-2020_11711119_BLUE RIVER-2020-06-12,2020_11711119_BLUE RIVER,Blue River,AZ,2020,2020-06-12,2020-06-13,79.0,60.0,7,13
alloc-2020_11711119_BLUE RIVER-2020-06-13,2020_11711119_BLUE RIVER,Blue River,AZ,2020,2020-06-13,2020-06-14,53.0,79.0,8,13
alloc-2020_11711119_BLUE RIVER-2020-06-15,2020_11711119_BLUE RIVER,Blue River,AZ,2020,2020-06-15,2020-06-16,33.0,59.0,10,13
alloc-2020_11711119_BLUE RIVER-2020-06-17,2020_11711119_BLUE RIVER,Blue River,AZ,2020,2020-06-17,2020-06-18,42.0,42.0,12,13
alloc-2020_11711903_CANAL-2020-06-30,2020_11711903_CANAL,Canal,UT,2020,2020-06-30,2020-07-01,222.0,192.0,4,18
alloc-2020_11711903_CANAL-2020-07-02,2020_11711903_CANAL,Canal,UT,2020,2020-07-02,2020-07-03,249.0,223.0,6,18
alloc-2020_11711903_CANAL-2020-07-05,2020_11711903_CANAL,Canal,UT,2020,2020-07-05,2020-07-06,242.0,273.0,9,18
alloc-2020_11711903_CANAL-2020-07-07,2020_11711903_CANAL,Canal,UT,2020,2020-07-07,2020-07-08,142.0,192.0,11,18
alloc-2020_11711903_CANAL-2020-07-10,2020_11711903_CANAL,Canal,UT,2020,2020-07-10,2020-07-11,60.0,68.0,14,18
alloc-2020_11711903_CANAL-2020-07-13,2020_11711903_CANAL,Canal,UT,2020,2020-07-13,2020-07-14,52.0,56.0,17,18
alloc-2020_11715744_SAND CREEK-2020-06-24,2020_11715744_SAND CREEK,Sand Creek,CO,2020,2020-06-24,2020-06-25,84.0,84.0,4,12
alloc-2020_11715744_SAND CREEK-2020-06-25,2020_11715744_SAND CREEK,Sand Creek,CO,2020,2020-06-25,2020-06-26,126.0,84.0,5,12
alloc-2020_11715744_SAND CREEK-2020-06-26,2020_11715744_SAND CREEK,Sand Creek,CO,2020,2020-06-26,2020-06-27,77.0,126.0,6,12
alloc-2020_11715744_SAND CREEK-2020-06-28,2020_11715744_SAND CREEK,Sand Creek,CO,2020,2020-06-28,2020-06-29,53.0,54.0,8,12
alloc-2020_11715744_SAND CREEK-2020-06-29,2020_11715744_SAND CREEK,Sand Creek,CO,2020,2020-06-29,2020-06-30,10.0,53.0,9,12
alloc-2020_11715744_SAND CREEK-2020-07-01,2020_11715744_SAND CREEK,Sand Creek,CO,2020,2020-07-01,2020-07-02,23.0,22.0,11,12
alloc-2020_11716626_VICS PEAK-2020-06-23,2020_11716626_VICS PEAK,VICS PEAK,NM,2020,2020-06-23,2020-06-24,108.0,63.0,4,15
alloc-2020_11716626_VICS PEAK-2020-06-25,2020_11716626_VICS PEAK,VICS PEAK,NM,2020,2020-06-25,2020-06-26,99.0,86.0,6,15
alloc-2020_11716626_VICS PEAK-2020-06-27,2020_11716626_VICS PEAK,VICS PEAK,NM,2020,2020-06-27,2020-06-28,150.0,124.0,8,15
alloc-2020_11716626_VICS PEAK-2020-06-29,2020_11716626_VICS PEAK,VICS PEAK,NM,2020,2020-06-29,2020-06-30,129.0,151.0,10,15
alloc-2020_11716626_VICS PEAK-2020-07-01,2020_11716626_VICS PEAK,VICS PEAK,NM,2020,2020-07-01,2020-07-02,83.0,129.0,12,15
alloc-2020_11716626_VICS PEAK-2020-07-03,2020_11716626_VICS PEAK,VICS PEAK,NM,2020,2020-07-03,2020-07-04,62.0,70.0,14,15
alloc-2020_11721009_SAWTOOTH-2020-06-03,2020_11721009_SAWTOOTH,Sawtooth,AZ,2020,2020-06-03,2020-06-04,186.0,304.0,4,12
alloc-2020_11721009_SAWTOOTH-2020-06-04,2020_11721009_SAWTOOTH,Sawtooth,AZ,2020,2020-06-04,2020-06-05,187.0,186.0,5,12
alloc-2020_11721009_SAWTOOTH-2020-06-05,2020_11721009_SAWTOOTH,Sawtooth,AZ,2020,2020-06-05,2020-06-06,107.0,187.0,6,12
alloc-2020_11721009_SAWTOOTH-2020-06-07,2020_11721009_SAWTOOTH,Sawtooth,AZ,2020,2020-06-07,2020-06-08,64.0,73.0,8,12
alloc-2020_11721009_SAWTOOTH-2020-06-08,2020_11721009_SAWTOOTH,Sawtooth,AZ,2020,2020-06-08,2020-06-09,26.0,64.0,9,12
alloc-2020_11721009_SAWTOOTH-2020-06-10,2020_11721009_SAWTOOTH,Sawtooth,AZ,2020,2020-06-10,2020-06-11,26.0,26.0,11,12
alloc-2020_11721706_BUSH-2020-06-17,2020_11721706_BUSH,Bush,AZ,2020,2020-06-17,2020-06-18,459.0,358.0,4,18
alloc-2020_11721706_BUSH-2020-06-19,2020_11721706_BUSH,Bush,AZ,2020,2020-06-19,2020-06-20,466.0,438.0,6,18
alloc-2020_11721706_BUSH-2020-06-22,2020_11721706_BUSH,Bush,AZ,2020,2020-06-22,2020-06-23,198.0,289.0,9,18
alloc-2020_11721706_BUSH-2020-06-24,2020_11721706_BUSH,Bush,AZ,2020,2020-06-24,2020-06-25,158.0,189.0,11,18
alloc-2020_11721706_BUSH-2020-06-27,2020_11721706_BUSH,Bush,AZ,2020,2020-06-27,2020-06-28,72.0,82.0,14,18
alloc-2020_11721706_BUSH-2020-06-30,2020_11721706_BUSH,Bush,AZ,2020,2020-06-30,2020-07-01,42.0,90.0,17,18
alloc-2020_11722738_ANY CREEK-2020-06-17,2020_11722738_ANY CREEK,Any Creek,AK,2020,2020-06-17,2020-06-18,90.0,82.0,4,11
alloc-2020_11722738_ANY CREEK-2020-06-18,2020_11722738_ANY CREEK,Any Creek,AK,2020,2020-06-18,2020-06-19,114.0,90.0,5,11
alloc-2020_11722738_ANY CREEK-2020-06-19,2020_11722738_ANY CREEK,Any Creek,AK,2020,2020-06-19,2020-06-20,105.0,114.0,6,11
alloc-2020_11722738_ANY CREEK-2020-06-20,2020_11722738_ANY CREEK,Any Creek,AK,2020,2020-06-20,2020-06-21,95.0,105.0,7,11
alloc-2020_11722738_ANY CREEK-2020-06-21,2020_11722738_ANY CREEK,Any Creek,AK,2020,2020-06-21,2020-06-22,44.0,95.0,8,11
alloc-2020_11722738_ANY CREEK-2020-06-23,2020_11722738_ANY CREEK,Any Creek,AK,2020,2020-06-23,2020-06-24,22.0,45.0,10,11
alloc-2020_11723968_CENTRAL-2020-06-24,2020_11723968_CENTRAL,Central,AZ,2020,2020-06-24,2020-06-25,54.0,85.0,4,10
alloc-2020_11723968_CENTRAL-2020-06-25,2020_11723968_CENTRAL,Central,AZ,2020,2020-06-25,2020-06-26,43.0,54.0,5,10
alloc-2020_11723968_CENTRAL-2020-06-26,2020_11723968_CENTRAL,Central,AZ,2020,2020-06-26,2020-06-27,43.0,43.0,6,10
alloc-2020_11723968_CENTRAL-2020-06-27,2020_11723968_CENTRAL,Central,AZ,2020,2020-06-27,2020-06-28,43.0,43.0,7,10
alloc-2020_11723968_CENTRAL-2020-06-28,2020_11723968_CENTRAL,Central,AZ,2020,2020-06-28,2020-06-29,42.0,43.0,8,10
alloc-2020_11723968_CENTRAL-2020-06-29,2020_11723968_CENTRAL,Central,AZ,2020,2020-06-29,2020-06-30,42.0,42.0,9,10
alloc-2020_11724989_MANGUM-2020-06-14,2020_11724989_MANGUM,MANGUM,AZ,2020,2020-06-14,2020-06-15,249.0,205.0,4,40
alloc-2020_11724989_MANGUM-2020-06-21,2020_11724989_MANGUM,MANGUM,AZ,2020,2020-06-21,2020-06-22,232.0,229.0,11,40
alloc-2020_11724989_MANGUM-2020-06-28,2020_11724989_MANGUM,MANGUM,AZ,2020,2020-06-28,2020-06-29,154.0,158.0,18,40
alloc-2020_11724989_MANGUM-2020-07-05,2020_11724989_MANGUM,MANGUM,AZ,2020,2020-07-05,2020-07-06,57.0,89.0,25,40
alloc-2020_11724989_MANGUM-2020-07-12,2020_11724989_MANGUM,MANGUM,AZ,2020,2020-07-12,2020-07-13,12.0,16.0,32,40
alloc-2020_11724989_MANGUM-2020-07-19,2020_11724989_MANGUM,MANGUM,AZ,2020,2020-07-19,2020-07-20,6.0,6.0,39,40
alloc-2020_11727581_PORCUPINE-2020-06-17,2020_11727581_PORCUPINE,Porcupine,AK,2020,2020-06-17,2020-06-18,45.0,25.0,4,14
alloc-2020_11727581_PORCUPINE-2020-06-18,2020_11727581_PORCUPINE,Porcupine,AK,2020,2020-06-18,2020-06-19,65.0,45.0,5,14
alloc-2020_11727581_PORCUPINE-2020-06-20,2020_11727581_PORCUPINE,Porcupine,AK,2020,2020-06-20,2020-06-21,50.0,50.0,7,14
alloc-2020_11727581_PORCUPINE-2020-06-22,2020_11727581_PORCUPINE,Porcupine,AK,2020,2020-06-22,2020-06-23,46.0,48.0,9,14
alloc-2020_11727581_PORCUPINE-2020-06-24,2020_11727581_PORCUPINE,Porcupine,AK,2020,2020-06-24,2020-06-25,25.0,43.0,11,14
alloc-2020_11727581_PORCUPINE-2020-06-26,2020_11727581_PORCUPINE,Porcupine,AK,2020,2020-06-26,2020-06-27,10.0,29.0,13,14
alloc-2020_11728691_BIGHORN-2020-06-10,2020_11728691_BIGHORN,BIGHORN,AZ,2020,2020-06-10,2020-06-11,236.0,231.0,4,47
alloc-2020_11728691_BIGHORN-2020-06-18,2020_11728691_BIGHORN,BIGHORN,AZ,2020,2020-06-18,2020-06-19,326.0,291.0,12,47
alloc-2020_11728691_BIGHORN-2020-06-26,2020_11728691_BIGHORN,BIGHORN,AZ,2020,2020-06-26,2020-06-27,368.0,380.0,20,47
alloc-2020_11728691_BIGHORN-2020-07-05,2020_11728691_BIGHORN,BIGHORN,AZ,2020,2020-07-05,2020-07-06,133.0,222.0,29,47
alloc-2020_11728691_BIGHORN-2020-07-13,2020_11728691_BIGHORN,BIGHORN,AZ,2020,2020-07-13,2020-07-14,25.0,20.0,37,47
alloc-2020_11728691_BIGHORN-2020-07-22,2020_11728691_BIGHORN,BIGHORN,AZ,2020,2020-07-22,2020-07-23,8.0,18.0,46,47
alloc-2020_11730528_BRINGHAM-2020-06-09,2020_11730528_BRINGHAM,Bringham,AZ,2020,2020-06-09,2020-06-10,136.0,131.0,4,32
alloc-2020_11730528_BRINGHAM-2020-06-14,2020_11730528_BRINGHAM,Bringham,AZ,2020,2020-06-14,2020-06-15,215.0,172.0,9,32
alloc-2020_11730528_BRINGHAM-2020-06-19,2020_11730528_BRINGHAM,Bringham,AZ,2020,2020-06-19,2020-06-20,143.0,166.0,14,32
alloc-2020_11730528_BRINGHAM-2020-06-25,2020_11730528_BRINGHAM,Bringham,AZ,2020,2020-06-25,2020-06-26,76.0,108.0,20,32
alloc-2020_11730528_BRINGHAM-2020-06-30,2020_11730528_BRINGHAM,Bringham,AZ,2020,2020-06-30,2020-07-01,78.0,75.0,25,32
alloc-2020_11730528_BRINGHAM-2020-07-06,2020_11730528_BRINGHAM,Bringham,AZ,2020,2020-07-06,2020-07-07,37.0,54.0,31,32
alloc-2020_11731589_DRY LAKE-2020-06-09,2020_11731589_DRY LAKE,Dry Lake,AZ,2020,2020-06-09,2020-06-10,64.0,67.0,4,15
alloc-2020_11731589_DRY LAKE-2020-06-11,2020_11731589_DRY LAKE,Dry Lake,AZ,2020,2020-06-11,2020-06-12,50.0,95.0,6,15
alloc-2020_11731589_DRY LAKE-2020-06-13,2020_11731589_DRY LAKE,Dry Lake,AZ,2020,2020-06-13,2020-06-14,30.0,50.0,8,15
alloc-2020_11731589_DRY LAKE-2020-06-15,2020_11731589_DRY LAKE,Dry Lake,AZ,2020,2020-06-15,2020-06-16,31.0,42.0,10,15
alloc-2020_11731589_DRY LAKE-2020-06-17,2020_11731589_DRY LAKE,Dry Lake,AZ,2020,2020-06-17,2020-06-18,25.0,23.0,12,15
alloc-2020_11731589_DRY LAKE-2020-06-19,2020_11731589_DRY LAKE,Dry Lake,AZ,2020,2020-06-19,2020-06-20,2.0,25.0,14,15
alloc-2020_11731957_EAST CANYON-2020-06-17,2020_11731957_EAST CANYON,East Canyon,CO,2020,2020-06-17,2020-06-18,133.0,103.0,4,12
alloc-2020_11731957_EAST CANYON-2020-06-18,2020_11731957_EAST CANYON,East Canyon,CO,2020,2020-06-18,2020-06-19,164.0,133.0,5,12
alloc-2020_11731957_EAST CANYON-2020-06-19,2020_11731957_EAST CANYON,East Canyon,CO,2020,2020-06-19,2020-06-20,176.0,164.0,6,12
alloc-2020_11731957_EAST CANYON-2020-06-21,2020_11731957_EAST CANYON,East Canyon,CO,2020,2020-06-21,2020-06-22,129.0,153.0,8,12
alloc-2020_11731957_EAST CANYON-2020-06-22,2020_11731957_EAST CANYON,East Canyon,CO,2020,2020-06-22,2020-06-23,115.0,129.0,9,12
alloc-2020_11731957_EAST CANYON-2020-06-24,2020_11731957_EAST CANYON,East Canyon,CO,2020,2020-06-24,2020-06-25,54.0,54.0,11,12
alloc-2020_11732798_GOOD-2020-06-11,2020_11732798_GOOD,Turkey,NM,2020,2020-06-11,2020-06-12,34.0,20.0,4,37
alloc-2020_11732798_GOOD-2020-06-17,2020_11732798_GOOD,Good,NM,2020,2020-06-17,2020-06-18,1.0,1.0,10,37
alloc-2020_11732798_GOOD-2020-06-23,2020_11732798_GOOD,Good,NM,2020,2020-06-23,2020-06-24,1.0,1.0,16,37
alloc-2020_11732798_GOOD-2020-06-30,2020_11732798_GOOD,Good,NM,2020,2020-06-30,2020-07-01,17.0,19.0,23,37
alloc-2020_11732798_GOOD-2020-07-06,2020_11732798_GOOD,Good,NM,2020,2020-07-06,2020-07-07,1.0,1.0,29,37
alloc-2020_11732798_GOOD-2020-07-13,2020_11732798_GOOD,Good,NM,2020,2020-07-13,2020-07-14,1.0,1.0,36,37
alloc-2020_11733300_TADPOLE-2020-06-09,2020_11733300_TADPOLE,Tadpole,NM,2020,2020-06-09,2020-06-10,110.0,79.0,4,36
alloc-2020_11733300_TADPOLE-2020-06-15,2020_11733300_TADPOLE,Tadpole,NM,2020,2020-06-15,2020-06-16,78.0,112.0,10,36
alloc-2020_11733300_TADPOLE-2020-06-21,2020_11733300_TADPOLE,Tadpole,NM,2020,2020-06-21,2020-06-22,78.0,68.0,16,36
alloc-2020_11733300_TADPOLE-2020-06-27,2020_11733300_TADPOLE,Tadpole,NM,2020,2020-06-27,2020-06-28,49.0,82.0,22,36
alloc-2020_11733300_TADPOLE-2020-07-03,2020_11733300_TADPOLE,Tadpole,NM,2020,2020-07-03,2020-07-04,24.0,26.0,28,36
alloc-2020_11733300_TADPOLE-2020-07-10,2020_11733300_TADPOLE,Tadpole,NM,2020,2020-07-10,2020-07-11,19.0,18.0,35,36
alloc-2020_11734918_TWIN-2020-06-29,2020_11734918_TWIN,Twin,NV,2020,2020-06-29,2020-06-30,141.0,141.0,4,11
alloc-2020_11734918_TWIN-2020-06-30,2020_11734918_TWIN,Twin,NV,2020,2020-06-30,2020-07-01,112.0,141.0,5,11
alloc-2020_11734918_TWIN-2020-07-01,2020_11734918_TWIN,Twin,NV,2020,2020-07-01,2020-07-02,54.0,112.0,6,11
alloc-2020_11734918_TWIN-2020-07-02,2020_11734918_TWIN,Twin,NV,2020,2020-07-02,2020-07-03,53.0,54.0,7,11
alloc-2020_11734918_TWIN-2020-07-03,2020_11734918_TWIN,Twin,NV,2020,2020-07-03,2020-07-04,8.0,53.0,8,11
alloc-2020_11734918_TWIN-2020-07-05,2020_11734918_TWIN,Twin,NV,2020,2020-07-05,2020-07-06,8.0,14.0,10,11
alloc-2020_11739703_CEDAR-2020-07-22,2020_11739703_CEDAR,Cedar,NV,2020,2020-07-22,2020-07-23,129.0,141.0,4,16
alloc-2020_11739703_CEDAR-2020-07-24,2020_11739703_CEDAR,Cedar,NV,2020,2020-07-24,2020-07-25,123.0,127.0,6,16
alloc-2020_11739703_CEDAR-2020-07-26,2020_11739703_CEDAR,Cedar,NV,2020,2020-07-26,2020-07-27,72.0,123.0,8,16
alloc-2020_11739703_CEDAR-2020-07-28,2020_11739703_CEDAR,Cedar,NV,2020,2020-07-28,2020-07-29,48.0,71.0,10,16
alloc-2020_11739703_CEDAR-2020-07-30,2020_11739703_CEDAR,Cedar,NV,2020,2020-07-30,2020-07-31,26.0,24.0,12,16
alloc-2020_11739703_CEDAR-2020-08-02,2020_11739703_CEDAR,Cedar,NV,2020,2020-08-02,2020-08-03,0.0,1.0,15,16
alloc-2020_11745720_CHIKAMIN-2020-08-06,2020_11745720_CHIKAMIN,CHIKAMIN,WA,2020,2020-08-06,2020-08-07,98.0,154.0,4,12
alloc-2020_11745720_CHIKAMIN-2020-08-07,2020_11745720_CHIKAMIN,CHIKAMIN,WA,2020,2020-08-07,2020-08-08,98.0,98.0,5,12
alloc-2020_11745720_CHIKAMIN-2020-08-08,2020_11745720_CHIKAMIN,CHIKAMIN,WA,2020,2020-08-08,2020-08-09,86.0,98.0,6,12
alloc-2020_11745720_CHIKAMIN-2020-08-10,2020_11745720_CHIKAMIN,CHIKAMIN,WA,2020,2020-08-10,2020-08-11,88.0,90.0,8,12
alloc-2020_11745720_CHIKAMIN-2020-08-11,2020_11745720_CHIKAMIN,CHIKAMIN,WA,2020,2020-08-11,2020-08-12,120.0,88.0,9,12
alloc-2020_11745720_CHIKAMIN-2020-08-13,2020_11745720_CHIKAMIN,CHIKAMIN,WA,2020,2020-08-13,2020-08-14,100.0,120.0,11,12
alloc-2020_11746793_UPPER PROVO-2020-08-03,2020_11746793_UPPER PROVO,Upper Provo,UT,2020,2020-08-03,2020-08-04,110.0,118.0,4,15
alloc-2020_11746793_UPPER PROVO-2020-08-05,2020_11746793_UPPER PROVO,Upper Provo,UT,2020,2020-08-05,2020-08-06,140.0,110.0,6,15
alloc-2020_11746793_UPPER PROVO-2020-08-07,2020_11746793_UPPER PROVO,Upper Provo,UT,2020,2020-08-07,2020-08-08,125.0,135.0,8,15
alloc-2020_11746793_UPPER PROVO-2020-08-09,2020_11746793_UPPER PROVO,Upper Provo,UT,2020,2020-08-09,2020-08-10,94.0,98.0,10,15
alloc-2020_11746793_UPPER PROVO-2020-08-11,2020_11746793_UPPER PROVO,Upper Provo,UT,2020,2020-08-11,2020-08-12,60.0,60.0,12,15
alloc-2020_11746793_UPPER PROVO-2020-08-13,2020_11746793_UPPER PROVO,Upper Provo,UT,2020,2020-08-13,2020-08-14,25.0,60.0,14,15
alloc-2020_11755341_BISHOP-2020-08-01,2020_11755341_BISHOP,Bishop,NV,2020,2020-08-01,2020-08-02,207.0,168.0,4,11
alloc-2020_11755341_BISHOP-2020-08-02,2020_11755341_BISHOP,Bishop,NV,2020,2020-08-02,2020-08-03,213.0,207.0,5,11
alloc-2020_11755341_BISHOP-2020-08-03,2020_11755341_BISHOP,Bishop,NV,2020,2020-08-03,2020-08-04,194.0,213.0,6,11
alloc-2020_11755341_BISHOP-2020-08-04,2020_11755341_BISHOP,Bishop,NV,2020,2020-08-04,2020-08-05,145.0,194.0,7,11
alloc-2020_11755341_BISHOP-2020-08-05,2020_11755341_BISHOP,Bishop,NV,2020,2020-08-05,2020-08-06,151.0,145.0,8,11
alloc-2020_11755341_BISHOP-2020-08-07,2020_11755341_BISHOP,Bishop,NV,2020,2020-08-07,2020-08-08,59.0,129.0,10,11
alloc-2020_11758289_POLLES-2020-07-08,2020_11758289_POLLES,Polles,AZ,2020,2020-07-08,2020-07-09,223.0,246.0,4,12
alloc-2020_11758289_POLLES-2020-07-09,2020_11758289_POLLES,Polles,AZ,2020,2020-07-09,2020-07-10,99.0,223.0,5,12
alloc-2020_11758289_POLLES-2020-07-10,2020_11758289_POLLES,Polles,AZ,2020,2020-07-10,2020-07-11,118.0,99.0,6,12
alloc-2020_11758289_POLLES-2020-07-12,2020_11758289_POLLES,Polles,AZ,2020,2020-07-12,2020-07-13,130.0,131.0,8,12
alloc-2020_11758289_POLLES-2020-07-13,2020_11758289_POLLES,Polles,AZ,2020,2020-07-13,2020-07-14,155.0,130.0,9,12
alloc-2020_11758289_POLLES-2020-07-15,2020_11758289_POLLES,Polles,AZ,2020,2020-07-15,2020-07-16,98.0,124.0,11,12
alloc-2020_11758807_MAHOGANY-2020-07-01,2020_11758807_MAHOGANY,MAHOGANY,NV,2020,2020-07-01,2020-07-02,194.0,192.0,4,17
alloc-2020_11758807_MAHOGANY-2020-07-03,2020_11758807_MAHOGANY,MAHOGANY,NV,2020,2020-07-03,2020-07-04,201.0,200.0,6,17
alloc-2020_11758807_MAHOGANY-2020-07-05,2020_11758807_MAHOGANY,MAHOGANY,NV,2020,2020-07-05,2020-07-06,101.0,188.0,8,17
alloc-2020_11758807_MAHOGANY-2020-07-08,2020_11758807_MAHOGANY,MAHOGANY,NV,2020,2020-07-08,2020-07-09,38.0,64.0,11,17
alloc-2020_11758807_MAHOGANY-2020-07-10,2020_11758807_MAHOGANY,MAHOGANY,NV,2020,2020-07-10,2020-07-11,22.0,43.0,13,17
alloc-2020_11758807_MAHOGANY-2020-07-13,2020_11758807_MAHOGANY,MAHOGANY,NV,2020,2020-07-13,2020-07-14,21.0,17.0,16,17
alloc-2020_11760471_MONARCH-2020-07-26,2020_11760471_MONARCH,Monarch,TX,2020,2020-07-26,2020-07-27,28.0,20.0,4,12
alloc-2020_11760471_MONARCH-2020-07-27,2020_11760471_MONARCH,Monarch,TX,2020,2020-07-27,2020-07-28,20.0,28.0,5,12
alloc-2020_11760471_MONARCH-2020-07-28,2020_11760471_MONARCH,Monarch,TX,2020,2020-07-28,2020-07-29,17.0,20.0,6,12
alloc-2020_11760471_MONARCH-2020-07-30,2020_11760471_MONARCH,Monarch,TX,2020,2020-07-30,2020-07-31,15.0,15.0,8,12
alloc-2020_11760471_MONARCH-2020-07-31,2020_11760471_MONARCH,Monarch,TX,2020,2020-07-31,2020-08-01,15.0,15.0,9,12
alloc-2020_11760471_MONARCH-2020-08-02,2020_11760471_MONARCH,Monarch,TX,2020,2020-08-02,2020-08-03,10.0,12.0,11,12
alloc-2020_11761034_CUB-2020-07-02,2020_11761034_CUB,Cub,NM,2020,2020-07-02,2020-07-03,1.0,1.0,4,21
alloc-2020_11761034_CUB-2020-07-05,2020_11761034_CUB,Cub,NM,2020,2020-07-05,2020-07-06,1.0,4.0,7,21
alloc-2020_11761034_CUB-2020-07-08,2020_11761034_CUB,Cub,NM,2020,2020-07-08,2020-07-09,5.0,5.0,10,21
alloc-2020_11761034_CUB-2020-07-11,2020_11761034_CUB,Cub,NM,2020,2020-07-11,2020-07-12,27.0,26.0,13,21
alloc-2020_11761034_CUB-2020-07-14,2020_11761034_CUB,Cub,NM,2020,2020-07-14,2020-07-15,35.0,20.0,16,21
alloc-2020_11761034_CUB-2020-07-18,2020_11761034_CUB,Cub,NM,2020,2020-07-18,2020-07-19,26.0,48.0,20,21
alloc-2020_11761909_GOOSE CREEK-2020-07-02,2020_11761909_GOOSE CREEK,Goose Creek,CO,2020,2020-07-02,2020-07-03,46.0,100.0,4,13
alloc-2020_11761909_GOOSE CREEK-2020-07-03,2020_11761909_GOOSE CREEK,Goose Creek,CO,2020,2020-07-03,2020-07-04,44.0,46.0,5,13
alloc-2020_11761909_GOOSE CREEK-2020-07-05,2020_11761909_GOOSE CREEK,Goose Creek,CO,2020,2020-07-05,2020-07-06,24.0,19.0,7,13
alloc-2020_11761909_GOOSE CREEK-2020-07-06,2020_11761909_GOOSE CREEK,Goose Creek,CO,2020,2020-07-06,2020-07-07,19.0,24.0,8,13
alloc-2020_11761909_GOOSE CREEK-2020-07-08,2020_11761909_GOOSE CREEK,Goose Creek,CO,2020,2020-07-08,2020-07-09,18.0,18.0,10,13
alloc-2020_11761909_GOOSE CREEK-2020-07-10,2020_11761909_GOOSE CREEK,Goose Creek,CO,2020,2020-07-10,2020-07-11,20.0,21.0,12,13
alloc-2020_11766300_WORTHINGTON-2020-08-03,2020_11766300_WORTHINGTON,Worthington,OR,2020,2020-08-03,2020-08-04,284.0,406.0,4,12
alloc-2020_11766300_WORTHINGTON-2020-08-04,2020_11766300_WORTHINGTON,Worthington,OR,2020,2020-08-04,2020-08-05,167.0,284.0,5,12
alloc-2020_11766300_WORTHINGTON-2020-08-05,2020_11766300_WORTHINGTON,Worthington,OR,2020,2020-08-05,2020-08-06,144.0,167.0,6,12
alloc-2020_11766300_WORTHINGTON-2020-08-07,2020_11766300_WORTHINGTON,Worthington,OR,2020,2020-08-07,2020-08-08,184.0,210.0,8,12
alloc-2020_11766300_WORTHINGTON-2020-08-08,2020_11766300_WORTHINGTON,Worthington,OR,2020,2020-08-08,2020-08-09,152.0,184.0,9,12
alloc-2020_11766300_WORTHINGTON-2020-08-10,2020_11766300_WORTHINGTON,Worthington,OR,2020,2020-08-10,2020-08-11,74.0,84.0,11,12
alloc-2020_11771025_DARK CANYON-2020-08-11,2020_11771025_DARK CANYON,DARK CANYON,NM,2020,2020-08-11,2020-08-12,15.0,15.0,4,13
alloc-2020_11771025_DARK CANYON-2020-08-12,2020_11771025_DARK CANYON,DARK CANYON,NM,2020,2020-08-12,2020-08-13,62.0,15.0,5,13
alloc-2020_11771025_DARK CANYON-2020-08-14,2020_11771025_DARK CANYON,DARK CANYON,NM,2020,2020-08-14,2020-08-15,62.0,62.0,7,13
alloc-2020_11771025_DARK CANYON-2020-08-15,2020_11771025_DARK CANYON,DARK CANYON,NM,2020,2020-08-15,2020-08-16,63.0,62.0,8,13
alloc-2020_11771025_DARK CANYON-2020-08-17,2020_11771025_DARK CANYON,DARK CANYON,NM,2020,2020-08-17,2020-08-18,48.0,48.0,10,13
alloc-2020_11771025_DARK CANYON-2020-08-19,2020_11771025_DARK CANYON,DARK CANYON,NM,2020,2020-08-19,2020-08-20,7.0,28.0,12,13
alloc-2020_11771435_PUMPKIN-2020-08-10,2020_11771435_PUMPKIN,PUMPKIN,ID,2020,2020-08-10,2020-08-11,123.0,155.0,4,13
alloc-2020_11771435_PUMPKIN-2020-08-11,2020_11771435_PUMPKIN,PUMPKIN,ID,2020,2020-08-11,2020-08-12,130.0,123.0,5,13
alloc-2020_11771435_PUMPKIN-2020-08-13,2020_11771435_PUMPKIN,PUMPKIN,ID,2020,2020-08-13,2020-08-14,150.0,145.0,7,13
alloc-2020_11771435_PUMPKIN-2020-08-14,2020_11771435_PUMPKIN,PUMPKIN,ID,2020,2020-08-14,2020-08-15,110.0,150.0,8,13
alloc-2020_11771435_PUMPKIN-2020-08-16,2020_11771435_PUMPKIN,PUMPKIN,ID,2020,2020-08-16,2020-08-17,87.0,79.0,10,13
alloc-2020_11771435_PUMPKIN-2020-08-18,2020_11771435_PUMPKIN,PUMPKIN,ID,2020,2020-08-18,2020-08-19,17.0,87.0,12,13
alloc-2020_11776240_PINE GULCH-2020-08-04,2020_11776240_PINE GULCH,Pine Gulch,CO,2020,2020-08-04,2020-08-05,140.0,97.0,4,53
alloc-2020_11776240_PINE GULCH-2020-08-13,2020_11776240_PINE GULCH,Pine Gulch,CO,2020,2020-08-13,2020-08-14,358.0,366.0,13,53
alloc-2020_11776240_PINE GULCH-2020-08-23,2020_11776240_PINE GULCH,Pine Gulch,CO,2020,2020-08-23,2020-08-24,311.0,299.0,23,53
alloc-2020_11776240_PINE GULCH-2020-09-01,2020_11776240_PINE GULCH,Pine Gulch,CO,2020,2020-09-01,2020-09-02,177.0,230.0,32,53
alloc-2020_11776240_PINE GULCH-2020-09-11,2020_11776240_PINE GULCH,Pine Gulch,CO,2020,2020-09-11,2020-09-12,39.0,68.0,42,53
alloc-2020_11776240_PINE GULCH-2020-09-21,2020_11776240_PINE GULCH,Pine Gulch,CO,2020,2020-09-21,2020-09-22,4.0,16.0,52,53
alloc-2020_11779064_BEAR CREEK-2020-08-14,2020_11779064_BEAR CREEK,Bear Creek,MT,2020,2020-08-14,2020-08-15,140.0,124.0,4,27
alloc-2020_11779064_BEAR CREEK-2020-08-18,2020_11779064_BEAR CREEK,Bear Creek,MT,2020,2020-08-18,2020-08-19,170.0,159.0,8,27
alloc-2020_11779064_BEAR CREEK-2020-08-22,2020_11779064_BEAR CREEK,Bear Creek,MT,2020,2020-08-22,2020-08-23,138.0,134.0,12,27
alloc-2020_11779064_BEAR CREEK-2020-08-27,2020_11779064_BEAR CREEK,Bear Creek,MT,2020,2020-08-27,2020-08-28,59.0,76.0,17,27
alloc-2020_11779064_BEAR CREEK-2020-08-31,2020_11779064_BEAR CREEK,Bear Creek,MT,2020,2020-08-31,2020-09-01,15.0,15.0,21,27
alloc-2020_11779064_BEAR CREEK-2020-09-05,2020_11779064_BEAR CREEK,Bear Creek,MT,2020,2020-09-05,2020-09-06,29.0,7.0,26,27
alloc-2020_11782951_HIGH BULL-2020-08-14,2020_11782951_HIGH BULL,High Bull,SD,2020,2020-08-14,2020-08-15,4.0,4.0,4,14
alloc-2020_11782951_HIGH BULL-2020-08-15,2020_11782951_HIGH BULL,High Bull,SD,2020,2020-08-15,2020-08-16,4.0,4.0,5,14
alloc-2020_11782951_HIGH BULL-2020-08-17,2020_11782951_HIGH BULL,High Bull,SD,2020,2020-08-17,2020-08-18,4.0,10.0,7,14
alloc-2020_11782951_HIGH BULL-2020-08-19,2020_11782951_HIGH BULL,High Bull,SD,2020,2020-08-19,2020-08-20,9.0,10.0,9,14
alloc-2020_11782951_HIGH BULL-2020-08-21,2020_11782951_HIGH BULL,High Bull,SD,2020,2020-08-21,2020-08-22,9.0,9.0,11,14
alloc-2020_11782951_HIGH BULL-2020-08-23,2020_11782951_HIGH BULL,High Bull,SD,2020,2020-08-23,2020-08-24,9.0,9.0,13,14
alloc-2020_11783977_CASSADORE SPRINGS-2020-08-06,2020_11783977_CASSADORE SPRINGS,Cassadore Springs,AZ,2020,2020-08-06,2020-08-07,117.0,107.0,4,15
alloc-2020_11783977_CASSADORE SPRINGS-2020-08-08,2020_11783977_CASSADORE SPRINGS,Cassadore Springs,AZ,2020,2020-08-08,2020-08-09,117.0,117.0,6,15
alloc-2020_11783977_CASSADORE SPRINGS-2020-08-10,2020_11783977_CASSADORE SPRINGS,Cassadore Springs,AZ,2020,2020-08-10,2020-08-11,126.0,117.0,8,15
alloc-2020_11783977_CASSADORE SPRINGS-2020-08-12,2020_11783977_CASSADORE SPRINGS,Cassadore Springs,AZ,2020,2020-08-12,2020-08-13,85.0,120.0,10,15
alloc-2020_11783977_CASSADORE SPRINGS-2020-08-14,2020_11783977_CASSADORE SPRINGS,Cassadore Springs,AZ,2020,2020-08-14,2020-08-15,48.0,56.0,12,15
alloc-2020_11783977_CASSADORE SPRINGS-2020-08-16,2020_11783977_CASSADORE SPRINGS,Cassadore Springs,AZ,2020,2020-08-16,2020-08-17,8.0,8.0,14,15
alloc-2020_11787540_LOST-2020-08-05,2020_11787540_LOST,Lost,NV,2020,2020-08-05,2020-08-06,180.0,182.0,4,10
alloc-2020_11787540_LOST-2020-08-06,2020_11787540_LOST,Lost,NV,2020,2020-08-06,2020-08-07,136.0,180.0,5,10
alloc-2020_11787540_LOST-2020-08-07,2020_11787540_LOST,Lost,NV,2020,2020-08-07,2020-08-08,94.0,136.0,6,10
alloc-2020_11787540_LOST-2020-08-08,2020_11787540_LOST,Lost,NV,2020,2020-08-08,2020-08-09,36.0,94.0,7,10
alloc-2020_11787540_LOST-2020-08-09,2020_11787540_LOST,Lost,NV,2020,2020-08-09,2020-08-10,31.0,36.0,8,10
alloc-2020_11787540_LOST-2020-08-10,2020_11787540_LOST,Lost,NV,2020,2020-08-10,2020-08-11,4.0,31.0,9,10
alloc-2020_11789031_GRIZZLY CREEK-2020-08-14,2020_11789031_GRIZZLY CREEK,Grizzly Creek,CO,2020,2020-08-14,2020-08-15,263.0,242.0,4,50
alloc-2020_11789031_GRIZZLY CREEK-2020-08-23,2020_11789031_GRIZZLY CREEK,Grizzly Creek,CO,2020,2020-08-23,2020-08-24,382.0,408.0,13,50
alloc-2020_11789031_GRIZZLY CREEK-2020-09-01,2020_11789031_GRIZZLY CREEK,Grizzly Creek,CO,2020,2020-09-01,2020-09-02,223.0,205.0,22,50
alloc-2020_11789031_GRIZZLY CREEK-2020-09-10,2020_11789031_GRIZZLY CREEK,Grizzly Creek,CO,2020,2020-09-10,2020-09-11,32.0,48.0,31,50
alloc-2020_11789031_GRIZZLY CREEK-2020-09-19,2020_11789031_GRIZZLY CREEK,Grizzly Creek,CO,2020,2020-09-19,2020-09-20,10.0,10.0,40,50
alloc-2020_11789031_GRIZZLY CREEK-2020-09-28,2020_11789031_GRIZZLY CREEK,Grizzly Creek,CO,2020,2020-09-28,2020-09-29,13.0,13.0,49,50
alloc-2020_11791612_BIG SUMMIT-2020-07-16,2020_11791612_BIG SUMMIT,Big Summit,NV,2020,2020-07-16,2020-07-17,133.0,170.0,4,10
alloc-2020_11791612_BIG SUMMIT-2020-07-17,2020_11791612_BIG SUMMIT,Big Summit,NV,2020,2020-07-17,2020-07-18,212.0,133.0,5,10
alloc-2020_11791612_BIG SUMMIT-2020-07-18,2020_11791612_BIG SUMMIT,Big Summit,NV,2020,2020-07-18,2020-07-19,248.0,212.0,6,10
alloc-2020_11791612_BIG SUMMIT-2020-07-19,2020_11791612_BIG SUMMIT,Big Summit,NV,2020,2020-07-19,2020-07-20,261.0,248.0,7,10
alloc-2020_11791612_BIG SUMMIT-2020-07-20,2020_11791612_BIG SUMMIT,Big Summit,NV,2020,2020-07-20,2020-07-21,187.0,261.0,8,10
alloc-2020_11791612_BIG SUMMIT-2020-07-21,2020_11791612_BIG SUMMIT,Big Summit,NV,2020,2020-07-21,2020-07-22,108.0,187.0,9,10
alloc-2020_11792229_FAWN CREEK-2020-07-17,2020_11792229_FAWN CREEK,FAWN CREEK,CO,2020,2020-07-17,2020-07-18,161.0,141.0,4,10
alloc-2020_11792229_FAWN CREEK-2020-07-18,2020_11792229_FAWN CREEK,FAWN CREEK,CO,2020,2020-07-18,2020-07-19,86.0,161.0,5,10
alloc-2020_11792229_FAWN CREEK-2020-07-19,2020_11792229_FAWN CREEK,FAWN CREEK,CO,2020,2020-07-19,2020-07-20,33.0,86.0,6,10
alloc-2020_11792229_FAWN CREEK-2020-07-20,2020_11792229_FAWN CREEK,FAWN CREEK,CO,2020,2020-07-20,2020-07-21,33.0,33.0,7,10
alloc-2020_11792229_FAWN CREEK-2020-07-21,2020_11792229_FAWN CREEK,FAWN CREEK,CO,2020,2020-07-21,2020-07-22,22.0,33.0,8,10
alloc-2020_11792229_FAWN CREEK-2020-07-22,2020_11792229_FAWN CREEK,FAWN CREEK,CO,2020,2020-07-22,2020-07-23,3.0,22.0,9,10
alloc-2020_11795427_VEYO WEST-2020-07-16,2020_11795427_VEYO WEST,Veyo West,UT,2020,2020-07-16,2020-07-17,84.0,80.0,4,11
alloc-2020_11795427_VEYO WEST-2020-07-17,2020_11795427_VEYO WEST,Veyo West,UT,2020,2020-07-17,2020-07-18,87.0,84.0,5,11
alloc-2020_11795427_VEYO WEST-2020-07-18,2020_11795427_VEYO WEST,Veyo West,UT,2020,2020-07-18,2020-07-19,32.0,87.0,6,11
alloc-2020_11795427_VEYO WEST-2020-07-19,2020_11795427_VEYO WEST,Veyo West,UT,2020,2020-07-19,2020-07-20,32.0,32.0,7,11
alloc-2020_11795427_VEYO WEST-2020-07-20,2020_11795427_VEYO WEST,Veyo West,UT,2020,2020-07-20,2020-07-21,6.0,32.0,8,11
alloc-2020_11795427_VEYO WEST-2020-07-22,2020_11795427_VEYO WEST,Veyo West,UT,2020,2020-07-22,2020-07-23,5.0,10.0,10,11
alloc-2020_11797475_HIDDEN-2020-08-30,2020_11797475_HIDDEN,Hidden,AZ,2020,2020-08-30,2020-08-31,257.0,258.0,4,20
alloc-2020_11797475_HIDDEN-2020-09-02,2020_11797475_HIDDEN,Hidden,AZ,2020,2020-09-02,2020-09-03,215.0,259.0,7,20
alloc-2020_11797475_HIDDEN-2020-09-05,2020_11797475_HIDDEN,Hidden,AZ,2020,2020-09-05,2020-09-06,103.0,110.0,10,20
alloc-2020_11797475_HIDDEN-2020-09-08,2020_11797475_HIDDEN,Hidden,AZ,2020,2020-09-08,2020-09-09,57.0,92.0,13,20
alloc-2020_11797475_HIDDEN-2020-09-11,2020_11797475_HIDDEN,Hidden,AZ,2020,2020-09-11,2020-09-12,31.0,31.0,16,20
alloc-2020_11797475_HIDDEN-2020-09-14,2020_11797475_HIDDEN,Hidden,AZ,2020,2020-09-14,2020-09-15,29.0,29.0,19,20
alloc-2020_11797905_LONE STAR-2020-08-26,2020_11797905_LONE STAR,Lone Star,WY,2020,2020-08-26,2020-08-27,23.0,23.0,4,35
alloc-2020_11797905_LONE STAR-2020-09-01,2020_11797905_LONE STAR,Lone Star,WY,2020,2020-09-01,2020-09-02,25.0,25.0,10,35
alloc-2020_11797905_LONE STAR-2020-09-07,2020_11797905_LONE STAR,Lone Star,WY,2020,2020-09-07,2020-09-08,16.0,20.0,16,35
alloc-2020_11797905_LONE STAR-2020-09-13,2020_11797905_LONE STAR,Lone Star,WY,2020,2020-09-13,2020-09-14,17.0,18.0,22,35
alloc-2020_11797905_LONE STAR-2020-09-19,2020_11797905_LONE STAR,Lone Star,WY,2020,2020-09-19,2020-09-20,16.0,16.0,28,35
alloc-2020_11797905_LONE STAR-2020-09-25,2020_11797905_LONE STAR,Lone Star,WY,2020,2020-09-25,2020-09-26,9.0,13.0,34,35
alloc-2020_11800125_EVANS CANYON-2020-09-04,2020_11800125_EVANS CANYON,EVANS CANYON,WA,2020,2020-09-04,2020-09-05,243.0,240.0,4,11
alloc-2020_11800125_EVANS CANYON-2020-09-05,2020_11800125_EVANS CANYON,EVANS CANYON,WA,2020,2020-09-05,2020-09-06,189.0,243.0,5,11
alloc-2020_11800125_EVANS CANYON-2020-09-06,2020_11800125_EVANS CANYON,EVANS CANYON,WA,2020,2020-09-06,2020-09-07,145.0,189.0,6,11
alloc-2020_11800125_EVANS CANYON-2020-09-07,2020_11800125_EVANS CANYON,EVANS CANYON,WA,2020,2020-09-07,2020-09-08,166.0,145.0,7,11
alloc-2020_11800125_EVANS CANYON-2020-09-08,2020_11800125_EVANS CANYON,EVANS CANYON,WA,2020,2020-09-08,2020-09-09,92.0,166.0,8,11
alloc-2020_11800125_EVANS CANYON-2020-09-10,2020_11800125_EVANS CANYON,EVANS CANYON,WA,2020,2020-09-10,2020-09-11,69.0,84.0,10,11
alloc-2020_11808283_BUCK-2020-08-30,2020_11808283_BUCK,BUCK,ID,2020,2020-08-30,2020-08-31,120.0,109.0,4,37
alloc-2020_11808283_BUCK-2020-09-05,2020_11808283_BUCK,BUCK,ID,2020,2020-09-05,2020-09-06,102.0,102.0,10,37
alloc-2020_11808283_BUCK-2020-09-11,2020_11808283_BUCK,BUCK,ID,2020,2020-09-11,2020-09-12,74.0,73.0,16,37
alloc-2020_11808283_BUCK-2020-09-18,2020_11808283_BUCK,BUCK,ID,2020,2020-09-18,2020-09-19,102.0,115.0,23,37
alloc-2020_11808283_BUCK-2020-09-24,2020_11808283_BUCK,BUCK,ID,2020,2020-09-24,2020-09-25,96.0,96.0,29,37
alloc-2020_11808283_BUCK-2020-10-01,2020_11808283_BUCK,BUCK,ID,2020,2020-10-01,2020-10-02,15.0,22.0,36,37
alloc-2020_11810925_BOBCAT-2020-09-06,2020_11810925_BOBCAT,BobCat,MT,2020,2020-09-06,2020-09-07,154.0,161.0,4,12
alloc-2020_11810925_BOBCAT-2020-09-07,2020_11810925_BOBCAT,BobCat,MT,2020,2020-09-07,2020-09-08,135.0,154.0,5,12
alloc-2020_11810925_BOBCAT-2020-09-08,2020_11810925_BOBCAT,BobCat,MT,2020,2020-09-08,2020-09-09,171.0,135.0,6,12
alloc-2020_11810925_BOBCAT-2020-09-10,2020_11810925_BOBCAT,BobCat,MT,2020,2020-09-10,2020-09-11,94.0,124.0,8,12
alloc-2020_11810925_BOBCAT-2020-09-11,2020_11810925_BOBCAT,BobCat,MT,2020,2020-09-11,2020-09-12,62.0,94.0,9,12
alloc-2020_11810925_BOBCAT-2020-09-13,2020_11810925_BOBCAT,BobCat,MT,2020,2020-09-13,2020-09-14,21.0,44.0,11,12
alloc-2020_11813372_STATE CREEK-2020-09-10,2020_11813372_STATE CREEK,State Creek,MT,2020,2020-09-10,2020-09-11,115.0,77.0,4,12
alloc-2020_11813372_STATE CREEK-2020-09-11,2020_11813372_STATE CREEK,State Creek,MT,2020,2020-09-11,2020-09-12,115.0,115.0,5,12
alloc-2020_11813372_STATE CREEK-2020-09-12,2020_11813372_STATE CREEK,State Creek,MT,2020,2020-09-12,2020-09-13,91.0,115.0,6,12
alloc-2020_11813372_STATE CREEK-2020-09-14,2020_11813372_STATE CREEK,State Creek,MT,2020,2020-09-14,2020-09-15,53.0,91.0,8,12
alloc-2020_11813372_STATE CREEK-2020-09-15,2020_11813372_STATE CREEK,State Creek,MT,2020,2020-09-15,2020-09-16,31.0,53.0,9,12
alloc-2020_11813372_STATE CREEK-2020-09-17,2020_11813372_STATE CREEK,State Creek,MT,2020,2020-09-17,2020-09-18,11.0,30.0,11,12
alloc-2020_11814404_EAST FORK-2020-08-29,2020_11814404_EAST FORK,East Fork,CO,2020,2020-08-29,2020-08-30,64.0,88.0,4,17
alloc-2020_11814404_EAST FORK-2020-08-31,2020_11814404_EAST FORK,East Fork,CO,2020,2020-08-31,2020-09-01,49.0,62.0,6,17
alloc-2020_11814404_EAST FORK-2020-09-02,2020_11814404_EAST FORK,East Fork,CO,2020,2020-09-02,2020-09-03,26.0,31.0,8,17
alloc-2020_11814404_EAST FORK-2020-09-05,2020_11814404_EAST FORK,East Fork,CO,2020,2020-09-05,2020-09-06,19.0,19.0,11,17
alloc-2020_11814404_EAST FORK-2020-09-07,2020_11814404_EAST FORK,East Fork,CO,2020,2020-09-07,2020-09-08,15.0,15.0,13,17
alloc-2020_11814404_EAST FORK-2020-09-10,2020_11814404_EAST FORK,East Fork,CO,2020,2020-09-10,2020-09-11,6.0,15.0,16,17
alloc-2020_11820700_PORPHYRY-2020-09-17,2020_11820700_PORPHYRY,Porphyry,ID,2020,2020-09-17,2020-09-18,21.0,21.0,4,11
alloc-2020_11820700_PORPHYRY-2020-09-18,2020_11820700_PORPHYRY,Porphyry,ID,2020,2020-09-18,2020-09-19,21.0,21.0,5,11
alloc-2020_11820700_PORPHYRY-2020-09-19,2020_11820700_PORPHYRY,Porphyry,ID,2020,2020-09-19,2020-09-20,23.0,21.0,6,11
alloc-2020_11820700_PORPHYRY-2020-09-20,2020_11820700_PORPHYRY,Porphyry,ID,2020,2020-09-20,2020-09-21,23.0,23.0,7,11
alloc-2020_11820700_PORPHYRY-2020-09-21,2020_11820700_PORPHYRY,Porphyry,ID,2020,2020-09-21,2020-09-22,21.0,23.0,8,11
alloc-2020_11820700_PORPHYRY-2020-09-23,2020_11820700_PORPHYRY,Porphyry,ID,2020,2020-09-23,2020-09-24,31.0,31.0,10,11
alloc-2020_11821507_MEDICINE-2020-08-26,2020_11821507_MEDICINE,Medicine,AZ,2020,2020-08-26,2020-08-27,43.0,43.0,4,10
alloc-2020_11821507_MEDICINE-2020-08-27,2020_11821507_MEDICINE,Medicine,AZ,2020,2020-08-27,2020-08-28,70.0,43.0,5,10
alloc-2020_11821507_MEDICINE-2020-08-28,2020_11821507_MEDICINE,Medicine,AZ,2020,2020-08-28,2020-08-29,61.0,70.0,6,10
alloc-2020_11821507_MEDICINE-2020-08-29,2020_11821507_MEDICINE,Medicine,AZ,2020,2020-08-29,2020-08-30,70.0,61.0,7,10
alloc-2020_11821507_MEDICINE-2020-08-30,2020_11821507_MEDICINE,Medicine,AZ,2020,2020-08-30,2020-08-31,26.0,70.0,8,10
alloc-2020_11821507_MEDICINE-2020-08-31,2020_11821507_MEDICINE,Medicine,AZ,2020,2020-08-31,2020-09-01,6.0,26.0,9,10
alloc-2020_11822033_CENTER CREEK TRAIL-2020-09-15,2020_11822033_CENTER CREEK TRAIL,CENTER CREEK TRAIL,UT,2020,2020-09-15,2020-09-16,16.0,16.0,4,31
alloc-2020_11822033_CENTER CREEK TRAIL-2020-09-20,2020_11822033_CENTER CREEK TRAIL,CENTER CREEK TRAIL,UT,2020,2020-09-20,2020-09-21,12.0,12.0,9,31
alloc-2020_11822033_CENTER CREEK TRAIL-2020-09-25,2020_11822033_CENTER CREEK TRAIL,CENTER CREEK TRAIL,UT,2020,2020-09-25,2020-09-26,8.0,8.0,14,31
alloc-2020_11822033_CENTER CREEK TRAIL-2020-09-30,2020_11822033_CENTER CREEK TRAIL,CENTER CREEK TRAIL,UT,2020,2020-09-30,2020-10-01,6.0,5.0,19,31
alloc-2020_11822033_CENTER CREEK TRAIL-2020-10-05,2020_11822033_CENTER CREEK TRAIL,CENTER CREEK TRAIL,UT,2020,2020-10-05,2020-10-06,6.0,6.0,24,31
alloc-2020_11822033_CENTER CREEK TRAIL-2020-10-11,2020_11822033_CENTER CREEK TRAIL,CENTER CREEK TRAIL,UT,2020,2020-10-11,2020-10-12,6.0,6.0,30,31
alloc-2020_11823594_GREEN RIDGE 0684 CS-2020-08-21,2020_11823594_GREEN RIDGE 0684 CS,GREEN RIDGE 0684 CS,OR,2020,2020-08-21,2020-08-22,254.0,245.0,4,15
alloc-2020_11823594_GREEN RIDGE 0684 CS-2020-08-23,2020_11823594_GREEN RIDGE 0684 CS,GREEN RIDGE 0684 CS,OR,2020,2020-08-23,2020-08-24,411.0,335.0,6,15
alloc-2020_11823594_GREEN RIDGE 0684 CS-2020-08-25,2020_11823594_GREEN RIDGE 0684 CS,GREEN RIDGE 0684 CS,OR,2020,2020-08-25,2020-08-26,408.0,398.0,8,15
alloc-2020_11823594_GREEN RIDGE 0684 CS-2020-08-27,2020_11823594_GREEN RIDGE 0684 CS,GREEN RIDGE 0684 CS,OR,2020,2020-08-27,2020-08-28,336.0,388.0,10,15
alloc-2020_11823594_GREEN RIDGE 0684 CS-2020-08-29,2020_11823594_GREEN RIDGE 0684 CS,GREEN RIDGE 0684 CS,OR,2020,2020-08-29,2020-08-30,259.0,274.0,12,15
alloc-2020_11823594_GREEN RIDGE 0684 CS-2020-08-31,2020_11823594_GREEN RIDGE 0684 CS,GREEN RIDGE 0684 CS,OR,2020,2020-08-31,2020-09-01,69.0,161.0,14,15
alloc-2020_11824431_RIDGE-2020-08-21,2020_11824431_RIDGE,Ridge,AZ,2020,2020-08-21,2020-08-22,136.0,126.0,4,16
alloc-2020_11824431_RIDGE-2020-08-23,2020_11824431_RIDGE,Ridge,AZ,2020,2020-08-23,2020-08-24,118.0,152.0,6,16
alloc-2020_11824431_RIDGE-2020-08-25,2020_11824431_RIDGE,Ridge,AZ,2020,2020-08-25,2020-08-26,36.0,64.0,8,16
alloc-2020_11824431_RIDGE-2020-08-27,2020_11824431_RIDGE,Ridge,AZ,2020,2020-08-27,2020-08-28,36.0,36.0,10,16
alloc-2020_11824431_RIDGE-2020-08-29,2020_11824431_RIDGE,Ridge,AZ,2020,2020-08-29,2020-08-30,28.0,36.0,12,16
alloc-2020_11824431_RIDGE-2020-09-01,2020_11824431_RIDGE,Ridge,AZ,2020,2020-09-01,2020-09-02,3.0,3.0,15,16
alloc-2020_11829722_LOFER-2020-08-30,2020_11829722_LOFER,Lofer,AZ,2020,2020-08-30,2020-08-31,71.0,17.0,4,14
alloc-2020_11829722_LOFER-2020-08-31,2020_11829722_LOFER,Lofer,AZ,2020,2020-08-31,2020-09-01,67.0,71.0,5,14
alloc-2020_11829722_LOFER-2020-09-02,2020_11829722_LOFER,Lofer,AZ,2020,2020-09-02,2020-09-03,73.0,67.0,7,14
alloc-2020_11829722_LOFER-2020-09-04,2020_11829722_LOFER,Lofer,AZ,2020,2020-09-04,2020-09-05,71.0,72.0,9,14
alloc-2020_11829722_LOFER-2020-09-06,2020_11829722_LOFER,Lofer,AZ,2020,2020-09-06,2020-09-07,88.0,71.0,11,14
alloc-2020_11829722_LOFER-2020-09-08,2020_11829722_LOFER,Lofer,AZ,2020,2020-09-08,2020-09-09,78.0,84.0,13,14
alloc-2020_11830101_GRIFFIN-2020-08-30,2020_11830101_GRIFFIN,Griffin,AZ,2020,2020-08-30,2020-08-31,159.0,133.0,4,11
alloc-2020_11830101_GRIFFIN-2020-08-31,2020_11830101_GRIFFIN,Griffin,AZ,2020,2020-08-31,2020-09-01,195.0,159.0,5,11
alloc-2020_11830101_GRIFFIN-2020-09-01,2020_11830101_GRIFFIN,Griffin,AZ,2020,2020-09-01,2020-09-02,148.0,195.0,6,11
alloc-2020_11830101_GRIFFIN-2020-09-02,2020_11830101_GRIFFIN,Griffin,AZ,2020,2020-09-02,2020-09-03,155.0,148.0,7,11
alloc-2020_11830101_GRIFFIN-2020-09-03,2020_11830101_GRIFFIN,Griffin,AZ,2020,2020-09-03,2020-09-04,80.0,155.0,8,11
alloc-2020_11830101_GRIFFIN-2020-09-05,2020_11830101_GRIFFIN,Griffin,AZ,2020,2020-09-05,2020-09-06,6.0,6.0,10,11
alloc-2020_11830627_PALMER-2020-08-23,2020_11830627_PALMER,PALMER,WA,2020,2020-08-23,2020-08-24,348.0,244.0,4,15
alloc-2020_11830627_PALMER-2020-08-25,2020_11830627_PALMER,PALMER,WA,2020,2020-08-25,2020-08-26,317.0,321.0,6,15
alloc-2020_11830627_PALMER-2020-08-27,2020_11830627_PALMER,PALMER,WA,2020,2020-08-27,2020-08-28,190.0,241.0,8,15
alloc-2020_11830627_PALMER-2020-08-29,2020_11830627_PALMER,PALMER,WA,2020,2020-08-29,2020-08-30,18.0,114.0,10,15
alloc-2020_11830627_PALMER-2020-08-31,2020_11830627_PALMER,PALMER,WA,2020,2020-08-31,2020-09-01,18.0,18.0,12,15
alloc-2020_11830627_PALMER-2020-09-02,2020_11830627_PALMER,PALMER,WA,2020,2020-09-02,2020-09-03,17.0,17.0,14,15
alloc-2020_11831221_COPELAND-2020-08-22,2020_11831221_COPELAND,Copeland,ID,2020,2020-08-22,2020-08-23,114.0,120.0,4,16
alloc-2020_11831221_COPELAND-2020-08-24,2020_11831221_COPELAND,Copeland,ID,2020,2020-08-24,2020-08-25,49.0,89.0,6,16
alloc-2020_11831221_COPELAND-2020-08-26,2020_11831221_COPELAND,Copeland,ID,2020,2020-08-26,2020-08-27,29.0,35.0,8,16
alloc-2020_11831221_COPELAND-2020-08-28,2020_11831221_COPELAND,Copeland,ID,2020,2020-08-28,2020-08-29,21.0,29.0,10,16
alloc-2020_11831221_COPELAND-2020-08-30,2020_11831221_COPELAND,Copeland,ID,2020,2020-08-30,2020-08-31,21.0,21.0,12,16
alloc-2020_11831221_COPELAND-2020-09-02,2020_11831221_COPELAND,Copeland,ID,2020,2020-09-02,2020-09-03,21.0,21.0,15,16
alloc-2020_11832454_SUPERSTITION-2020-08-24,2020_11832454_SUPERSTITION,Superstition,AZ,2020,2020-08-24,2020-08-25,15.0,15.0,4,14
alloc-2020_11832454_SUPERSTITION-2020-08-25,2020_11832454_SUPERSTITION,Superstition,AZ,2020,2020-08-25,2020-08-26,127.0,15.0,5,14
alloc-2020_11832454_SUPERSTITION-2020-08-27,2020_11832454_SUPERSTITION,Superstition,AZ,2020,2020-08-27,2020-08-28,66.0,144.0,7,14
alloc-2020_11832454_SUPERSTITION-2020-08-29,2020_11832454_SUPERSTITION,Superstition,AZ,2020,2020-08-29,2020-08-30,91.0,85.0,9,14
alloc-2020_11832454_SUPERSTITION-2020-08-31,2020_11832454_SUPERSTITION,Superstition,AZ,2020,2020-08-31,2020-09-01,25.0,25.0,11,14
alloc-2020_11832454_SUPERSTITION-2020-09-02,2020_11832454_SUPERSTITION,Superstition,AZ,2020,2020-09-02,2020-09-03,25.0,25.0,13,14
alloc-2020_11832726_EAST FORK-2020-08-25,2020_11832726_EAST FORK,EAST FORK,UT,2020,2020-08-25,2020-08-26,77.0,74.0,4,74
alloc-2020_11832726_EAST FORK-2020-09-07,2020_11832726_EAST FORK,EAST FORK,UT,2020,2020-09-07,2020-09-08,61.0,69.0,17,74
alloc-2020_11832726_EAST FORK-2020-09-21,2020_11832726_EAST FORK,EAST FORK,UT,2020,2020-09-21,2020-09-22,89.0,84.0,31,74
alloc-2020_11832726_EAST FORK-2020-10-05,2020_11832726_EAST FORK,EAST FORK,UT,2020,2020-10-05,2020-10-06,159.0,164.0,45,74
alloc-2020_11832726_EAST FORK-2020-10-19,2020_11832726_EAST FORK,EAST FORK,UT,2020,2020-10-19,2020-10-20,143.0,149.0,59,74
alloc-2020_11832726_EAST FORK-2020-11-02,2020_11832726_EAST FORK,EAST FORK,UT,2020,2020-11-02,2020-11-03,37.0,37.0,73,74
alloc-2020_11835746_BEAVER-2020-09-06,2020_11835746_BEAVER,Beaver,ID,2020,2020-09-06,2020-09-07,83.0,63.0,4,18
alloc-2020_11835746_BEAVER-2020-09-08,2020_11835746_BEAVER,Beaver,ID,2020,2020-09-08,2020-09-09,65.0,65.0,6,18
alloc-2020_11835746_BEAVER-2020-09-11,2020_11835746_BEAVER,Beaver,ID,2020,2020-09-11,2020-09-12,74.0,75.0,9,18
alloc-2020_11835746_BEAVER-2020-09-13,2020_11835746_BEAVER,Beaver,ID,2020,2020-09-13,2020-09-14,87.0,93.0,11,18
alloc-2020_11835746_BEAVER-2020-09-16,2020_11835746_BEAVER,Beaver,ID,2020,2020-09-16,2020-09-17,70.0,77.0,14,18
alloc-2020_11835746_BEAVER-2020-09-19,2020_11835746_BEAVER,Beaver,ID,2020,2020-09-19,2020-09-20,23.0,39.0,17,18
alloc-2020_11836997_ROCKHOUSE-2020-09-08,2020_11836997_ROCKHOUSE,Rockhouse,AZ,2020,2020-09-08,2020-09-09,43.0,43.0,4,10
alloc-2020_11836997_ROCKHOUSE-2020-09-09,2020_11836997_ROCKHOUSE,Rockhouse,AZ,2020,2020-09-09,2020-09-10,14.0,43.0,5,10
alloc-2020_11836997_ROCKHOUSE-2020-09-10,2020_11836997_ROCKHOUSE,Rockhouse,AZ,2020,2020-09-10,2020-09-11,14.0,14.0,6,10
alloc-2020_11836997_ROCKHOUSE-2020-09-11,2020_11836997_ROCKHOUSE,Rockhouse,AZ,2020,2020-09-11,2020-09-12,8.0,14.0,7,10
alloc-2020_11836997_ROCKHOUSE-2020-09-12,2020_11836997_ROCKHOUSE,Rockhouse,AZ,2020,2020-09-12,2020-09-13,8.0,8.0,8,10
alloc-2020_11836997_ROCKHOUSE-2020-09-13,2020_11836997_ROCKHOUSE,Rockhouse,AZ,2020,2020-09-13,2020-09-14,2.0,8.0,9,10
alloc-2020_11837476_LIONSHEAD-2020-08-22,2020_11837476_LIONSHEAD,LIONSHEAD,OR,2020,2020-08-22,2020-08-23,118.0,98.0,4,59
alloc-2020_11837476_LIONSHEAD-2020-09-01,2020_11837476_LIONSHEAD,LIONSHEAD,OR,2020,2020-09-01,2020-09-02,380.0,380.0,14,59
alloc-2020_11837476_LIONSHEAD-2020-09-12,2020_11837476_LIONSHEAD,LIONSHEAD,OR,2020,2020-09-12,2020-09-13,874.0,864.0,25,59
alloc-2020_11837476_LIONSHEAD-2020-09-23,2020_11837476_LIONSHEAD,LIONSHEAD,OR,2020,2020-09-23,2020-09-24,821.0,776.0,36,59
alloc-2020_11837476_LIONSHEAD-2020-10-04,2020_11837476_LIONSHEAD,LIONSHEAD,OR,2020,2020-10-04,2020-10-05,549.0,624.0,47,59
alloc-2020_11837476_LIONSHEAD-2020-10-15,2020_11837476_LIONSHEAD,LIONSHEAD,OR,2020,2020-10-15,2020-10-16,114.0,134.0,58,59
alloc-2020_11837476_LIONSHEAD-2020-10-29,2020_11837476_LIONSHEAD,LIONSHEAD,OR,2020,2020-10-29,2020-10-30,34.0,34.0,4,12
alloc-2020_11837476_LIONSHEAD-2020-10-30,2020_11837476_LIONSHEAD,LIONSHEAD,OR,2020,2020-10-30,2020-10-31,34.0,34.0,5,12
alloc-2020_11837476_LIONSHEAD-2020-10-31,2020_11837476_LIONSHEAD,LIONSHEAD,OR,2020,2020-10-31,2020-11-01,34.0,34.0,6,12
alloc-2020_11837476_LIONSHEAD-2020-11-02,2020_11837476_LIONSHEAD,LIONSHEAD,OR,2020,2020-11-02,2020-11-03,22.0,34.0,8,12
alloc-2020_11837476_LIONSHEAD-2020-11-03,2020_11837476_LIONSHEAD,LIONSHEAD,OR,2020,2020-11-03,2020-11-04,22.0,22.0,9,12
alloc-2020_11837476_LIONSHEAD-2020-11-05,2020_11837476_LIONSHEAD,LIONSHEAD,OR,2020,2020-11-05,2020-11-06,22.0,22.0,11,12
alloc-2020_11840753_WHITE RIVER-2020-08-21,2020_11840753_WHITE RIVER,WHITE RIVER,OR,2020,2020-08-21,2020-08-22,226.0,176.0,4,15
alloc-2020_11840753_WHITE RIVER-2020-08-23,2020_11840753_WHITE RIVER,WHITE RIVER,OR,2020,2020-08-23,2020-08-24,261.0,207.0,6,15
alloc-2020_11840753_WHITE RIVER-2020-08-25,2020_11840753_WHITE RIVER,WHITE RIVER,OR,2020,2020-08-25,2020-08-26,403.0,309.0,8,15
alloc-2020_11840753_WHITE RIVER-2020-08-27,2020_11840753_WHITE RIVER,WHITE RIVER,OR,2020,2020-08-27,2020-08-28,523.0,449.0,10,15
alloc-2020_11840753_WHITE RIVER-2020-08-29,2020_11840753_WHITE RIVER,WHITE RIVER,OR,2020,2020-08-29,2020-08-30,517.0,500.0,12,15
alloc-2020_11840753_WHITE RIVER-2020-08-31,2020_11840753_WHITE RIVER,WHITE RIVER,OR,2020,2020-08-31,2020-09-01,320.0,797.0,14,15
alloc-2020_11840753_WHITE RIVER-2020-09-24,2020_11840753_WHITE RIVER,WHITE RIVER,OR,2020,2020-09-24,2020-09-25,43.0,43.0,4,24
alloc-2020_11840753_WHITE RIVER-2020-09-27,2020_11840753_WHITE RIVER,WHITE RIVER,OR,2020,2020-09-27,2020-09-28,43.0,43.0,7,24
alloc-2020_11840753_WHITE RIVER-2020-10-01,2020_11840753_WHITE RIVER,WHITE RIVER,OR,2020,2020-10-01,2020-10-02,43.0,43.0,11,24
alloc-2020_11840753_WHITE RIVER-2020-10-05,2020_11840753_WHITE RIVER,WHITE RIVER,OR,2020,2020-10-05,2020-10-06,39.0,39.0,15,24
alloc-2020_11840753_WHITE RIVER-2020-10-09,2020_11840753_WHITE RIVER,WHITE RIVER,OR,2020,2020-10-09,2020-10-10,49.0,49.0,19,24
alloc-2020_11840753_WHITE RIVER-2020-10-13,2020_11840753_WHITE RIVER,WHITE RIVER,OR,2020,2020-10-13,2020-10-14,49.0,49.0,23,24
alloc-2020_11843135_MARION-2020-09-05,2020_11843135_MARION,Marion,ID,2020,2020-09-05,2020-09-06,2.0,2.0,4,18
alloc-2020_11843135_MARION-2020-09-07,2020_11843135_MARION,Marion,ID,2020,2020-09-07,2020-09-08,2.0,2.0,6,18
alloc-2020_11843135_MARION-2020-09-10,2020_11843135_MARION,Marion,ID,2020,2020-09-10,2020-09-11,2.0,2.0,9,18
alloc-2020_11843135_MARION-2020-09-12,2020_11843135_MARION,Marion,ID,2020,2020-09-12,2020-09-13,2.0,2.0,11,18
alloc-2020_11843135_MARION-2020-09-15,2020_11843135_MARION,Marion,ID,2020,2020-09-15,2020-09-16,12.0,12.0,14,18
alloc-2020_11843135_MARION-2020-09-18,2020_11843135_MARION,Marion,ID,2020,2020-09-18,2020-09-19,2.0,12.0,17,18
alloc-2020_11853977_COW CANYON-2020-10-14,2020_11853977_COW CANYON,Cow Canyon,AZ,2020,2020-10-14,2020-10-15,79.0,78.0,4,18
alloc-2020_11853977_COW CANYON-2020-10-16,2020_11853977_COW CANYON,Cow Canyon,AZ,2020,2020-10-16,2020-10-17,80.0,82.0,6,18
alloc-2020_11853977_COW CANYON-2020-10-19,2020_11853977_COW CANYON,Cow Canyon,AZ,2020,2020-10-19,2020-10-20,69.0,62.0,9,18
alloc-2020_11853977_COW CANYON-2020-10-21,2020_11853977_COW CANYON,Cow Canyon,AZ,2020,2020-10-21,2020-10-22,66.0,69.0,11,18
alloc-2020_11853977_COW CANYON-2020-10-24,2020_11853977_COW CANYON,Cow Canyon,AZ,2020,2020-10-24,2020-10-25,72.0,57.0,14,18
alloc-2020_11853977_COW CANYON-2020-10-27,2020_11853977_COW CANYON,Cow Canyon,AZ,2020,2020-10-27,2020-10-28,52.0,72.0,17,18
alloc-2020_11856938_CAMERON PEAK-2020-08-16,2020_11856938_CAMERON PEAK,Cameron Peak,CO,2020,2020-08-16,2020-08-17,168.0,118.0,4,115
alloc-2020_11856938_CAMERON PEAK-2020-09-07,2020_11856938_CAMERON PEAK,Cameron Peak,CO,2020,2020-09-07,2020-09-08,446.0,295.0,26,115
alloc-2020_11856938_CAMERON PEAK-2020-09-29,2020_11856938_CAMERON PEAK,Cameron Peak,CO,2020,2020-09-29,2020-09-30,288.0,319.0,48,115
alloc-2020_11856938_CAMERON PEAK-2020-10-21,2020_11856938_CAMERON PEAK,Cameron Peak,CO,2020,2020-10-21,2020-10-22,622.0,574.0,70,115
alloc-2020_11856938_CAMERON PEAK-2020-11-12,2020_11856938_CAMERON PEAK,Cameron Peak,CO,2020,2020-11-12,2020-11-13,135.0,149.0,92,115
alloc-2020_11856938_CAMERON PEAK-2020-12-04,2020_11856938_CAMERON PEAK,Cameron Peak,CO,2020,2020-12-04,2020-12-05,85.0,89.0,114,115
alloc-2020_11865339_LAUREL 0741 PR-2020-08-23,2020_11865339_LAUREL 0741 PR,LAUREL 0741 PR,OR,2020,2020-08-23,2020-08-24,132.0,134.0,4,10
alloc-2020_11865339_LAUREL 0741 PR-2020-08-24,2020_11865339_LAUREL 0741 PR,LAUREL 0741 PR,OR,2020,2020-08-24,2020-08-25,181.0,132.0,5,10
alloc-2020_11865339_LAUREL 0741 PR-2020-08-25,2020_11865339_LAUREL 0741 PR,LAUREL 0741 PR,OR,2020,2020-08-25,2020-08-26,178.0,181.0,6,10
alloc-2020_11865339_LAUREL 0741 PR-2020-08-26,2020_11865339_LAUREL 0741 PR,LAUREL 0741 PR,OR,2020,2020-08-26,2020-08-27,167.0,178.0,7,10
alloc-2020_11865339_LAUREL 0741 PR-2020-08-27,2020_11865339_LAUREL 0741 PR,LAUREL 0741 PR,OR,2020,2020-08-27,2020-08-28,46.0,167.0,8,10
alloc-2020_11865339_LAUREL 0741 PR-2020-08-28,2020_11865339_LAUREL 0741 PR,LAUREL 0741 PR,OR,2020,2020-08-28,2020-08-29,46.0,46.0,9,10
alloc-2020_11873889_MCMEAN-2020-08-19,2020_11873889_MCMEAN,McMean,TX,2020,2020-08-19,2020-08-20,28.0,28.0,4,14
alloc-2020_11873889_MCMEAN-2020-08-20,2020_11873889_MCMEAN,McMean,TX,2020,2020-08-20,2020-08-21,28.0,28.0,5,14
alloc-2020_11873889_MCMEAN-2020-08-22,2020_11873889_MCMEAN,McMean,TX,2020,2020-08-22,2020-08-23,25.0,26.0,7,14
alloc-2020_11873889_MCMEAN-2020-08-24,2020_11873889_MCMEAN,McMean,TX,2020,2020-08-24,2020-08-25,1.0,12.0,9,14
alloc-2020_11873889_MCMEAN-2020-08-26,2020_11873889_MCMEAN,McMean,TX,2020,2020-08-26,2020-08-27,1.0,1.0,11,14
alloc-2020_11873889_MCMEAN-2020-08-28,2020_11873889_MCMEAN,McMean,TX,2020,2020-08-28,2020-08-29,1.0,1.0,13,14
alloc-2020_11881214_WILLIAMS FORK-2020-08-17,2020_11881214_WILLIAMS FORK,Williams Fork,CO,2020,2020-08-17,2020-08-18,64.0,54.0,4,43
alloc-2020_11881214_WILLIAMS FORK-2020-08-24,2020_11881214_WILLIAMS FORK,Williams Fork,CO,2020,2020-08-24,2020-08-25,133.0,107.0,11,43
alloc-2020_11881214_WILLIAMS FORK-2020-09-01,2020_11881214_WILLIAMS FORK,Williams Fork,CO,2020,2020-09-01,2020-09-02,98.0,98.0,19,43
alloc-2020_11881214_WILLIAMS FORK-2020-09-08,2020_11881214_WILLIAMS FORK,Williams Fork,CO,2020,2020-09-08,2020-09-09,88.0,94.0,26,43
alloc-2020_11881214_WILLIAMS FORK-2020-09-16,2020_11881214_WILLIAMS FORK,Williams Fork,CO,2020,2020-09-16,2020-09-17,48.0,51.0,34,43
alloc-2020_11881214_WILLIAMS FORK-2020-09-24,2020_11881214_WILLIAMS FORK,Williams Fork,CO,2020,2020-09-24,2020-09-25,35.0,35.0,42,43
alloc-2020_11881214_WILLIAMS FORK-2020-10-05,2020_11881214_WILLIAMS FORK,Williams Fork,CO,2020,2020-10-05,2020-10-06,162.0,154.0,4,24
alloc-2020_11881214_WILLIAMS FORK-2020-10-08,2020_11881214_WILLIAMS FORK,Williams Fork,CO,2020,2020-10-08,2020-10-09,180.0,165.0,7,24
alloc-2020_11881214_WILLIAMS FORK-2020-10-12,2020_11881214_WILLIAMS FORK,Williams Fork,CO,2020,2020-10-12,2020-10-13,196.0,197.0,11,24
alloc-2020_11881214_WILLIAMS FORK-2020-10-16,2020_11881214_WILLIAMS FORK,Williams Fork,CO,2020,2020-10-16,2020-10-17,71.0,126.0,15,24
alloc-2020_11881214_WILLIAMS FORK-2020-10-20,2020_11881214_WILLIAMS FORK,Williams Fork,CO,2020,2020-10-20,2020-10-21,72.0,72.0,19,24
alloc-2020_11881214_WILLIAMS FORK-2020-10-24,2020_11881214_WILLIAMS FORK,Williams Fork,CO,2020,2020-10-24,2020-10-25,13.0,13.0,23,24
alloc-2020_11884077_COWBOY-2020-08-20,2020_11884077_COWBOY,Cowboy,UT,2020,2020-08-20,2020-08-21,113.0,108.0,4,13
alloc-2020_11884077_COWBOY-2020-08-21,2020_11884077_COWBOY,Cowboy,UT,2020,2020-08-21,2020-08-22,113.0,113.0,5,13
alloc-2020_11884077_COWBOY-2020-08-23,2020_11884077_COWBOY,Cowboy,UT,2020,2020-08-23,2020-08-24,113.0,113.0,7,13
alloc-2020_11884077_COWBOY-2020-08-24,2020_11884077_COWBOY,Cowboy,UT,2020,2020-08-24,2020-08-25,100.0,113.0,8,13
alloc-2020_11884077_COWBOY-2020-08-26,2020_11884077_COWBOY,Cowboy,UT,2020,2020-08-26,2020-08-27,99.0,100.0,10,13
alloc-2020_11884077_COWBOY-2020-08-28,2020_11884077_COWBOY,Cowboy,UT,2020,2020-08-28,2020-08-29,54.0,83.0,12,13
alloc-2020_11884770_SPUD ROCK-2020-08-22,2020_11884770_SPUD ROCK,SPUD ROCK,AZ,2020,2020-08-22,2020-08-23,10.0,10.0,4,24
alloc-2020_11884770_SPUD ROCK-2020-08-25,2020_11884770_SPUD ROCK,SPUD ROCK,AZ,2020,2020-08-25,2020-08-26,9.0,9.0,7,24
alloc-2020_11884770_SPUD ROCK-2020-08-29,2020_11884770_SPUD ROCK,SPUD ROCK,AZ,2020,2020-08-29,2020-08-30,2.0,8.0,11,24
alloc-2020_11884770_SPUD ROCK-2020-09-02,2020_11884770_SPUD ROCK,SPUD ROCK,AZ,2020,2020-09-02,2020-09-03,2.0,2.0,15,24
alloc-2020_11884770_SPUD ROCK-2020-09-06,2020_11884770_SPUD ROCK,SPUD ROCK,AZ,2020,2020-09-06,2020-09-07,2.0,2.0,19,24
alloc-2020_11884770_SPUD ROCK-2020-09-10,2020_11884770_SPUD ROCK,SPUD ROCK,AZ,2020,2020-09-10,2020-09-11,2.0,2.0,23,24
alloc-2020_11885085_CINNABAR-2020-08-27,2020_11885085_CINNABAR,Cinnabar,MT,2020,2020-08-27,2020-08-28,70.0,68.0,4,23
alloc-2020_11885085_CINNABAR-2020-08-30,2020_11885085_CINNABAR,Cinnabar,MT,2020,2020-08-30,2020-08-31,115.0,123.0,7,23
alloc-2020_11885085_CINNABAR-2020-09-03,2020_11885085_CINNABAR,Cinnabar,MT,2020,2020-09-03,2020-09-04,86.0,81.0,11,23
alloc-2020_11885085_CINNABAR-2020-09-06,2020_11885085_CINNABAR,Cinnabar,MT,2020,2020-09-06,2020-09-07,77.0,72.0,14,23
alloc-2020_11885085_CINNABAR-2020-09-10,2020_11885085_CINNABAR,Cinnabar,MT,2020,2020-09-10,2020-09-11,30.0,28.0,18,23
alloc-2020_11885085_CINNABAR-2020-09-14,2020_11885085_CINNABAR,Cinnabar,MT,2020,2020-09-14,2020-09-15,23.0,23.0,22,23
alloc-2020_11885812_INDIAN CREEK-2020-08-19,2020_11885812_INDIAN CREEK,INDIAN CREEK,OR,2020,2020-08-19,2020-08-20,194.0,160.0,4,18
alloc-2020_11885812_INDIAN CREEK-2020-08-21,2020_11885812_INDIAN CREEK,INDIAN CREEK,OR,2020,2020-08-21,2020-08-22,298.0,242.0,6,18
alloc-2020_11885812_INDIAN CREEK-2020-08-24,2020_11885812_INDIAN CREEK,INDIAN CREEK,OR,2020,2020-08-24,2020-08-25,279.0,281.0,9,18
alloc-2020_11885812_INDIAN CREEK-2020-08-26,2020_11885812_INDIAN CREEK,INDIAN CREEK,OR,2020,2020-08-26,2020-08-27,208.0,282.0,11,18
alloc-2020_11885812_INDIAN CREEK-2020-08-29,2020_11885812_INDIAN CREEK,INDIAN CREEK,OR,2020,2020-08-29,2020-08-30,127.0,112.0,14,18
alloc-2020_11885812_INDIAN CREEK-2020-09-01,2020_11885812_INDIAN CREEK,INDIAN CREEK,OR,2020,2020-09-01,2020-09-02,38.0,81.0,17,18
alloc-2020_11886508_BALDY-2020-08-20,2020_11886508_BALDY,BALDY,OR,2020,2020-08-20,2020-08-21,119.0,119.0,4,10
alloc-2020_11886508_BALDY-2020-08-21,2020_11886508_BALDY,BALDY,OR,2020,2020-08-21,2020-08-22,117.0,119.0,5,10
alloc-2020_11886508_BALDY-2020-08-22,2020_11886508_BALDY,BALDY,OR,2020,2020-08-22,2020-08-23,62.0,117.0,6,10
alloc-2020_11886508_BALDY-2020-08-23,2020_11886508_BALDY,BALDY,OR,2020,2020-08-23,2020-08-24,51.0,62.0,7,10
alloc-2020_11886508_BALDY-2020-08-24,2020_11886508_BALDY,BALDY,OR,2020,2020-08-24,2020-08-25,24.0,51.0,8,10
alloc-2020_11886508_BALDY-2020-08-25,2020_11886508_BALDY,BALDY,OR,2020,2020-08-25,2020-08-26,22.0,24.0,9,10
alloc-2020_11887587_BEACHIE CREEK-2020-09-04,2020_11887587_BEACHIE CREEK,Beachie Creek,OR,2020,2020-09-04,2020-09-05,83.0,28.0,4,50
alloc-2020_11887587_BEACHIE CREEK-2020-09-13,2020_11887587_BEACHIE CREEK,Beachie Creek,OR,2020,2020-09-13,2020-09-14,277.0,286.0,13,50
alloc-2020_11887587_BEACHIE CREEK-2020-09-22,2020_11887587_BEACHIE CREEK,Beachie Creek,OR,2020,2020-09-22,2020-09-23,279.0,280.0,22,50
alloc-2020_11887587_BEACHIE CREEK-2020-10-01,2020_11887587_BEACHIE CREEK,Beachie Creek,OR,2020,2020-10-01,2020-10-02,139.0,141.0,31,50
alloc-2020_11887587_BEACHIE CREEK-2020-10-10,2020_11887587_BEACHIE CREEK,Beachie Creek,OR,2020,2020-10-10,2020-10-11,60.0,84.0,40,50
alloc-2020_11887587_BEACHIE CREEK-2020-10-19,2020_11887587_BEACHIE CREEK,Beachie Creek,OR,2020,2020-10-19,2020-10-20,46.0,47.0,49,50
alloc-2020_11889940_SALT-2020-08-21,2020_11889940_SALT,Salt,AZ,2020,2020-08-21,2020-08-22,130.0,122.0,4,11
alloc-2020_11889940_SALT-2020-08-22,2020_11889940_SALT,Salt,AZ,2020,2020-08-22,2020-08-23,136.0,130.0,5,11
alloc-2020_11889940_SALT-2020-08-23,2020_11889940_SALT,Salt,AZ,2020,2020-08-23,2020-08-24,16.0,136.0,6,11
alloc-2020_11889940_SALT-2020-08-24,2020_11889940_SALT,Salt,AZ,2020,2020-08-24,2020-08-25,193.0,16.0,7,11
alloc-2020_11889940_SALT-2020-08-25,2020_11889940_SALT,Salt,AZ,2020,2020-08-25,2020-08-26,235.0,193.0,8,11
alloc-2020_11889940_SALT-2020-08-27,2020_11889940_SALT,Salt,AZ,2020,2020-08-27,2020-08-28,1.0,1.0,10,11
alloc-2020_11890738_CRANE-2020-08-19,2020_11890738_CRANE,Crane,OR,2020,2020-08-19,2020-08-20,299.0,201.0,4,23
alloc-2020_11890738_CRANE-2020-08-22,2020_11890738_CRANE,Crane,OR,2020,2020-08-22,2020-08-23,328.0,323.0,7,23
alloc-2020_11890738_CRANE-2020-08-26,2020_11890738_CRANE,Crane,OR,2020,2020-08-26,2020-08-27,95.0,211.0,11,23
alloc-2020_11890738_CRANE-2020-08-29,2020_11890738_CRANE,Crane,OR,2020,2020-08-29,2020-08-30,7.0,52.0,14,23
alloc-2020_11890738_CRANE-2020-09-02,2020_11890738_CRANE,Crane,OR,2020,2020-09-02,2020-09-03,17.0,17.0,18,23
alloc-2020_11890738_CRANE-2020-09-06,2020_11890738_CRANE,Crane,OR,2020,2020-09-06,2020-09-07,14.0,14.0,22,23
alloc-2020_11891738_SHISSLER-2020-08-26,2020_11891738_SHISSLER,Shissler,ID,2020,2020-08-26,2020-08-27,64.0,66.0,4,11
alloc-2020_11891738_SHISSLER-2020-08-27,2020_11891738_SHISSLER,Shissler,ID,2020,2020-08-27,2020-08-28,64.0,64.0,5,11
alloc-2020_11891738_SHISSLER-2020-08-28,2020_11891738_SHISSLER,Shissler,ID,2020,2020-08-28,2020-08-29,44.0,64.0,6,11
alloc-2020_11891738_SHISSLER-2020-08-29,2020_11891738_SHISSLER,Shissler,ID,2020,2020-08-29,2020-08-30,32.0,44.0,7,11
alloc-2020_11891738_SHISSLER-2020-08-30,2020_11891738_SHISSLER,Shissler,ID,2020,2020-08-30,2020-08-31,24.0,32.0,8,11
alloc-2020_11891738_SHISSLER-2020-09-01,2020_11891738_SHISSLER,Shissler,ID,2020,2020-09-01,2020-09-02,24.0,24.0,10,11
alloc-2020_11891738_SHISSLER-2020-09-19,2020_11891738_SHISSLER,Shissler,ID,2020,2020-09-19,2020-09-20,65.0,67.0,4,10
alloc-2020_11891738_SHISSLER-2020-09-20,2020_11891738_SHISSLER,Shissler,ID,2020,2020-09-20,2020-09-21,63.0,65.0,5,10
alloc-2020_11891738_SHISSLER-2020-09-21,2020_11891738_SHISSLER,Shissler,ID,2020,2020-09-21,2020-09-22,50.0,63.0,6,10
alloc-2020_11891738_SHISSLER-2020-09-22,2020_11891738_SHISSLER,Shissler,ID,2020,2020-09-22,2020-09-23,50.0,50.0,7,10
alloc-2020_11891738_SHISSLER-2020-09-23,2020_11891738_SHISSLER,Shissler,ID,2020,2020-09-23,2020-09-24,46.0,50.0,8,10
alloc-2020_11891738_SHISSLER-2020-09-24,2020_11891738_SHISSLER,Shissler,ID,2020,2020-09-24,2020-09-25,46.0,46.0,9,10
alloc-2020_11892312_MEDIO-2020-08-22,2020_11892312_MEDIO,Medio,NM,2020,2020-08-22,2020-08-23,86.0,65.0,4,26
alloc-2020_11892312_MEDIO-2020-08-26,2020_11892312_MEDIO,Medio,NM,2020,2020-08-26,2020-08-27,114.0,116.0,8,26
alloc-2020_11892312_MEDIO-2020-08-30,2020_11892312_MEDIO,Medio,NM,2020,2020-08-30,2020-08-31,99.0,110.0,12,26
alloc-2020_11892312_MEDIO-2020-09-03,2020_11892312_MEDIO,Medio,NM,2020,2020-09-03,2020-09-04,57.0,66.0,16,26
alloc-2020_11892312_MEDIO-2020-09-07,2020_11892312_MEDIO,Medio,NM,2020,2020-09-07,2020-09-08,40.0,57.0,20,26
alloc-2020_11892312_MEDIO-2020-09-12,2020_11892312_MEDIO,Medio,NM,2020,2020-09-12,2020-09-13,36.0,36.0,25,26
alloc-2020_11893173_MEACHAM COMPLEX-2020-08-23,2020_11893173_MEACHAM COMPLEX,Meacham Complex,OR,2020,2020-08-23,2020-08-24,234.0,204.0,4,13
alloc-2020_11893173_MEACHAM COMPLEX-2020-08-24,2020_11893173_MEACHAM COMPLEX,Meacham Complex,OR,2020,2020-08-24,2020-08-25,283.0,234.0,5,13
alloc-2020_11893173_MEACHAM COMPLEX-2020-08-26,2020_11893173_MEACHAM COMPLEX,Meacham Complex,OR,2020,2020-08-26,2020-08-27,149.0,166.0,7,13
alloc-2020_11893173_MEACHAM COMPLEX-2020-08-27,2020_11893173_MEACHAM COMPLEX,Meacham Complex,OR,2020,2020-08-27,2020-08-28,192.0,149.0,8,13
alloc-2020_11893173_MEACHAM COMPLEX-2020-08-29,2020_11893173_MEACHAM COMPLEX,Meacham Complex,OR,2020,2020-08-29,2020-08-30,156.0,192.0,10,13
alloc-2020_11893173_MEACHAM COMPLEX-2020-08-31,2020_11893173_MEACHAM COMPLEX,Meacham Complex,OR,2020,2020-08-31,2020-09-01,70.0,91.0,12,13
alloc-2020_11894317_FROG 0657 RS-2020-08-22,2020_11894317_FROG 0657 RS,FROG 0657 RS,OR,2020,2020-08-22,2020-08-23,336.0,303.0,4,14
alloc-2020_11894317_FROG 0657 RS-2020-08-23,2020_11894317_FROG 0657 RS,FROG 0657 RS,OR,2020,2020-08-23,2020-08-24,334.0,336.0,5,14
alloc-2020_11894317_FROG 0657 RS-2020-08-25,2020_11894317_FROG 0657 RS,FROG 0657 RS,OR,2020,2020-08-25,2020-08-26,298.0,326.0,7,14
alloc-2020_11894317_FROG 0657 RS-2020-08-27,2020_11894317_FROG 0657 RS,FROG 0657 RS,OR,2020,2020-08-27,2020-08-28,241.0,269.0,9,14
alloc-2020_11894317_FROG 0657 RS-2020-08-29,2020_11894317_FROG 0657 RS,FROG 0657 RS,OR,2020,2020-08-29,2020-08-30,108.0,196.0,11,14
alloc-2020_11894317_FROG 0657 RS-2020-08-31,2020_11894317_FROG 0657 RS,FROG 0657 RS,OR,2020,2020-08-31,2020-09-01,80.0,80.0,13,14
alloc-2020_11895456_P515-2020-08-20,2020_11895456_P515,P515,OR,2020,2020-08-20,2020-08-21,177.0,177.0,4,27
alloc-2020_11895456_P515-2020-08-24,2020_11895456_P515,P515,OR,2020,2020-08-24,2020-08-25,323.0,296.0,8,27
alloc-2020_11895456_P515-2020-08-28,2020_11895456_P515,P515,OR,2020,2020-08-28,2020-08-29,351.0,365.0,12,27
alloc-2020_11895456_P515-2020-09-02,2020_11895456_P515,P515,OR,2020,2020-09-02,2020-09-03,68.0,496.0,17,27
alloc-2020_11895456_P515-2020-09-06,2020_11895456_P515,P515,OR,2020,2020-09-06,2020-09-07,30.0,30.0,21,27
alloc-2020_11895456_P515-2020-09-11,2020_11895456_P515,P515,OR,2020,2020-09-11,2020-09-12,170.0,197.0,26,27
alloc-2020_11899577_BADGER-2020-09-16,2020_11899577_BADGER,Badger,ID,2020,2020-09-16,2020-09-17,118.0,107.0,4,29
alloc-2020_11899577_BADGER-2020-09-20,2020_11899577_BADGER,Badger,ID,2020,2020-09-20,2020-09-21,129.0,117.0,8,29
alloc-2020_11899577_BADGER-2020-09-25,2020_11899577_BADGER,Badger,ID,2020,2020-09-25,2020-09-26,157.0,137.0,13,29
alloc-2020_11899577_BADGER-2020-09-30,2020_11899577_BADGER,Badger,ID,2020,2020-09-30,2020-10-01,137.0,136.0,18,29
alloc-2020_11899577_BADGER-2020-10-05,2020_11899577_BADGER,Badger,ID,2020,2020-10-05,2020-10-06,108.0,104.0,23,29
alloc-2020_11899577_BADGER-2020-10-10,2020_11899577_BADGER,Badger,ID,2020,2020-10-10,2020-10-11,13.0,47.0,28,29
alloc-2020_11900796_GROUSE-2020-09-10,2020_11900796_GROUSE,GROUSE,ID,2020,2020-09-10,2020-09-11,107.0,88.0,4,16
alloc-2020_11900796_GROUSE-2020-09-12,2020_11900796_GROUSE,GROUSE,ID,2020,2020-09-12,2020-09-13,156.0,156.0,6,16
alloc-2020_11900796_GROUSE-2020-09-14,2020_11900796_GROUSE,GROUSE,ID,2020,2020-09-14,2020-09-15,169.0,164.0,8,16
alloc-2020_11900796_GROUSE-2020-09-16,2020_11900796_GROUSE,GROUSE,ID,2020,2020-09-16,2020-09-17,138.0,145.0,10,16
alloc-2020_11900796_GROUSE-2020-09-18,2020_11900796_GROUSE,GROUSE,ID,2020,2020-09-18,2020-09-19,86.0,138.0,12,16
alloc-2020_11900796_GROUSE-2020-09-21,2020_11900796_GROUSE,GROUSE,ID,2020,2020-09-21,2020-09-22,38.0,59.0,15,16
alloc-2020_11901760_COLD SPRINGS-2020-09-10,2020_11901760_COLD SPRINGS,Cold Springs,WA,2020,2020-09-10,2020-09-11,199.0,204.0,4,13
alloc-2020_11901760_COLD SPRINGS-2020-09-11,2020_11901760_COLD SPRINGS,Cold Springs,WA,2020,2020-09-11,2020-09-12,191.0,199.0,5,13
alloc-2020_11901760_COLD SPRINGS-2020-09-13,2020_11901760_COLD SPRINGS,Cold Springs,WA,2020,2020-09-13,2020-09-14,179.0,183.0,7,13
alloc-2020_11901760_COLD SPRINGS-2020-09-14,2020_11901760_COLD SPRINGS,Cold Springs,WA,2020,2020-09-14,2020-09-15,172.0,179.0,8,13
alloc-2020_11901760_COLD SPRINGS-2020-09-16,2020_11901760_COLD SPRINGS,Cold Springs,WA,2020,2020-09-16,2020-09-17,69.0,102.0,10,13
alloc-2020_11901760_COLD SPRINGS-2020-09-18,2020_11901760_COLD SPRINGS,Cold Springs,WA,2020,2020-09-18,2020-09-19,38.0,45.0,12,13
alloc-2020_11903060_NEFFS-2020-09-25,2020_11903060_NEFFS,Neffs,UT,2020,2020-09-25,2020-09-26,104.0,115.0,4,11
alloc-2020_11903060_NEFFS-2020-09-26,2020_11903060_NEFFS,Neffs,UT,2020,2020-09-26,2020-09-27,110.0,104.0,5,11
alloc-2020_11903060_NEFFS-2020-09-27,2020_11903060_NEFFS,Neffs,UT,2020,2020-09-27,2020-09-28,108.0,110.0,6,11
alloc-2020_11903060_NEFFS-2020-09-28,2020_11903060_NEFFS,Neffs,UT,2020,2020-09-28,2020-09-29,108.0,108.0,7,11
alloc-2020_11903060_NEFFS-2020-09-29,2020_11903060_NEFFS,Neffs,UT,2020,2020-09-29,2020-09-30,103.0,108.0,8,11
alloc-2020_11903060_NEFFS-2020-10-01,2020_11903060_NEFFS,Neffs,UT,2020,2020-10-01,2020-10-02,95.0,97.0,10,11
alloc-2020_11903415_VIRGIN MOUNTAIN-2020-09-25,2020_11903415_VIRGIN MOUNTAIN,VIRGIN MOUNTAIN,NV,2020,2020-09-25,2020-09-26,68.0,69.0,4,11
alloc-2020_11903415_VIRGIN MOUNTAIN-2020-09-26,2020_11903415_VIRGIN MOUNTAIN,VIRGIN MOUNTAIN,NV,2020,2020-09-26,2020-09-27,41.0,68.0,5,11
alloc-2020_11903415_VIRGIN MOUNTAIN-2020-09-27,2020_11903415_VIRGIN MOUNTAIN,VIRGIN MOUNTAIN,NV,2020,2020-09-27,2020-09-28,17.0,41.0,6,11
alloc-2020_11903415_VIRGIN MOUNTAIN-2020-09-28,2020_11903415_VIRGIN MOUNTAIN,VIRGIN MOUNTAIN,NV,2020,2020-09-28,2020-09-29,14.0,17.0,7,11
alloc-2020_11903415_VIRGIN MOUNTAIN-2020-09-29,2020_11903415_VIRGIN MOUNTAIN,VIRGIN MOUNTAIN,NV,2020,2020-09-29,2020-09-30,14.0,14.0,8,11
alloc-2020_11903415_VIRGIN MOUNTAIN-2020-10-01,2020_11903415_VIRGIN MOUNTAIN,VIRGIN MOUNTAIN,NV,2020,2020-10-01,2020-10-02,0.0,14.0,10,11
alloc-2020_11905002_SINGING HORSE 2-2020-09-17,2020_11905002_SINGING HORSE 2,Singing Horse 2,SD,2020,2020-09-17,2020-09-18,10.0,10.0,4,11
alloc-2020_11905002_SINGING HORSE 2-2020-09-18,2020_11905002_SINGING HORSE 2,Singing Horse 2,SD,2020,2020-09-18,2020-09-19,11.0,10.0,5,11
alloc-2020_11905002_SINGING HORSE 2-2020-09-19,2020_11905002_SINGING HORSE 2,Singing Horse 2,SD,2020,2020-09-19,2020-09-20,13.0,11.0,6,11
alloc-2020_11905002_SINGING HORSE 2-2020-09-20,2020_11905002_SINGING HORSE 2,Singing Horse 2,SD,2020,2020-09-20,2020-09-21,19.0,13.0,7,11
alloc-2020_11905002_SINGING HORSE 2-2020-09-21,2020_11905002_SINGING HORSE 2,Singing Horse 2,SD,2020,2020-09-21,2020-09-22,18.0,19.0,8,11
alloc-2020_11905002_SINGING HORSE 2-2020-09-23,2020_11905002_SINGING HORSE 2,Singing Horse 2,SD,2020,2020-09-23,2020-09-24,18.0,36.0,10,11
alloc-2020_11905209_TRAP-2020-09-17,2020_11905209_TRAP,Trap,ID,2020,2020-09-17,2020-09-18,56.0,37.0,4,14
alloc-2020_11905209_TRAP-2020-09-18,2020_11905209_TRAP,Trap,ID,2020,2020-09-18,2020-09-19,92.0,56.0,5,14
alloc-2020_11905209_TRAP-2020-09-20,2020_11905209_TRAP,Trap,ID,2020,2020-09-20,2020-09-21,119.0,97.0,7,14
alloc-2020_11905209_TRAP-2020-09-22,2020_11905209_TRAP,Trap,ID,2020,2020-09-22,2020-09-23,110.0,119.0,9,14
alloc-2020_11905209_TRAP-2020-09-24,2020_11905209_TRAP,Trap,ID,2020,2020-09-24,2020-09-25,111.0,107.0,11,14
alloc-2020_11905209_TRAP-2020-09-26,2020_11905209_TRAP,Trap,ID,2020,2020-09-26,2020-09-27,32.0,66.0,13,14
alloc-2020_11906039_WOODHEAD-2020-09-10,2020_11906039_WOODHEAD,Woodhead,ID,2020,2020-09-10,2020-09-11,128.0,91.0,4,40
alloc-2020_11906039_WOODHEAD-2020-09-17,2020_11906039_WOODHEAD,Woodhead,ID,2020,2020-09-17,2020-09-18,125.0,114.0,11,40
alloc-2020_11906039_WOODHEAD-2020-09-24,2020_11906039_WOODHEAD,Woodhead,ID,2020,2020-09-24,2020-09-25,139.0,147.0,18,40
alloc-2020_11906039_WOODHEAD-2020-10-01,2020_11906039_WOODHEAD,Woodhead,ID,2020,2020-10-01,2020-10-02,115.0,127.0,25,40
alloc-2020_11906039_WOODHEAD-2020-10-08,2020_11906039_WOODHEAD,Woodhead,ID,2020,2020-10-08,2020-10-09,64.0,85.0,32,40
alloc-2020_11906039_WOODHEAD-2020-10-15,2020_11906039_WOODHEAD,Woodhead,ID,2020,2020-10-15,2020-10-16,8.0,42.0,39,40
alloc-2020_11907830_GRIZZLY CREEK-2020-09-23,2020_11907830_GRIZZLY CREEK,Grizzly Creek,OR,2020,2020-09-23,2020-09-24,28.0,28.0,4,10
alloc-2020_11907830_GRIZZLY CREEK-2020-09-24,2020_11907830_GRIZZLY CREEK,Grizzly Creek,OR,2020,2020-09-24,2020-09-25,27.0,28.0,5,10
alloc-2020_11907830_GRIZZLY CREEK-2020-09-25,2020_11907830_GRIZZLY CREEK,Grizzly Creek,OR,2020,2020-09-25,2020-09-26,27.0,27.0,6,10
alloc-2020_11907830_GRIZZLY CREEK-2020-09-26,2020_11907830_GRIZZLY CREEK,Grizzly Creek,OR,2020,2020-09-26,2020-09-27,27.0,27.0,7,10
alloc-2020_11907830_GRIZZLY CREEK-2020-09-27,2020_11907830_GRIZZLY CREEK,Grizzly Creek,OR,2020,2020-09-27,2020-09-28,27.0,27.0,8,10
alloc-2020_11907830_GRIZZLY CREEK-2020-09-28,2020_11907830_GRIZZLY CREEK,Grizzly Creek,OR,2020,2020-09-28,2020-09-29,2.0,27.0,9,10
alloc-2020_11908058_BRIDGER FOOTHILLS-2020-09-08,2020_11908058_BRIDGER FOOTHILLS,Bridger Foothills,MT,2020,2020-09-08,2020-09-09,206.0,192.0,4,39
alloc-2020_11908058_BRIDGER FOOTHILLS-2020-09-14,2020_11908058_BRIDGER FOOTHILLS,Bridger Foothills,MT,2020,2020-09-14,2020-09-15,167.0,192.0,10,39
alloc-2020_11908058_BRIDGER FOOTHILLS-2020-09-21,2020_11908058_BRIDGER FOOTHILLS,Bridger Foothills,MT,2020,2020-09-21,2020-09-22,9.0,22.0,17,39
alloc-2020_11908058_BRIDGER FOOTHILLS-2020-09-28,2020_11908058_BRIDGER FOOTHILLS,Bridger Foothills,MT,2020,2020-09-28,2020-09-29,14.0,15.0,24,39
alloc-2020_11908058_BRIDGER FOOTHILLS-2020-10-05,2020_11908058_BRIDGER FOOTHILLS,Bridger Foothills,MT,2020,2020-10-05,2020-10-06,19.0,20.0,31,39
alloc-2020_11908058_BRIDGER FOOTHILLS-2020-10-12,2020_11908058_BRIDGER FOOTHILLS,Bridger Foothills,MT,2020,2020-10-12,2020-10-13,10.0,10.0,38,39
alloc-2020_11917747_MULLEN-2020-09-21,2020_11917747_MULLEN,MULLEN,WY,2020,2020-09-21,2020-09-22,91.0,73.0,4,54
alloc-2020_11917747_MULLEN-2020-09-30,2020_11917747_MULLEN,MULLEN,WY,2020,2020-09-30,2020-10-01,298.0,269.0,13,54
alloc-2020_11917747_MULLEN-2020-10-10,2020_11917747_MULLEN,MULLEN,WY,2020,2020-10-10,2020-10-11,411.0,376.0,23,54
alloc-2020_11917747_MULLEN-2020-10-20,2020_11917747_MULLEN,MULLEN,WY,2020,2020-10-20,2020-10-21,184.0,248.0,33,54
alloc-2020_11917747_MULLEN-2020-10-30,2020_11917747_MULLEN,MULLEN,WY,2020,2020-10-30,2020-10-31,11.0,12.0,43,54
alloc-2020_11917747_MULLEN-2020-11-09,2020_11917747_MULLEN,MULLEN,WY,2020,2020-11-09,2020-11-10,11.0,11.0,53,54
alloc-2020_11920479_SUNNYSIDE COMPLEX-2020-09-11,2020_11920479_SUNNYSIDE COMPLEX,Sunnyside Complex,ID,2020,2020-09-11,2020-09-12,166.0,179.0,4,10
alloc-2020_11920479_SUNNYSIDE COMPLEX-2020-09-12,2020_11920479_SUNNYSIDE COMPLEX,Sunnyside Complex,ID,2020,2020-09-12,2020-09-13,122.0,166.0,5,10
alloc-2020_11920479_SUNNYSIDE COMPLEX-2020-09-13,2020_11920479_SUNNYSIDE COMPLEX,Sunnyside Complex,ID,2020,2020-09-13,2020-09-14,127.0,122.0,6,10
alloc-2020_11920479_SUNNYSIDE COMPLEX-2020-09-14,2020_11920479_SUNNYSIDE COMPLEX,Sunnyside Complex,ID,2020,2020-09-14,2020-09-15,125.0,127.0,7,10
alloc-2020_11920479_SUNNYSIDE COMPLEX-2020-09-15,2020_11920479_SUNNYSIDE COMPLEX,Sunnyside Complex,ID,2020,2020-09-15,2020-09-16,74.0,125.0,8,10
alloc-2020_11920479_SUNNYSIDE COMPLEX-2020-09-16,2020_11920479_SUNNYSIDE COMPLEX,Sunnyside Complex,ID,2020,2020-09-16,2020-09-17,59.0,74.0,9,10
alloc-2020_11920769_TWO FOUR TWO-2020-09-11,2020_11920769_TWO FOUR TWO,Two Four Two,OR,2020,2020-09-11,2020-09-12,143.0,149.0,4,20
alloc-2020_11920769_TWO FOUR TWO-2020-09-14,2020_11920769_TWO FOUR TWO,Two Four Two,OR,2020,2020-09-14,2020-09-15,163.0,175.0,7,20
alloc-2020_11920769_TWO FOUR TWO-2020-09-17,2020_11920769_TWO FOUR TWO,Two Four Two,OR,2020,2020-09-17,2020-09-18,168.0,151.0,10,20
alloc-2020_11920769_TWO FOUR TWO-2020-09-20,2020_11920769_TWO FOUR TWO,Two Four Two,OR,2020,2020-09-20,2020-09-21,164.0,168.0,13,20
alloc-2020_11920769_TWO FOUR TWO-2020-09-23,2020_11920769_TWO FOUR TWO,Two Four Two,OR,2020,2020-09-23,2020-09-24,45.0,54.0,16,20
alloc-2020_11920769_TWO FOUR TWO-2020-09-26,2020_11920769_TWO FOUR TWO,Two Four Two,OR,2020,2020-09-26,2020-09-27,30.0,43.0,19,20
alloc-2020_11920769_TWO FOUR TWO-2020-10-02,2020_11920769_TWO FOUR TWO,Two Four Two,OR,2020,2020-10-02,2020-10-03,32.0,32.0,4,11
alloc-2020_11920769_TWO FOUR TWO-2020-10-03,2020_11920769_TWO FOUR TWO,Two Four Two,OR,2020,2020-10-03,2020-10-04,32.0,32.0,5,11
alloc-2020_11920769_TWO FOUR TWO-2020-10-04,2020_11920769_TWO FOUR TWO,Two Four Two,OR,2020,2020-10-04,2020-10-05,32.0,32.0,6,11
alloc-2020_11920769_TWO FOUR TWO-2020-10-05,2020_11920769_TWO FOUR TWO,Two Four Two,OR,2020,2020-10-05,2020-10-06,12.0,32.0,7,11
alloc-2020_11920769_TWO FOUR TWO-2020-10-06,2020_11920769_TWO FOUR TWO,Two Four Two,OR,2020,2020-10-06,2020-10-07,8.0,12.0,8,11
alloc-2020_11920769_TWO FOUR TWO-2020-10-08,2020_11920769_TWO FOUR TWO,Two Four Two,OR,2020,2020-10-08,2020-10-09,8.0,8.0,10,11
alloc-2020_11922031_INCHELIUM COMPLEX-2020-09-10,2020_11922031_INCHELIUM COMPLEX,Inchelium Complex,WA,2020,2020-09-10,2020-09-11,173.0,108.0,4,16
alloc-2020_11922031_INCHELIUM COMPLEX-2020-09-12,2020_11922031_INCHELIUM COMPLEX,Inchelium Complex,WA,2020,2020-09-12,2020-09-13,194.0,192.0,6,16
alloc-2020_11922031_INCHELIUM COMPLEX-2020-09-14,2020_11922031_INCHELIUM COMPLEX,Inchelium Complex,WA,2020,2020-09-14,2020-09-15,174.0,181.0,8,16
alloc-2020_11922031_INCHELIUM COMPLEX-2020-09-16,2020_11922031_INCHELIUM COMPLEX,Inchelium Complex,WA,2020,2020-09-16,2020-09-17,151.0,170.0,10,16
alloc-2020_11922031_INCHELIUM COMPLEX-2020-09-18,2020_11922031_INCHELIUM COMPLEX,Inchelium Complex,WA,2020,2020-09-18,2020-09-19,163.0,155.0,12,16
alloc-2020_11922031_INCHELIUM COMPLEX-2020-09-21,2020_11922031_INCHELIUM COMPLEX,Inchelium Complex,WA,2020,2020-09-21,2020-09-22,153.0,163.0,15,16
alloc-2020_11922811_ETHER HOLLOW-2020-09-12,2020_11922811_ETHER HOLLOW,Ether Hollow,UT,2020,2020-09-12,2020-09-13,40.0,53.0,4,18
alloc-2020_11922811_ETHER HOLLOW-2020-09-14,2020_11922811_ETHER HOLLOW,Ether Hollow,UT,2020,2020-09-14,2020-09-15,28.0,26.0,6,18
alloc-2020_11922811_ETHER HOLLOW-2020-09-17,2020_11922811_ETHER HOLLOW,Ether Hollow,UT,2020,2020-09-17,2020-09-18,24.0,24.0,9,18
alloc-2020_11922811_ETHER HOLLOW-2020-09-19,2020_11922811_ETHER HOLLOW,Ether Hollow,UT,2020,2020-09-19,2020-09-20,20.0,20.0,11,18
alloc-2020_11922811_ETHER HOLLOW-2020-09-22,2020_11922811_ETHER HOLLOW,Ether Hollow,UT,2020,2020-09-22,2020-09-23,1.0,18.0,14,18
alloc-2020_11922811_ETHER HOLLOW-2020-09-25,2020_11922811_ETHER HOLLOW,Ether Hollow,UT,2020,2020-09-25,2020-09-26,1.0,1.0,17,18
alloc-2020_11926606_HOLIDAY FARM-2020-09-11,2020_11926606_HOLIDAY FARM,Holiday Farm,OR,2020,2020-09-11,2020-09-12,398.0,314.0,4,49
alloc-2020_11926606_HOLIDAY FARM-2020-09-19,2020_11926606_HOLIDAY FARM,Holiday Farm,OR,2020,2020-09-19,2020-09-20,438.0,442.0,12,49
alloc-2020_11926606_HOLIDAY FARM-2020-09-28,2020_11926606_HOLIDAY FARM,Holiday Farm,OR,2020,2020-09-28,2020-09-29,425.0,418.0,21,49
alloc-2020_11926606_HOLIDAY FARM-2020-10-07,2020_11926606_HOLIDAY FARM,Holiday Farm,OR,2020,2020-10-07,2020-10-08,380.0,402.0,30,49
alloc-2020_11926606_HOLIDAY FARM-2020-10-16,2020_11926606_HOLIDAY FARM,Holiday Farm,OR,2020,2020-10-16,2020-10-17,39.0,38.0,39,49
alloc-2020_11926606_HOLIDAY FARM-2020-10-25,2020_11926606_HOLIDAY FARM,Holiday Farm,OR,2020,2020-10-25,2020-10-26,2.0,8.0,48,49
alloc-2020_11928423_BRATTAIN-2020-09-11,2020_11928423_BRATTAIN,Brattain,OR,2020,2020-09-11,2020-09-12,138.0,49.0,4,29
alloc-2020_11928423_BRATTAIN-2020-09-15,2020_11928423_BRATTAIN,Brattain,OR,2020,2020-09-15,2020-09-16,191.0,175.0,8,29
alloc-2020_11928423_BRATTAIN-2020-09-20,2020_11928423_BRATTAIN,Brattain,OR,2020,2020-09-20,2020-09-21,211.0,216.0,13,29
alloc-2020_11928423_BRATTAIN-2020-09-25,2020_11928423_BRATTAIN,Brattain,OR,2020,2020-09-25,2020-09-26,130.0,119.0,18,29
alloc-2020_11928423_BRATTAIN-2020-09-30,2020_11928423_BRATTAIN,Brattain,OR,2020,2020-09-30,2020-10-01,13.0,14.0,23,29
alloc-2020_11928423_BRATTAIN-2020-10-05,2020_11928423_BRATTAIN,Brattain,OR,2020,2020-10-05,2020-10-06,4.0,8.0,28,29
alloc-2020_11933376_ECHO MTN. COMPLEX-2020-09-11,2020_11933376_ECHO MTN. COMPLEX,Echo Mtn. Complex,OR,2020,2020-09-11,2020-09-12,144.0,125.0,4,14
alloc-2020_11933376_ECHO MTN. COMPLEX-2020-09-12,2020_11933376_ECHO MTN. COMPLEX,Echo Mtn. Complex,OR,2020,2020-09-12,2020-09-13,138.0,144.0,5,14
alloc-2020_11933376_ECHO MTN. COMPLEX-2020-09-14,2020_11933376_ECHO MTN. COMPLEX,Echo Mtn. Complex,OR,2020,2020-09-14,2020-09-15,176.0,153.0,7,14
alloc-2020_11933376_ECHO MTN. COMPLEX-2020-09-16,2020_11933376_ECHO MTN. COMPLEX,Echo Mtn. Complex,OR,2020,2020-09-16,2020-09-17,150.0,165.0,9,14
alloc-2020_11933376_ECHO MTN. COMPLEX-2020-09-18,2020_11933376_ECHO MTN. COMPLEX,Echo Mtn. Complex,OR,2020,2020-09-18,2020-09-19,105.0,124.0,11,14
alloc-2020_11933376_ECHO MTN. COMPLEX-2020-09-20,2020_11933376_ECHO MTN. COMPLEX,Echo Mtn. Complex,OR,2020,2020-09-20,2020-09-21,23.0,23.0,13,14
alloc-2020_11933945_BERNARD-2020-09-11,2020_11933945_BERNARD,Bernard,ID,2020,2020-09-11,2020-09-12,81.0,52.0,4,24
alloc-2020_11933945_BERNARD-2020-09-14,2020_11933945_BERNARD,Bernard,ID,2020,2020-09-14,2020-09-15,70.0,70.0,7,24
alloc-2020_11933945_BERNARD-2020-09-18,2020_11933945_BERNARD,Bernard,ID,2020,2020-09-18,2020-09-19,131.0,131.0,11,24
alloc-2020_11933945_BERNARD-2020-09-22,2020_11933945_BERNARD,Bernard,ID,2020,2020-09-22,2020-09-23,77.0,80.0,15,24
alloc-2020_11933945_BERNARD-2020-09-26,2020_11933945_BERNARD,Bernard,ID,2020,2020-09-26,2020-09-27,29.0,29.0,19,24
alloc-2020_11933945_BERNARD-2020-09-30,2020_11933945_BERNARD,Bernard,ID,2020,2020-09-30,2020-10-01,29.0,29.0,23,24
alloc-2020_11934511_ARCHIE CREEK-2020-09-11,2020_11934511_ARCHIE CREEK,Archie Creek,OR,2020,2020-09-11,2020-09-12,224.0,234.0,4,41
alloc-2020_11934511_ARCHIE CREEK-2020-09-18,2020_11934511_ARCHIE CREEK,Archie Creek,OR,2020,2020-09-18,2020-09-19,432.0,428.0,11,41
alloc-2020_11934511_ARCHIE CREEK-2020-09-25,2020_11934511_ARCHIE CREEK,Archie Creek,OR,2020,2020-09-25,2020-09-26,329.0,381.0,18,41
alloc-2020_11934511_ARCHIE CREEK-2020-10-02,2020_11934511_ARCHIE CREEK,Archie Creek,OR,2020,2020-10-02,2020-10-03,307.0,336.0,25,41
alloc-2020_11934511_ARCHIE CREEK-2020-10-09,2020_11934511_ARCHIE CREEK,Archie Creek,OR,2020,2020-10-09,2020-10-10,101.0,119.0,32,41
alloc-2020_11934511_ARCHIE CREEK-2020-10-17,2020_11934511_ARCHIE CREEK,Archie Creek,OR,2020,2020-10-17,2020-10-18,29.0,34.0,40,41
alloc-2020_11941464_RIVERSIDE-2020-09-11,2020_11941464_RIVERSIDE,RIVERSIDE,OR,2020,2020-09-11,2020-09-12,157.0,137.0,4,49
alloc-2020_11941464_RIVERSIDE-2020-09-19,2020_11941464_RIVERSIDE,RIVERSIDE,OR,2020,2020-09-19,2020-09-20,345.0,354.0,12,49
alloc-2020_11941464_RIVERSIDE-2020-09-28,2020_11941464_RIVERSIDE,RIVERSIDE,OR,2020,2020-09-28,2020-09-29,291.0,285.0,21,49
alloc-2020_11941464_RIVERSIDE-2020-10-07,2020_11941464_RIVERSIDE,RIVERSIDE,OR,2020,2020-10-07,2020-10-08,145.0,145.0,30,49
alloc-2020_11941464_RIVERSIDE-2020-10-16,2020_11941464_RIVERSIDE,RIVERSIDE,OR,2020,2020-10-16,2020-10-17,19.0,18.0,39,49
alloc-2020_11941464_RIVERSIDE-2020-10-25,2020_11941464_RIVERSIDE,RIVERSIDE,OR,2020,2020-10-25,2020-10-26,20.0,20.0,48,49
alloc-2020_11943503_BIG HOLLOW-2020-09-13,2020_11943503_BIG HOLLOW,BIG HOLLOW,WA,2020,2020-09-13,2020-09-14,150.0,115.0,4,18
alloc-2020_11943503_BIG HOLLOW-2020-09-15,2020_11943503_BIG HOLLOW,BIG HOLLOW,WA,2020,2020-09-15,2020-09-16,155.0,180.0,6,18
alloc-2020_11943503_BIG HOLLOW-2020-09-18,2020_11943503_BIG HOLLOW,BIG HOLLOW,WA,2020,2020-09-18,2020-09-19,108.0,147.0,9,18
alloc-2020_11943503_BIG HOLLOW-2020-09-20,2020_11943503_BIG HOLLOW,BIG HOLLOW,WA,2020,2020-09-20,2020-09-21,86.0,109.0,11,18
alloc-2020_11943503_BIG HOLLOW-2020-09-23,2020_11943503_BIG HOLLOW,BIG HOLLOW,WA,2020,2020-09-23,2020-09-24,60.0,88.0,14,18
alloc-2020_11943503_BIG HOLLOW-2020-09-26,2020_11943503_BIG HOLLOW,BIG HOLLOW,WA,2020,2020-09-26,2020-09-27,52.0,49.0,17,18
alloc-2020_11944165_THIELSEN-2020-09-14,2020_11944165_THIELSEN,Thielsen,OR,2020,2020-09-14,2020-09-15,128.0,100.0,4,38
alloc-2020_11944165_THIELSEN-2020-09-20,2020_11944165_THIELSEN,Thielsen,OR,2020,2020-09-20,2020-09-21,203.0,190.0,10,38
alloc-2020_11944165_THIELSEN-2020-09-27,2020_11944165_THIELSEN,Thielsen,OR,2020,2020-09-27,2020-09-28,141.0,188.0,17,38
alloc-2020_11944165_THIELSEN-2020-10-03,2020_11944165_THIELSEN,Thielsen,OR,2020,2020-10-03,2020-10-04,104.0,105.0,23,38
alloc-2020_11944165_THIELSEN-2020-10-10,2020_11944165_THIELSEN,Thielsen,OR,2020,2020-10-10,2020-10-11,46.0,44.0,30,38
alloc-2020_11944165_THIELSEN-2020-10-17,2020_11944165_THIELSEN,Thielsen,OR,2020,2020-10-17,2020-10-18,26.0,32.0,37,38
alloc-2020_11947539_CALLAHAN-2020-09-13,2020_11947539_CALLAHAN,Callahan,ID,2020,2020-09-13,2020-09-14,46.0,31.0,4,19
alloc-2020_11947539_CALLAHAN-2020-09-15,2020_11947539_CALLAHAN,Callahan,ID,2020,2020-09-15,2020-09-16,109.0,60.0,6,19
alloc-2020_11947539_CALLAHAN-2020-09-18,2020_11947539_CALLAHAN,Callahan,ID,2020,2020-09-18,2020-09-19,174.0,133.0,9,19
alloc-2020_11947539_CALLAHAN-2020-09-21,2020_11947539_CALLAHAN,Callahan,ID,2020,2020-09-21,2020-09-22,126.0,129.0,12,19
alloc-2020_11947539_CALLAHAN-2020-09-24,2020_11947539_CALLAHAN,Callahan,ID,2020,2020-09-24,2020-09-25,61.0,116.0,15,19
alloc-2020_11947539_CALLAHAN-2020-09-27,2020_11947539_CALLAHAN,Callahan,ID,2020,2020-09-27,2020-09-28,34.0,59.0,18,19
alloc-2020_11948237_MIDDLE FORK-2020-09-10,2020_11948237_MIDDLE FORK,MIDDLE FORK,CO,2020,2020-09-10,2020-09-11,46.0,20.0,4,65
alloc-2020_11948237_MIDDLE FORK-2020-09-22,2020_11948237_MIDDLE FORK,MIDDLE FORK,CO,2020,2020-09-22,2020-09-23,50.0,50.0,16,65
alloc-2020_11948237_MIDDLE FORK-2020-10-04,2020_11948237_MIDDLE FORK,MIDDLE FORK,CO,2020,2020-10-04,2020-10-05,33.0,40.0,28,65
alloc-2020_11948237_MIDDLE FORK-2020-10-16,2020_11948237_MIDDLE FORK,MIDDLE FORK,CO,2020,2020-10-16,2020-10-17,55.0,58.0,40,65
alloc-2020_11948237_MIDDLE FORK-2020-10-28,2020_11948237_MIDDLE FORK,MIDDLE FORK,CO,2020,2020-10-28,2020-10-29,20.0,22.0,52,65
alloc-2020_11948237_MIDDLE FORK-2020-11-09,2020_11948237_MIDDLE FORK,MIDDLE FORK,CO,2020,2020-11-09,2020-11-10,1.0,3.0,64,65
alloc-2020_11949586_S. OBENCHAIN-2020-09-19,2020_11949586_S. OBENCHAIN,S. Obenchain,OR,2020,2020-09-19,2020-09-20,663.0,692.0,4,18
alloc-2020_11949586_S. OBENCHAIN-2020-09-21,2020_11949586_S. OBENCHAIN,S. Obenchain,OR,2020,2020-09-21,2020-09-22,635.0,638.0,6,18
alloc-2020_11949586_S. OBENCHAIN-2020-09-24,2020_11949586_S. OBENCHAIN,S. Obenchain,OR,2020,2020-09-24,2020-09-25,318.0,487.0,9,18
alloc-2020_11949586_S. OBENCHAIN-2020-09-26,2020_11949586_S. OBENCHAIN,S. Obenchain,OR,2020,2020-09-26,2020-09-27,290.0,285.0,11,18
alloc-2020_11949586_S. OBENCHAIN-2020-09-29,2020_11949586_S. OBENCHAIN,S. Obenchain,OR,2020,2020-09-29,2020-09-30,261.0,296.0,14,18
alloc-2020_11949586_S. OBENCHAIN-2020-10-02,2020_11949586_S. OBENCHAIN,S. Obenchain,OR,2020,2020-10-02,2020-10-03,121.0,150.0,17,18
alloc-2020_11955066_WILLIAM-2020-09-10,2020_11955066_WILLIAM,William,UT,2020,2020-09-10,2020-09-11,76.0,76.0,4,36
alloc-2020_11955066_WILLIAM-2020-09-16,2020_11955066_WILLIAM,William,UT,2020,2020-09-16,2020-09-17,90.0,77.0,10,36
alloc-2020_11955066_WILLIAM-2020-09-22,2020_11955066_WILLIAM,William,UT,2020,2020-09-22,2020-09-23,80.0,83.0,16,36
alloc-2020_11955066_WILLIAM-2020-09-28,2020_11955066_WILLIAM,William,UT,2020,2020-09-28,2020-09-29,41.0,41.0,22,36
alloc-2020_11955066_WILLIAM-2020-10-04,2020_11955066_WILLIAM,William,UT,2020,2020-10-04,2020-10-05,24.0,24.0,28,36
alloc-2020_11955066_WILLIAM-2020-10-11,2020_11955066_WILLIAM,William,UT,2020,2020-10-11,2020-10-12,2.0,2.0,35,36
alloc-2020_11958269_HORSE-2020-10-18,2020_11958269_HORSE,Horse,AZ,2020,2020-10-18,2020-10-19,142.0,115.0,4,18
alloc-2020_11958269_HORSE-2020-10-20,2020_11958269_HORSE,Horse,AZ,2020,2020-10-20,2020-10-21,150.0,135.0,6,18
alloc-2020_11958269_HORSE-2020-10-23,2020_11958269_HORSE,Horse,AZ,2020,2020-10-23,2020-10-24,107.0,127.0,9,18
alloc-2020_11958269_HORSE-2020-10-25,2020_11958269_HORSE,Horse,AZ,2020,2020-10-25,2020-10-26,55.0,54.0,11,18
alloc-2020_11958269_HORSE-2020-10-28,2020_11958269_HORSE,Horse,AZ,2020,2020-10-28,2020-10-29,35.0,35.0,14,18
alloc-2020_11958269_HORSE-2020-10-31,2020_11958269_HORSE,Horse,AZ,2020,2020-10-31,2020-11-01,17.0,17.0,17,18
alloc-2020_11962442_SEARS-2020-09-28,2020_11962442_SEARS,Sears,AZ,2020,2020-09-28,2020-09-29,197.0,250.0,4,17
alloc-2020_11962442_SEARS-2020-09-30,2020_11962442_SEARS,Sears,AZ,2020,2020-09-30,2020-10-01,117.0,177.0,6,17
alloc-2020_11962442_SEARS-2020-10-02,2020_11962442_SEARS,Sears,AZ,2020,2020-10-02,2020-10-03,86.0,108.0,8,17
alloc-2020_11962442_SEARS-2020-10-05,2020_11962442_SEARS,Sears,AZ,2020,2020-10-05,2020-10-06,40.0,40.0,11,17
alloc-2020_11962442_SEARS-2020-10-07,2020_11962442_SEARS,Sears,AZ,2020,2020-10-07,2020-10-08,40.0,40.0,13,17
alloc-2020_11962442_SEARS-2020-10-10,2020_11962442_SEARS,Sears,AZ,2020,2020-10-10,2020-10-11,21.0,31.0,16,17
alloc-2020_11965193_YOGO-2020-10-06,2020_11965193_YOGO,Yogo,MT,2020,2020-10-06,2020-10-07,60.0,58.0,4,16
alloc-2020_11965193_YOGO-2020-10-08,2020_11965193_YOGO,Yogo,MT,2020,2020-10-08,2020-10-09,66.0,55.0,6,16
alloc-2020_11965193_YOGO-2020-10-10,2020_11965193_YOGO,Yogo,MT,2020,2020-10-10,2020-10-11,89.0,66.0,8,16
alloc-2020_11965193_YOGO-2020-10-12,2020_11965193_YOGO,Yogo,MT,2020,2020-10-12,2020-10-13,68.0,83.0,10,16
alloc-2020_11965193_YOGO-2020-10-14,2020_11965193_YOGO,Yogo,MT,2020,2020-10-14,2020-10-15,25.0,72.0,12,16
alloc-2020_11965193_YOGO-2020-10-17,2020_11965193_YOGO,Yogo,MT,2020,2020-10-17,2020-10-18,12.0,14.0,15,16
alloc-2020_11966019_CALWOOD-2020-10-20,2020_11966019_CALWOOD,Calwood,CO,2020,2020-10-20,2020-10-21,283.0,272.0,4,21
alloc-2020_11966019_CALWOOD-2020-10-23,2020_11966019_CALWOOD,Calwood,CO,2020,2020-10-23,2020-10-24,159.0,290.0,7,21
alloc-2020_11966019_CALWOOD-2020-10-26,2020_11966019_CALWOOD,Calwood,CO,2020,2020-10-26,2020-10-27,142.0,145.0,10,21
alloc-2020_11966019_CALWOOD-2020-10-29,2020_11966019_CALWOOD,Calwood,CO,2020,2020-10-29,2020-10-30,26.0,23.0,13,21
alloc-2020_11966019_CALWOOD-2020-11-01,2020_11966019_CALWOOD,Calwood,CO,2020,2020-11-01,2020-11-02,26.0,26.0,16,21
alloc-2020_11966019_CALWOOD-2020-11-05,2020_11966019_CALWOOD,Calwood,CO,2020,2020-11-05,2020-11-06,29.0,29.0,20,21
alloc-2020_11966782_EAST TROUBLESOME-2020-10-17,2020_11966782_EAST TROUBLESOME,EAST TROUBLESOME,CO,2020,2020-10-17,2020-10-18,125.0,141.0,4,32
alloc-2020_11966782_EAST TROUBLESOME-2020-10-22,2020_11966782_EAST TROUBLESOME,EAST TROUBLESOME,CO,2020,2020-10-22,2020-10-23,161.0,154.0,9,32
alloc-2020_11966782_EAST TROUBLESOME-2020-10-27,2020_11966782_EAST TROUBLESOME,EAST TROUBLESOME,CO,2020,2020-10-27,2020-10-28,387.0,407.0,14,32
alloc-2020_11966782_EAST TROUBLESOME-2020-11-02,2020_11966782_EAST TROUBLESOME,EAST TROUBLESOME,CO,2020,2020-11-02,2020-11-03,136.0,159.0,20,32
alloc-2020_11966782_EAST TROUBLESOME-2020-11-07,2020_11966782_EAST TROUBLESOME,EAST TROUBLESOME,CO,2020,2020-11-07,2020-11-08,67.0,98.0,25,32
alloc-2020_11966782_EAST TROUBLESOME-2020-11-13,2020_11966782_EAST TROUBLESOME,EAST TROUBLESOME,CO,2020,2020-11-13,2020-11-14,31.0,31.0,31,32
alloc-2020_11969659_CLACKAMAS COUNTY FIRES-2020-09-21,2020_11969659_CLACKAMAS COUNTY FIRES,Clackamas County Fires,OR,2020,2020-09-21,2020-09-22,168.0,200.0,4,12
alloc-2020_11969659_CLACKAMAS COUNTY FIRES-2020-09-22,2020_11969659_CLACKAMAS COUNTY FIRES,Clackamas County Fires,OR,2020,2020-09-22,2020-09-23,134.0,168.0,5,12
alloc-2020_11969659_CLACKAMAS COUNTY FIRES-2020-09-23,2020_11969659_CLACKAMAS COUNTY FIRES,Clackamas County Fires,OR,2020,2020-09-23,2020-09-24,120.0,134.0,6,12
alloc-2020_11969659_CLACKAMAS COUNTY FIRES-2020-09-25,2020_11969659_CLACKAMAS COUNTY FIRES,Clackamas County Fires,OR,2020,2020-09-25,2020-09-26,117.0,118.0,8,12
alloc-2020_11969659_CLACKAMAS COUNTY FIRES-2020-09-26,2020_11969659_CLACKAMAS COUNTY FIRES,Clackamas County Fires,OR,2020,2020-09-26,2020-09-27,116.0,117.0,9,12
alloc-2020_11969659_CLACKAMAS COUNTY FIRES-2020-09-28,2020_11969659_CLACKAMAS COUNTY FIRES,Clackamas County Fires,OR,2020,2020-09-28,2020-09-29,14.0,47.0,11,12
alloc-2020_11970319_LUNA-2020-10-22,2020_11970319_LUNA,Luna,NM,2020,2020-10-22,2020-10-23,154.0,127.0,4,13
alloc-2020_11970319_LUNA-2020-10-23,2020_11970319_LUNA,Luna,NM,2020,2020-10-23,2020-10-24,103.0,154.0,5,13
alloc-2020_11970319_LUNA-2020-10-25,2020_11970319_LUNA,Luna,NM,2020,2020-10-25,2020-10-26,30.0,82.0,7,13
alloc-2020_11970319_LUNA-2020-10-26,2020_11970319_LUNA,Luna,NM,2020,2020-10-26,2020-10-27,21.0,30.0,8,13
alloc-2020_11970319_LUNA-2020-10-28,2020_11970319_LUNA,Luna,NM,2020,2020-10-28,2020-10-29,8.0,20.0,10,13
alloc-2020_11970319_LUNA-2020-10-30,2020_11970319_LUNA,Luna,NM,2020,2020-10-30,2020-10-31,35.0,8.0,12,13
