item_id,label,answer,target_date,window_start,window_end,longitude,latitude,burned_area_ha,source_file,source_sample,fold
mesogeos-neg-14591-2021-01-02,0,no,2021-01-02,2020-12-03,2021-01-01,29.9394,36.5126,,negatives.csv,14591,7
mesogeos-neg-14592-2021-01-03,0,no,2021-01-03,2020-12-04,2021-01-02,9.2074,40.6812,,negatives.csv,14592,5
mesogeos-neg-14593-2021-01-03,0,no,2021-01-03,2020-12-04,2021-01-02,26.5462,38.2243,,negatives.csv,14593,4
mesogeos-neg-14594-2021-01-04,0,no,2021-01-04,2020-12-05,2021-01-03,-6.54047,41.5068,,negatives.csv,14594,9
mesogeos-neg-14595-2021-01-04,0,no,2021-01-04,2020-12-05,2021-01-03,-1.90875,40.5301,,negatives.csv,14595,9
mesogeos-neg-14596-2021-01-05,0,no,2021-01-05,2020-12-06,2021-01-04,-7.49703,37.3181,,negatives.csv,14596,0
mesogeos-neg-14597-2021-01-06,0,no,2021-01-06,2020-12-07,2021-01-05,28.4089,39.4125,,negatives.csv,14597,8
mesogeos-neg-14598-2021-01-07,0,no,2021-01-07,2020-12-08,2021-01-06,15.3193,40.9832,,negatives.csv,14598,9
mesogeos-neg-14599-2021-01-07,0,no,2021-01-07,2020-12-08,2021-01-06,3.20629,34.9016,,negatives.csv,14599,2
mesogeos-neg-14600-2021-01-08,0,no,2021-01-08,2020-12-09,2021-01-07,35.7391,32.334,,negatives.csv,14600,1
mesogeos-neg-14601-2021-01-09,0,no,2021-01-09,2020-12-10,2021-01-08,-2.07992,34.9318,,negatives.csv,14601,0
mesogeos-neg-14602-2021-01-10,0,no,2021-01-10,2020-12-11,2021-01-09,1.95774,41.7283,,negatives.csv,14602,9
mesogeos-neg-14603-2021-01-11,0,no,2021-01-11,2020-12-12,2021-01-10,-1.17371,39.9059,,negatives.csv,14603,2
mesogeos-neg-14604-2021-01-12,0,no,2021-01-12,2020-12-13,2021-01-11,31.7518,36.7241,,negatives.csv,14604,3
mesogeos-neg-14605-2021-01-13,0,no,2021-01-13,2020-12-14,2021-01-12,-5.24158,42.121,,negatives.csv,14605,8
mesogeos-neg-14606-2021-01-14,0,no,2021-01-14,2020-12-15,2021-01-13,8.80464,39.4628,,negatives.csv,14606,9
mesogeos-neg-14607-2021-01-14,0,no,2021-01-14,2020-12-15,2021-01-13,-7.5071,31.458,,negatives.csv,14607,5
mesogeos-neg-14608-2021-01-15,0,no,2021-01-15,2020-12-16,2021-01-14,1.65567,36.1904,,negatives.csv,14608,9
mesogeos-neg-14609-2021-01-16,0,no,2021-01-16,2020-12-17,2021-01-15,13.6881,41.386,,negatives.csv,14609,8
mesogeos-neg-14610-2021-01-17,0,no,2021-01-17,2020-12-18,2021-01-16,-1.26433,39.2916,,negatives.csv,14610,3
mesogeos-neg-14611-2021-01-18,0,no,2021-01-18,2020-12-19,2021-01-17,-7.07413,37.7914,,negatives.csv,14611,1
mesogeos-neg-14612-2021-01-18,0,no,2021-01-18,2020-12-19,2021-01-17,22.6797,40.802,,negatives.csv,14612,8
mesogeos-pos-00621-2021-01-19,1,yes,2021-01-19,2020-12-20,2021-01-18,-8.1213,41.0336,187.0,positives.csv,621,5
mesogeos-neg-14613-2021-01-19,0,no,2021-01-19,2020-12-20,2021-01-18,12.0871,43.9334,,negatives.csv,14613,4
mesogeos-neg-14614-2021-01-20,0,no,2021-01-20,2020-12-21,2021-01-19,5.2805,44.1449,,negatives.csv,14614,0
mesogeos-neg-14615-2021-01-21,0,no,2021-01-21,2020-12-22,2021-01-20,3.00491,43.1481,,negatives.csv,14615,3
mesogeos-pos-00622-2021-01-22,1,yes,2021-01-22,2020-12-23,2021-01-21,-2.90558,36.8952,715.0,positives.csv,622,6
mesogeos-neg-14616-2021-01-22,0,no,2021-01-22,2020-12-23,2021-01-21,13.0034,43.1682,,negatives.csv,14616,7
mesogeos-neg-14617-2021-01-23,0,no,2021-01-23,2020-12-24,2021-01-22,-3.46944,42.5741,,negatives.csv,14617,0
mesogeos-neg-14618-2021-01-24,0,no,2021-01-24,2020-12-25,2021-01-23,-5.6544,36.7744,,negatives.csv,14618,1
mesogeos-neg-14619-2021-01-25,0,no,2021-01-25,2020-12-26,2021-01-24,-4.60723,33.3812,,negatives.csv,14619,9
mesogeos-neg-14620-2021-01-26,0,no,2021-01-26,2020-12-27,2021-01-25,27.6739,37.9223,,negatives.csv,14620,7
mesogeos-neg-14621-2021-01-27,0,no,2021-01-27,2020-12-28,2021-01-26,-2.58337,41.3759,,negatives.csv,14621,8
mesogeos-neg-14622-2021-01-28,0,no,2021-01-28,2020-12-29,2021-01-27,22.5689,41.6679,,negatives.csv,14622,4
mesogeos-neg-14623-2021-01-29,0,no,2021-01-29,2020-12-30,2021-01-28,-8.40323,39.0198,,negatives.csv,14623,7
mesogeos-neg-14624-2021-01-30,0,no,2021-01-30,2020-12-31,2021-01-29,35.6787,37.3987,,negatives.csv,14624,2
mesogeos-neg-14625-2021-01-31,0,no,2021-01-31,2021-01-01,2021-01-30,-9.53096,30.9747,,negatives.csv,14625,5
mesogeos-pos-04922-2021-02-01,1,yes,2021-02-01,2021-01-02,2021-01-31,-2.43233,37.1772,955.0,positives.csv,4922,7
mesogeos-neg-14626-2021-02-01,0,no,2021-02-01,2021-01-02,2021-01-31,29.9495,37.1268,,negatives.csv,14626,7
mesogeos-neg-14627-2021-02-02,0,no,2021-02-02,2021-01-03,2021-02-01,29.9193,38.3854,,negatives.csv,14627,1
mesogeos-neg-14628-2021-02-03,0,no,2021-02-03,2021-01-04,2021-02-02,32.9802,36.2307,,negatives.csv,14628,7
mesogeos-neg-14629-2021-02-03,0,no,2021-02-03,2021-01-04,2021-02-02,7.15333,36.6032,,negatives.csv,14629,8
mesogeos-neg-14630-2021-02-04,0,no,2021-02-04,2021-01-05,2021-02-03,-6.19813,40.3791,,negatives.csv,14630,6
mesogeos-neg-14631-2021-02-04,0,no,2021-02-04,2021-01-05,2021-02-03,-8.02061,39.8756,,negatives.csv,14631,5
mesogeos-pos-03889-2021-02-05,1,yes,2021-02-05,2021-01-06,2021-02-04,4.76698,43.5307,31.0,positives.csv,3889,0
mesogeos-pos-08346-2021-02-05,1,yes,2021-02-05,2021-01-06,2021-02-04,1.92753,36.4522,61.0,positives.csv,8346,4
mesogeos-neg-14632-2021-02-05,0,no,2021-02-05,2021-01-06,2021-02-04,8.19043,44.155,,negatives.csv,14632,3
mesogeos-neg-14633-2021-02-06,0,no,2021-02-06,2021-01-07,2021-02-05,-3.92254,39.4628,,negatives.csv,14633,0
mesogeos-neg-14634-2021-02-07,0,no,2021-02-07,2021-01-08,2021-02-06,-6.5002,37.9223,,negatives.csv,14634,9
mesogeos-neg-14635-2021-02-07,0,no,2021-02-07,2021-01-08,2021-02-06,25.4889,41.1745,,negatives.csv,14635,7
mesogeos-neg-14636-2021-02-08,0,no,2021-02-08,2021-01-09,2021-02-07,17.1619,43.3696,,negatives.csv,14636,0
mesogeos-neg-14637-2021-02-08,0,no,2021-02-08,2021-01-09,2021-02-07,28.711,40.0368,,negatives.csv,14637,2
mesogeos-neg-14638-2021-02-09,0,no,2021-02-09,2021-01-10,2021-02-08,33.9267,36.422,,negatives.csv,14638,0
mesogeos-neg-14639-2021-02-10,0,no,2021-02-10,2021-01-11,2021-02-09,25.2875,35.2943,,negatives.csv,14639,7
mesogeos-neg-14640-2021-02-11,0,no,2021-02-11,2021-01-12,2021-02-10,-6.70158,38.8486,,negatives.csv,14640,2
mesogeos-neg-14641-2021-02-12,0,no,2021-02-12,2021-01-13,2021-02-11,9.81154,36.7845,,negatives.csv,14641,6
mesogeos-neg-14642-2021-02-13,0,no,2021-02-13,2021-01-14,2021-02-12,13.7988,41.3256,,negatives.csv,14642,8
mesogeos-neg-14643-2021-02-14,0,no,2021-02-14,2021-01-15,2021-02-13,-5.50337,36.4824,,negatives.csv,14643,0
mesogeos-neg-14644-2021-02-14,0,no,2021-02-14,2021-01-15,2021-02-13,22.3877,32.7871,,negatives.csv,14644,3
mesogeos-neg-14645-2021-02-15,0,no,2021-02-15,2021-01-16,2021-02-14,-1.97923,33.0388,,negatives.csv,14645,7
mesogeos-neg-14646-2021-02-16,0,no,2021-02-16,2021-01-17,2021-02-15,-0.257436,34.8009,,negatives.csv,14646,2
mesogeos-neg-14647-2021-02-16,0,no,2021-02-16,2021-01-17,2021-02-15,8.2005,44.9605,,negatives.csv,14647,2
mesogeos-pos-04798-2021-02-17,1,yes,2021-02-17,2021-01-18,2021-02-16,29.3554,36.3012,307.0,positives.csv,4798,4
mesogeos-neg-14648-2021-02-17,0,no,2021-02-17,2021-01-18,2021-02-16,-7.02378,33.6732,,negatives.csv,14648,8
mesogeos-neg-14649-2021-02-18,0,no,2021-02-18,2021-01-19,2021-02-17,-7.38627,39.7145,,negatives.csv,14649,1
mesogeos-neg-14650-2021-02-19,0,no,2021-02-19,2021-01-20,2021-02-18,21.5721,39.5937,,negatives.csv,14650,5
mesogeos-neg-14651-2021-02-20,0,no,2021-02-20,2021-01-21,2021-02-19,-0.0157803,40.2281,,negatives.csv,14651,3
mesogeos-neg-14652-2021-02-20,0,no,2021-02-20,2021-01-21,2021-02-19,-7.51716,41.6075,,negatives.csv,14652,1
mesogeos-neg-14653-2021-02-21,0,no,2021-02-21,2021-01-22,2021-02-20,-0.70047,42.0606,,negatives.csv,14653,7
mesogeos-neg-14654-2021-02-21,0,no,2021-02-21,2021-01-22,2021-02-20,-7.57758,41.5471,,negatives.csv,14654,2
mesogeos-neg-14655-2021-02-22,0,no,2021-02-22,2021-01-23,2021-02-21,22.0453,38.0431,,negatives.csv,14655,9
mesogeos-pos-03650-2021-02-23,1,yes,2021-02-23,2021-01-24,2021-02-22,8.08974,43.9637,61.0,positives.csv,3650,5
mesogeos-neg-14656-2021-02-23,0,no,2021-02-23,2021-01-24,2021-02-22,28.7513,39.9763,,negatives.csv,14656,5
mesogeos-pos-05955-2021-02-24,1,yes,2021-02-24,2021-01-25,2021-02-23,16.1449,44.0643,39.0,positives.csv,5955,5
mesogeos-neg-14657-2021-02-24,0,no,2021-02-24,2021-01-25,2021-02-23,11.4729,42.4634,,negatives.csv,14657,7
mesogeos-neg-14658-2021-02-25,0,no,2021-02-25,2021-01-26,2021-02-24,6.0256,35.3043,,negatives.csv,14658,9
mesogeos-neg-14659-2021-02-26,0,no,2021-02-26,2021-01-27,2021-02-25,-3.91247,42.7151,,negatives.csv,14659,2
mesogeos-pos-06579-2021-02-27,1,yes,2021-02-27,2021-01-28,2021-02-26,9.10671,42.0203,60.0,positives.csv,6579,7
mesogeos-neg-14660-2021-02-27,0,no,2021-02-27,2021-01-28,2021-02-26,29.3453,37.3785,,negatives.csv,14660,3
mesogeos-neg-14661-2021-02-27,0,no,2021-02-27,2021-01-28,2021-02-26,-0.418539,40.8322,,negatives.csv,14661,3
mesogeos-pos-02957-2021-02-28,1,yes,2021-02-28,2021-01-29,2021-02-27,13.1846,38.0129,44.0,positives.csv,2957,5
mesogeos-pos-05959-2021-02-28,1,yes,2021-02-28,2021-01-29,2021-02-27,20.5652,40.0166,42.0,positives.csv,5959,6
mesogeos-pos-05965-2021-02-28,1,yes,2021-02-28,2021-01-29,2021-02-27,17.9573,43.1682,101.0,positives.csv,5965,7
mesogeos-neg-14662-2021-02-28,0,no,2021-02-28,2021-01-29,2021-02-27,21.7433,38.1539,,negatives.csv,14662,7
mesogeos-pos-05958-2021-03-01,1,yes,2021-03-01,2021-01-30,2021-02-28,18.8535,42.3425,354.0,positives.csv,5958,7
mesogeos-pos-05961-2021-03-01,1,yes,2021-03-01,2021-01-30,2021-02-28,18.4205,42.7554,228.0,positives.csv,5961,7
mesogeos-neg-14663-2021-03-01,0,no,2021-03-01,2021-01-30,2021-02-28,30.2818,39.6139,,negatives.csv,14663,3
mesogeos-pos-05960-2021-03-02,1,yes,2021-03-02,2021-01-31,2021-03-01,20.1222,39.9763,86.0,positives.csv,5960,1
mesogeos-pos-06578-2021-03-02,1,yes,2021-03-02,2021-01-31,2021-03-01,8.95567,42.3425,128.0,positives.csv,6578,4
mesogeos-neg-14664-2021-03-02,0,no,2021-03-02,2021-01-31,2021-03-01,-4.06351,37.4088,,negatives.csv,14664,3
mesogeos-neg-14665-2021-03-02,0,no,2021-03-02,2021-01-31,2021-03-01,-2.42226,42.121,,negatives.csv,14665,5
mesogeos-neg-14666-2021-03-02,0,no,2021-03-02,2021-01-31,2021-03-01,-4.42599,40.7214,,negatives.csv,14666,7
mesogeos-neg-14667-2021-03-02,0,no,2021-03-02,2021-01-31,2021-03-01,-3.7413,39.3823,,negatives.csv,14667,9
mesogeos-neg-14668-2021-03-02,0,no,2021-03-02,2021-01-31,2021-03-01,16.1147,38.3754,,negatives.csv,14668,3
mesogeos-neg-14669-2021-03-02,0,no,2021-03-02,2021-01-31,2021-03-01,22.0957,38.8285,,negatives.csv,14669,8
mesogeos-pos-02956-2021-03-03,1,yes,2021-03-03,2021-02-01,2021-03-02,16.004,39.5031,123.0,positives.csv,2956,5
mesogeos-pos-05957-2021-03-03,1,yes,2021-03-03,2021-02-01,2021-03-02,18.8837,42.5641,81.0,positives.csv,5957,1
mesogeos-pos-05963-2021-03-03,1,yes,2021-03-03,2021-02-01,2021-03-02,18.2896,42.9366,214.0,positives.csv,5963,8
mesogeos-pos-05964-2021-03-03,1,yes,2021-03-03,2021-02-01,2021-03-02,18.4306,43.0172,399.0,positives.csv,5964,5
mesogeos-pos-05966-2021-03-03,1,yes,2021-03-03,2021-02-01,2021-03-02,18.3299,42.8963,153.0,positives.csv,5966,3
mesogeos-pos-05970-2021-03-03,1,yes,2021-03-03,2021-02-01,2021-03-02,17.7056,43.2689,56.0,positives.csv,5970,2
mesogeos-pos-06045-2021-03-03,1,yes,2021-03-03,2021-02-01,2021-03-02,18.9542,42.6144,317.0,positives.csv,6045,8
mesogeos-pos-06500-2021-03-03,1,yes,2021-03-03,2021-02-01,2021-03-02,19.9006,41.9197,147.0,positives.csv,6500,5
mesogeos-neg-14670-2021-03-03,0,no,2021-03-03,2021-02-01,2021-03-02,-0.0459872,35.5259,,negatives.csv,14670,7
mesogeos-neg-14671-2021-03-03,0,no,2021-03-03,2021-02-01,2021-03-02,1.42408,35.7373,,negatives.csv,14671,1
mesogeos-neg-14672-2021-03-03,0,no,2021-03-03,2021-02-01,2021-03-02,12.8524,42.0103,,negatives.csv,14672,8
mesogeos-neg-14673-2021-03-03,0,no,2021-03-03,2021-02-01,2021-03-02,-7.23523,38.5365,,negatives.csv,14673,8
mesogeos-neg-14674-2021-03-03,0,no,2021-03-03,2021-02-01,2021-03-02,31.6914,36.9657,,negatives.csv,14674,9
mesogeos-neg-14675-2021-03-04,0,no,2021-03-04,2021-02-02,2021-03-03,-7.26544,42.2217,,negatives.csv,14675,0
mesogeos-neg-14676-2021-03-04,0,no,2021-03-04,2021-02-02,2021-03-03,27.4826,38.4761,,negatives.csv,14676,6
mesogeos-neg-14677-2021-03-04,0,no,2021-03-04,2021-02-02,2021-03-03,9.19733,35.6064,,negatives.csv,14677,4
mesogeos-neg-14678-2021-03-04,0,no,2021-03-04,2021-02-02,2021-03-03,23.2939,40.359,,negatives.csv,14678,7
mesogeos-neg-14679-2021-03-04,0,no,2021-03-04,2021-02-02,2021-03-03,29.7783,39.3118,,negatives.csv,14679,9
mesogeos-pos-03651-2021-03-05,1,yes,2021-03-05,2021-02-03,2021-03-04,15.9033,41.7888,37.0,positives.csv,3651,1
mesogeos-pos-06499-2021-03-05,1,yes,2021-03-05,2021-02-03,2021-03-04,20.243,42.2922,120.0,positives.csv,6499,7
mesogeos-neg-14680-2021-03-05,0,no,2021-03-05,2021-02-03,2021-03-04,-6.41965,39.2312,,negatives.csv,14680,5
mesogeos-neg-14681-2021-03-05,0,no,2021-03-05,2021-02-03,2021-03-04,2.43098,41.7787,,negatives.csv,14681,2
mesogeos-neg-14682-2021-03-05,0,no,2021-03-05,2021-02-03,2021-03-04,21.7131,38.6573,,negatives.csv,14682,9
mesogeos-neg-14683-2021-03-05,0,no,2021-03-05,2021-02-03,2021-03-04,30.0602,37.7108,,negatives.csv,14683,7
mesogeos-neg-14684-2021-03-05,0,no,2021-03-05,2021-02-03,2021-03-04,30.312,39.3118,,negatives.csv,14684,3
mesogeos-neg-14685-2021-03-05,0,no,2021-03-05,2021-02-03,2021-03-04,-6.92309,40.1475,,negatives.csv,14685,3
mesogeos-neg-14686-2021-03-06,0,no,2021-03-06,2021-02-04,2021-03-05,-1.07302,39.4528,,negatives.csv,14686,5
mesogeos-neg-14687-2021-03-06,0,no,2021-03-06,2021-02-04,2021-03-05,-0.156746,41.4565,,negatives.csv,14687,3
mesogeos-neg-14688-2021-03-06,0,no,2021-03-06,2021-02-04,2021-03-05,-4.4864,33.9652,,negatives.csv,14688,4
mesogeos-neg-14689-2021-03-06,0,no,2021-03-06,2021-02-04,2021-03-05,10.9091,42.8863,,negatives.csv,14689,5
mesogeos-neg-14690-2021-03-06,0,no,2021-03-06,2021-02-04,2021-03-05,-1.37509,41.3961,,negatives.csv,14690,7
mesogeos-pos-06498-2021-03-07,1,yes,2021-03-07,2021-02-05,2021-03-06,21.3002,40.9329,32.0,positives.csv,6498,6
mesogeos-neg-14691-2021-03-07,0,no,2021-03-07,2021-02-05,2021-03-06,7.26409,44.1046,,negatives.csv,14691,7
mesogeos-neg-14692-2021-03-07,0,no,2021-03-07,2021-02-05,2021-03-06,-2.56323,40.2583,,negatives.csv,14692,9
mesogeos-neg-14693-2021-03-07,0,no,2021-03-07,2021-02-05,2021-03-06,-5.73496,38.3653,,negatives.csv,14693,3
mesogeos-neg-14694-2021-03-07,0,no,2021-03-07,2021-02-05,2021-03-06,-1.48585,37.6303,,negatives.csv,14694,9
mesogeos-neg-14695-2021-03-07,0,no,2021-03-07,2021-02-05,2021-03-06,3.93126,36.1199,,negatives.csv,14695,6
mesogeos-neg-14696-2021-03-07,0,no,2021-03-07,2021-02-05,2021-03-06,-7.98034,40.1979,,negatives.csv,14696,2
mesogeos-neg-14697-2021-03-08,0,no,2021-03-08,2021-02-06,2021-03-07,-0.197022,40.7214,,negatives.csv,14697,0
mesogeos-neg-14698-2021-03-08,0,no,2021-03-08,2021-02-06,2021-03-07,-1.49592,40.1676,,negatives.csv,14698,0
mesogeos-neg-14699-2021-03-08,0,no,2021-03-08,2021-02-06,2021-03-07,-2.14033,38.3955,,negatives.csv,14699,5
mesogeos-neg-14700-2021-03-08,0,no,2021-03-08,2021-02-06,2021-03-07,-1.22406,41.97,,negatives.csv,14700,4
mesogeos-neg-14701-2021-03-08,0,no,2021-03-08,2021-02-06,2021-03-07,9.29802,35.3043,,negatives.csv,14701,3
mesogeos-neg-14702-2021-03-08,0,no,2021-03-08,2021-02-06,2021-03-07,27.392,39.2916,,negatives.csv,14702,6
mesogeos-pos-01600-2021-03-09,1,yes,2021-03-09,2021-02-07,2021-03-08,-6.77206,41.9901,40.0,positives.csv,1600,9
mesogeos-neg-14703-2021-03-09,0,no,2021-03-09,2021-02-07,2021-03-08,16.9303,39.3621,,negatives.csv,14703,7
mesogeos-neg-14704-2021-03-09,0,no,2021-03-09,2021-02-07,2021-03-08,10.0633,44.6181,,negatives.csv,14704,9
mesogeos-neg-14705-2021-03-09,0,no,2021-03-09,2021-02-07,2021-03-08,-0.277574,42.121,,negatives.csv,14705,0
mesogeos-neg-14706-2021-03-09,0,no,2021-03-09,2021-02-07,2021-03-08,28.3284,38.6372,,negatives.csv,14706,1
mesogeos-neg-14707-2021-03-09,0,no,2021-03-09,2021-02-07,2021-03-08,3.59898,36.4119,,negatives.csv,14707,1
mesogeos-neg-14708-2021-03-10,0,no,2021-03-10,2021-02-08,2021-03-09,16.4973,43.6717,,negatives.csv,14708,7
mesogeos-neg-14709-2021-03-10,0,no,2021-03-10,2021-02-08,2021-03-09,19.951,42.0002,,negatives.csv,14709,2
mesogeos-neg-14710-2021-03-10,0,no,2021-03-10,2021-02-08,2021-03-09,16.7491,41.0336,,negatives.csv,14710,9
mesogeos-neg-14711-2021-03-10,0,no,2021-03-10,2021-02-08,2021-03-09,-2.32157,42.6043,,negatives.csv,14711,3
mesogeos-neg-14712-2021-03-10,0,no,2021-03-10,2021-02-08,2021-03-09,26.9389,39.2212,,negatives.csv,14712,3
mesogeos-neg-14713-2021-03-10,0,no,2021-03-10,2021-02-08,2021-03-09,15.7925,38.1438,,negatives.csv,14713,7
mesogeos-neg-14714-2021-03-11,0,no,2021-03-11,2021-02-09,2021-03-10,16.014,40.9128,,negatives.csv,14714,2
mesogeos-neg-14715-2021-03-11,0,no,2021-03-11,2021-02-09,2021-03-10,1.43415,33.6832,,negatives.csv,14715,0
mesogeos-neg-14716-2021-03-11,0,no,2021-03-11,2021-02-09,2021-03-10,4.26353,36.6737,,negatives.csv,14716,2
mesogeos-neg-14717-2021-03-11,0,no,2021-03-11,2021-02-09,2021-03-10,6.78078,36.8751,,negatives.csv,14717,2
mesogeos-neg-14718-2021-03-11,0,no,2021-03-11,2021-02-09,2021-03-10,-9.33965,38.8587,,negatives.csv,14718,0
mesogeos-neg-14719-2021-03-12,0,no,2021-03-12,2021-02-10,2021-03-11,10.466,43.9334,,negatives.csv,14719,5
mesogeos-neg-14720-2021-03-12,0,no,2021-03-12,2021-02-10,2021-03-11,4.77705,44.9907,,negatives.csv,14720,9
mesogeos-neg-14721-2021-03-12,0,no,2021-03-12,2021-02-10,2021-03-11,-1.20392,34.6196,,negatives.csv,14721,6
mesogeos-neg-14722-2021-03-12,0,no,2021-03-12,2021-02-10,2021-03-11,10.6573,35.5561,,negatives.csv,14722,2
mesogeos-neg-14723-2021-03-12,0,no,2021-03-12,2021-02-10,2021-03-11,-3.4493,36.9254,,negatives.csv,14723,5
mesogeos-neg-14724-2021-03-12,0,no,2021-03-12,2021-02-10,2021-03-11,24.3914,41.0839,,negatives.csv,14724,0
mesogeos-neg-14725-2021-03-13,0,no,2021-03-13,2021-02-11,2021-03-12,-7.01372,41.6881,,negatives.csv,14725,3
mesogeos-neg-14726-2021-03-13,0,no,2021-03-13,2021-02-11,2021-03-12,-8.04075,39.2715,,negatives.csv,14726,7
mesogeos-neg-14727-2021-03-13,0,no,2021-03-13,2021-02-11,2021-03-12,30.1106,37.9928,,negatives.csv,14727,6
mesogeos-neg-14728-2021-03-13,0,no,2021-03-13,2021-02-11,2021-03-12,20.535,41.5773,,negatives.csv,14728,4
mesogeos-neg-14729-2021-03-13,0,no,2021-03-13,2021-02-11,2021-03-12,-5.97661,37.9021,,negatives.csv,14729,7
mesogeos-neg-14730-2021-03-13,0,no,2021-03-13,2021-02-11,2021-03-12,20.6961,38.758,,negatives.csv,14730,8
mesogeos-neg-14731-2021-03-14,0,no,2021-03-14,2021-02-12,2021-03-13,21.854,38.1841,,negatives.csv,14731,6
mesogeos-neg-14732-2021-03-14,0,no,2021-03-14,2021-02-12,2021-03-13,-6.91303,41.9398,,negatives.csv,14732,2
mesogeos-neg-14733-2021-03-14,0,no,2021-03-14,2021-02-12,2021-03-13,27.3416,38.325,,negatives.csv,14733,0
mesogeos-neg-14734-2021-03-14,0,no,2021-03-14,2021-02-12,2021-03-13,29.9495,38.8285,,negatives.csv,14734,6
mesogeos-neg-14735-2021-03-14,0,no,2021-03-14,2021-02-12,2021-03-13,21.3204,32.6461,,negatives.csv,14735,6
mesogeos-pos-03891-2021-03-15,1,yes,2021-03-15,2021-02-13,2021-03-14,4.75691,43.5408,52.0,positives.csv,3891,2
mesogeos-neg-14736-2021-03-15,0,no,2021-03-15,2021-02-13,2021-03-14,20.7364,41.1745,,negatives.csv,14736,1
mesogeos-neg-14737-2021-03-15,0,no,2021-03-15,2021-02-13,2021-03-14,-8.3831,38.4156,,negatives.csv,14737,2
mesogeos-neg-14738-2021-03-15,0,no,2021-03-15,2021-02-13,2021-03-14,-1.13344,40.369,,negatives.csv,14738,2
mesogeos-neg-14739-2021-03-15,0,no,2021-03-15,2021-02-13,2021-03-14,-9.36986,31.6896,,negatives.csv,14739,2
mesogeos-neg-14740-2021-03-15,0,no,2021-03-15,2021-02-13,2021-03-14,8.92547,36.4623,,negatives.csv,14740,4
mesogeos-neg-14741-2021-03-15,0,no,2021-03-15,2021-02-13,2021-03-14,35.7291,33.3409,,negatives.csv,14741,8
mesogeos-pos-01601-2021-03-16,1,yes,2021-03-16,2021-02-14,2021-03-15,-6.18806,42.695,50.0,positives.csv,1601,8
mesogeos-pos-01602-2021-03-16,1,yes,2021-03-16,2021-02-14,2021-03-15,-7.06406,40.4294,38.0,positives.csv,1602,8
mesogeos-pos-01603-2021-03-16,1,yes,2021-03-16,2021-02-14,2021-03-15,-7.48696,40.4697,44.0,positives.csv,1603,2
mesogeos-pos-03652-2021-03-16,1,yes,2021-03-16,2021-02-14,2021-03-15,8.02933,43.9737,47.0,positives.csv,3652,6
mesogeos-neg-14742-2021-03-16,0,no,2021-03-16,2021-02-14,2021-03-15,-0.650126,42.3929,,negatives.csv,14742,6
mesogeos-neg-14743-2021-03-16,0,no,2021-03-16,2021-02-14,2021-03-15,-2.01951,34.8412,,negatives.csv,14743,3
mesogeos-neg-14744-2021-03-16,0,no,2021-03-16,2021-02-14,2021-03-15,35.5478,33.7739,,negatives.csv,14744,4
mesogeos-neg-14745-2021-03-16,0,no,2021-03-16,2021-02-14,2021-03-15,3.35733,35.8078,,negatives.csv,14745,2
mesogeos-neg-14746-2021-03-16,0,no,2021-03-16,2021-02-14,2021-03-15,-2.14033,36.9657,,negatives.csv,14746,5
mesogeos-neg-14747-2021-03-16,0,no,2021-03-16,2021-02-14,2021-03-15,-7.64806,37.2174,,negatives.csv,14747,1
mesogeos-neg-14748-2021-03-17,0,no,2021-03-17,2021-02-15,2021-03-16,-3.68089,37.6605,,negatives.csv,14748,5
mesogeos-neg-14749-2021-03-17,0,no,2021-03-17,2021-02-15,2021-03-16,29.4058,36.9859,,negatives.csv,14749,0
mesogeos-neg-14750-2021-03-17,0,no,2021-03-17,2021-02-15,2021-03-16,27.6034,37.4893,,negatives.csv,14750,1
mesogeos-neg-14751-2021-03-17,0,no,2021-03-17,2021-02-15,2021-03-16,4.6965,45.0108,,negatives.csv,14751,7
mesogeos-neg-14752-2021-03-17,0,no,2021-03-17,2021-02-15,2021-03-16,-0.478953,34.9721,,negatives.csv,14752,4
mesogeos-pos-01604-2021-03-18,1,yes,2021-03-18,2021-02-16,2021-03-17,-7.72861,40.3388,330.0,positives.csv,1604,0
mesogeos-neg-14753-2021-03-18,0,no,2021-03-18,2021-02-16,2021-03-17,10.607,43.3897,,negatives.csv,14753,4
mesogeos-neg-14754-2021-03-18,0,no,2021-03-18,2021-02-16,2021-03-17,-5.10061,40.8121,,negatives.csv,14754,5
mesogeos-neg-14755-2021-03-18,0,no,2021-03-18,2021-02-16,2021-03-17,-6.57068,33.21,,negatives.csv,14755,9
mesogeos-neg-14756-2021-03-18,0,no,2021-03-18,2021-02-16,2021-03-17,7.50574,36.13,,negatives.csv,14756,5
mesogeos-neg-14757-2021-03-18,0,no,2021-03-18,2021-02-16,2021-03-17,35.7492,37.6504,,negatives.csv,14757,3
mesogeos-neg-14758-2021-03-18,0,no,2021-03-18,2021-02-16,2021-03-17,-3.54999,39.342,,negatives.csv,14758,9
mesogeos-pos-05962-2021-03-19,1,yes,2021-03-19,2021-02-17,2021-03-18,13.9499,45.0712,67.0,positives.csv,5962,0
mesogeos-neg-14759-2021-03-19,0,no,2021-03-19,2021-02-17,2021-03-18,27.2611,39.6139,,negatives.csv,14759,9
mesogeos-neg-14760-2021-03-19,0,no,2021-03-19,2021-02-17,2021-03-18,5.72353,35.5158,,negatives.csv,14760,1
mesogeos-neg-14761-2021-03-19,0,no,2021-03-19,2021-02-17,2021-03-18,22.579,40.6208,,negatives.csv,14761,1
mesogeos-neg-14762-2021-03-19,0,no,2021-03-19,2021-02-17,2021-03-18,19.7093,41.0336,,negatives.csv,14762,2
mesogeos-neg-14763-2021-03-19,0,no,2021-03-19,2021-02-17,2021-03-18,1.45429,35.8682,,negatives.csv,14763,6
mesogeos-pos-00624-2021-03-20,1,yes,2021-03-20,2021-02-18,2021-03-19,-5.92627,40.1676,86.0,positives.csv,624,2
mesogeos-pos-01607-2021-03-20,1,yes,2021-03-20,2021-02-18,2021-03-19,-7.55744,41.829,30.0,positives.csv,1607,6
mesogeos-neg-14764-2021-03-20,0,no,2021-03-20,2021-02-18,2021-03-19,-5.52351,38.7882,,negatives.csv,14764,2
mesogeos-neg-14765-2021-03-20,0,no,2021-03-20,2021-02-18,2021-03-19,13.5572,42.8259,,negatives.csv,14765,4
mesogeos-neg-14766-2021-03-20,0,no,2021-03-20,2021-02-18,2021-03-19,-4.00309,35.0123,,negatives.csv,14766,2
mesogeos-neg-14767-2021-03-20,0,no,2021-03-20,2021-02-18,2021-03-19,4.29374,44.3865,,negatives.csv,14767,4
mesogeos-neg-14768-2021-03-20,0,no,2021-03-20,2021-02-18,2021-03-19,3.09553,42.3425,,negatives.csv,14768,1
mesogeos-pos-00625-2021-03-21,1,yes,2021-03-21,2021-02-19,2021-03-20,1.0616,41.4565,38.0,positives.csv,625,8
mesogeos-pos-00626-2021-03-21,1,yes,2021-03-21,2021-02-19,2021-03-20,-7.92999,41.0739,37.0,positives.csv,626,4
mesogeos-neg-14769-2021-03-21,0,no,2021-03-21,2021-02-19,2021-03-20,21.3808,38.7781,,negatives.csv,14769,7
mesogeos-neg-14770-2021-03-21,0,no,2021-03-21,2021-02-19,2021-03-20,15.7522,40.4496,,negatives.csv,14770,6
mesogeos-neg-14771-2021-03-21,0,no,2021-03-21,2021-02-19,2021-03-20,12.4395,32.475,,negatives.csv,14771,6
mesogeos-neg-14772-2021-03-21,0,no,2021-03-21,2021-02-19,2021-03-20,13.2048,42.5842,,negatives.csv,14772,8
mesogeos-neg-14773-2021-03-21,0,no,2021-03-21,2021-02-19,2021-03-20,8.50257,36.8147,,negatives.csv,14773,0
mesogeos-neg-14774-2021-03-22,0,no,2021-03-22,2021-02-20,2021-03-21,3.25664,36.4421,,negatives.csv,14774,3
mesogeos-neg-14775-2021-03-22,0,no,2021-03-22,2021-02-20,2021-03-21,-3.36875,39.3319,,negatives.csv,14775,9
mesogeos-neg-14776-2021-03-22,0,no,2021-03-22,2021-02-20,2021-03-21,-0.730677,40.7214,,negatives.csv,14776,7
mesogeos-neg-14777-2021-03-22,0,no,2021-03-22,2021-02-20,2021-03-21,22.8106,41.2954,,negatives.csv,14777,5
mesogeos-neg-14778-2021-03-22,0,no,2021-03-22,2021-02-20,2021-03-21,-6.82241,32.2333,,negatives.csv,14778,5
mesogeos-pos-03892-2021-03-23,1,yes,2021-03-23,2021-02-21,2021-03-22,2.56188,42.5741,57.0,positives.csv,3892,6
mesogeos-pos-03893-2021-03-23,1,yes,2021-03-23,2021-02-21,2021-03-22,3.25664,43.7321,32.0,positives.csv,3893,4
mesogeos-neg-14779-2021-03-23,0,no,2021-03-23,2021-02-21,2021-03-22,26.5965,39.6642,,negatives.csv,14779,4
mesogeos-neg-14780-2021-03-23,0,no,2021-03-23,2021-02-21,2021-03-22,-8.10116,32.6965,,negatives.csv,14780,5
mesogeos-neg-14781-2021-03-23,0,no,2021-03-23,2021-02-21,2021-03-22,-0.861574,40.1374,,negatives.csv,14781,8
mesogeos-neg-14782-2021-03-23,0,no,2021-03-23,2021-02-21,2021-03-22,15.5106,38.2848,,negatives.csv,14782,0
mesogeos-neg-14783-2021-03-23,0,no,2021-03-23,2021-02-21,2021-03-22,6.10615,43.3092,,negatives.csv,14783,1
mesogeos-neg-14784-2021-03-23,0,no,2021-03-23,2021-02-21,2021-03-22,12.208,43.9032,,negatives.csv,14784,6
mesogeos-neg-14785-2021-03-24,0,no,2021-03-24,2021-02-22,2021-03-23,-2.32157,34.8009,,negatives.csv,14785,0
mesogeos-neg-14786-2021-03-24,0,no,2021-03-24,2021-02-22,2021-03-23,-2.13026,34.4686,,negatives.csv,14786,6
mesogeos-neg-14787-2021-03-24,0,no,2021-03-24,2021-02-22,2021-03-23,-4.72806,42.695,,negatives.csv,14787,1
mesogeos-neg-14788-2021-03-24,0,no,2021-03-24,2021-02-22,2021-03-23,22.9818,41.2752,,negatives.csv,14788,2
mesogeos-neg-14789-2021-03-24,0,no,2021-03-24,2021-02-22,2021-03-23,-1.36502,40.2079,,negatives.csv,14789,9
mesogeos-neg-14790-2021-03-24,0,no,2021-03-24,2021-02-22,2021-03-23,-2.24102,38.4056,,negatives.csv,14790,9
mesogeos-pos-03894-2021-03-25,1,yes,2021-03-25,2021-02-23,2021-03-24,3.6896,44.0643,31.0,positives.csv,3894,9
mesogeos-pos-03901-2021-03-25,1,yes,2021-03-25,2021-02-23,2021-03-24,3.58891,43.571,36.0,positives.csv,3901,2
mesogeos-neg-14791-2021-03-25,0,no,2021-03-25,2021-02-23,2021-03-24,34.9034,32.2333,,negatives.csv,14791,4
mesogeos-neg-14792-2021-03-25,0,no,2021-03-25,2021-02-23,2021-03-24,9.39871,42.3023,,negatives.csv,14792,8
mesogeos-neg-14793-2021-03-25,0,no,2021-03-25,2021-02-23,2021-03-24,26.4253,39.8857,,negatives.csv,14793,2
mesogeos-neg-14794-2021-03-25,0,no,2021-03-25,2021-02-23,2021-03-24,10.7681,36.5428,,negatives.csv,14794,8
mesogeos-neg-14795-2021-03-25,0,no,2021-03-25,2021-02-23,2021-03-24,-5.26171,39.7448,,negatives.csv,14795,3
mesogeos-neg-14796-2021-03-25,0,no,2021-03-25,2021-02-23,2021-03-24,-1.16364,34.9217,,negatives.csv,14796,4
mesogeos-pos-05941-2021-03-26,1,yes,2021-03-26,2021-02-24,2021-03-25,18.4809,42.9265,131.0,positives.csv,5941,0
mesogeos-pos-05956-2021-03-26,1,yes,2021-03-26,2021-02-24,2021-03-25,18.8635,42.5439,69.0,positives.csv,5956,5
mesogeos-neg-14797-2021-03-26,0,no,2021-03-26,2021-02-24,2021-03-25,23.3744,41.2551,,negatives.csv,14797,8
mesogeos-neg-14798-2021-03-26,0,no,2021-03-26,2021-02-24,2021-03-25,-6.39951,42.111,,negatives.csv,14798,0
mesogeos-neg-14799-2021-03-26,0,no,2021-03-26,2021-02-24,2021-03-25,33.1313,36.2911,,negatives.csv,14799,4
mesogeos-neg-14800-2021-03-26,0,no,2021-03-26,2021-02-24,2021-03-25,23.6966,40.9832,,negatives.csv,14800,4
mesogeos-neg-14801-2021-03-26,0,no,2021-03-26,2021-02-24,2021-03-25,33.6045,36.4019,,negatives.csv,14801,7
mesogeos-neg-14802-2021-03-26,0,no,2021-03-26,2021-02-24,2021-03-25,15.9435,38.0632,,negatives.csv,14802,7
mesogeos-neg-14803-2021-03-27,0,no,2021-03-27,2021-02-25,2021-03-26,-6.85261,33.21,,negatives.csv,14803,6
mesogeos-neg-14804-2021-03-27,0,no,2021-03-27,2021-02-25,2021-03-26,-5.32213,42.4432,,negatives.csv,14804,9
mesogeos-neg-14805-2021-03-27,0,no,2021-03-27,2021-02-25,2021-03-26,30.3422,38.7278,,negatives.csv,14805,2
mesogeos-neg-14806-2021-03-27,0,no,2021-03-27,2021-02-25,2021-03-26,30.4529,36.7341,,negatives.csv,14806,8
mesogeos-neg-14807-2021-03-27,0,no,2021-03-27,2021-02-25,2021-03-26,9.97264,35.7272,,negatives.csv,14807,1
mesogeos-pos-00627-2021-03-28,1,yes,2021-03-28,2021-02-26,2021-03-27,-7.87965,41.0839,35.0,positives.csv,627,0
mesogeos-pos-01605-2021-03-28,1,yes,2021-03-28,2021-02-26,2021-03-27,-6.96337,42.1311,184.0,positives.csv,1605,8
mesogeos-neg-14808-2021-03-28,0,no,2021-03-28,2021-02-26,2021-03-27,-6.25854,33.1697,,negatives.csv,14808,4
mesogeos-neg-14809-2021-03-28,0,no,2021-03-28,2021-02-26,2021-03-27,13.3357,32.7065,,negatives.csv,14809,9
mesogeos-neg-14810-2021-03-28,0,no,2021-03-28,2021-02-26,2021-03-27,21.3304,38.7681,,negatives.csv,14810,5
mesogeos-neg-14811-2021-03-28,0,no,2021-03-28,2021-02-26,2021-03-27,-6.62103,32.1628,,negatives.csv,14811,0
mesogeos-neg-14812-2021-03-28,0,no,2021-03-28,2021-02-26,2021-03-27,23.2435,38.9996,,negatives.csv,14812,7
mesogeos-neg-14813-2021-03-28,0,no,2021-03-28,2021-02-26,2021-03-27,-2.85523,38.5264,,negatives.csv,14813,4
mesogeos-neg-14814-2021-03-29,0,no,2021-03-29,2021-02-27,2021-03-28,2.82367,34.7103,,negatives.csv,14814,8
mesogeos-neg-14815-2021-03-29,0,no,2021-03-29,2021-02-27,2021-03-28,35.568,33.2704,,negatives.csv,14815,4
mesogeos-neg-14816-2021-03-29,0,no,2021-03-29,2021-02-27,2021-03-28,22.5991,37.4088,,negatives.csv,14816,6
mesogeos-neg-14817-2021-03-29,0,no,2021-03-29,2021-02-27,2021-03-28,4.8576,43.4803,,negatives.csv,14817,2
mesogeos-neg-14818-2021-03-29,0,no,2021-03-29,2021-02-27,2021-03-28,-6.35923,37.59,,negatives.csv,14818,3
mesogeos-neg-14819-2021-03-29,0,no,2021-03-29,2021-02-27,2021-03-28,9.09664,40.8423,,negatives.csv,14819,8
mesogeos-pos-05969-2021-03-30,1,yes,2021-03-30,2021-02-28,2021-03-29,19.0146,42.5439,226.0,positives.csv,5969,4
mesogeos-neg-14820-2021-03-30,0,no,2021-03-30,2021-02-28,2021-03-29,-6.60089,39.7347,,negatives.csv,14820,5
mesogeos-neg-14821-2021-03-30,0,no,2021-03-30,2021-02-28,2021-03-29,-2.43233,41.3356,,negatives.csv,14821,8
mesogeos-neg-14822-2021-03-30,0,no,2021-03-30,2021-02-28,2021-03-29,-6.13772,32.6461,,negatives.csv,14822,3
mesogeos-neg-14823-2021-03-30,0,no,2021-03-30,2021-02-28,2021-03-29,13.9499,37.439,,negatives.csv,14823,6
mesogeos-neg-14824-2021-03-30,0,no,2021-03-30,2021-02-28,2021-03-29,8.86505,36.563,,negatives.csv,14824,1
mesogeos-pos-01606-2021-03-31,1,yes,2021-03-31,2021-03-01,2021-03-30,-7.18489,41.8592,155.0,positives.csv,1606,0
mesogeos-pos-02959-2021-03-31,1,yes,2021-03-31,2021-03-01,2021-03-30,9.34836,42.5339,47.0,positives.csv,2959,5
mesogeos-pos-05967-2021-03-31,1,yes,2021-03-31,2021-03-01,2021-03-30,18.9542,42.403,86.0,positives.csv,5967,5
mesogeos-pos-05971-2021-03-31,1,yes,2021-03-31,2021-03-01,2021-03-30,17.7962,42.9165,471.0,positives.csv,5971,9
mesogeos-pos-06497-2021-03-31,1,yes,2021-03-31,2021-03-01,2021-03-30,21.0183,41.0134,190.0,positives.csv,6497,1
mesogeos-neg-14825-2021-03-31,0,no,2021-03-31,2021-03-01,2021-03-30,-6.21827,41.6377,,negatives.csv,14825,4
mesogeos-neg-14826-2021-03-31,0,no,2021-03-31,2021-03-01,2021-03-30,15.5509,40.1979,,negatives.csv,14826,8
mesogeos-neg-14827-2021-03-31,0,no,2021-03-31,2021-03-01,2021-03-30,9.15705,39.5232,,negatives.csv,14827,3
mesogeos-neg-14828-2021-03-31,0,no,2021-03-31,2021-03-01,2021-03-30,-4.26489,38.4358,,negatives.csv,14828,0
mesogeos-neg-14829-2021-03-31,0,no,2021-03-31,2021-03-01,2021-03-30,-3.81178,34.378,,negatives.csv,14829,6
mesogeos-neg-14830-2021-03-31,0,no,2021-03-31,2021-03-01,2021-03-30,-5.40268,34.4485,,negatives.csv,14830,7
mesogeos-pos-05972-2021-04-01,1,yes,2021-04-01,2021-03-02,2021-03-31,18.7931,42.6043,103.0,positives.csv,5972,9
mesogeos-neg-14831-2021-04-01,0,no,2021-04-01,2021-03-02,2021-03-31,10.1136,44.2859,,negatives.csv,14831,5
mesogeos-neg-14832-2021-04-01,0,no,2021-04-01,2021-03-02,2021-03-31,0.0949784,34.9922,,negatives.csv,14832,1
mesogeos-neg-14833-2021-04-01,0,no,2021-04-01,2021-03-02,2021-03-31,-6.06723,41.9197,,negatives.csv,14833,3
mesogeos-neg-14834-2021-04-01,0,no,2021-04-01,2021-03-02,2021-03-31,16.598,39.3722,,negatives.csv,14834,7
mesogeos-neg-14835-2021-04-01,0,no,2021-04-01,2021-03-02,2021-03-31,-6.32903,34.4082,,negatives.csv,14835,3
mesogeos-neg-14836-2021-04-01,0,no,2021-04-01,2021-03-02,2021-03-31,20.0819,40.359,,negatives.csv,14836,2
mesogeos-pos-05968-2021-04-02,1,yes,2021-04-02,2021-03-03,2021-04-01,18.5615,42.7151,50.0,positives.csv,5968,4
mesogeos-neg-14837-2021-04-02,0,no,2021-04-02,2021-03-03,2021-04-01,-5.6242,33.0791,,negatives.csv,14837,1
mesogeos-neg-14838-2021-04-02,0,no,2021-04-02,2021-03-03,2021-04-01,9.47926,39.5736,,negatives.csv,14838,8
mesogeos-neg-14839-2021-04-02,0,no,2021-04-02,2021-03-03,2021-04-01,1.25291,35.7776,,negatives.csv,14839,0
mesogeos-neg-14840-2021-04-02,0,no,2021-04-02,2021-03-03,2021-04-01,2.64243,43.722,,negatives.csv,14840,9
mesogeos-neg-14841-2021-04-02,0,no,2021-04-02,2021-03-03,2021-04-01,-5.86585,35.2137,,negatives.csv,14841,1
mesogeos-neg-14842-2021-04-03,0,no,2021-04-03,2021-03-04,2021-04-02,13.0537,42.1412,,negatives.csv,14842,6
mesogeos-neg-14843-2021-04-03,0,no,2021-04-03,2021-03-04,2021-04-02,8.98588,39.5333,,negatives.csv,14843,5
mesogeos-neg-14844-2021-04-03,0,no,2021-04-03,2021-03-04,2021-04-02,4.01181,44.2657,,negatives.csv,14844,8
mesogeos-neg-14845-2021-04-03,0,no,2021-04-03,2021-03-04,2021-04-02,16.6383,39.201,,negatives.csv,14845,1
mesogeos-neg-14846-2021-04-03,0,no,2021-04-03,2021-03-04,2021-04-02,29.8891,39.8756,,negatives.csv,14846,6
mesogeos-neg-14847-2021-04-04,0,no,2021-04-04,2021-03-05,2021-04-03,17.4136,43.2689,,negatives.csv,14847,9
mesogeos-neg-14848-2021-04-04,0,no,2021-04-04,2021-03-05,2021-04-03,8.57305,39.5635,,negatives.csv,14848,5
mesogeos-neg-14849-2021-04-04,0,no,2021-04-04,2021-03-05,2021-04-03,-4.22461,38.5365,,negatives.csv,14849,6
mesogeos-neg-14850-2021-04-04,0,no,2021-04-04,2021-03-05,2021-04-03,-6.34916,34.2773,,negatives.csv,14850,5
mesogeos-neg-14851-2021-04-04,0,no,2021-04-04,2021-03-05,2021-04-03,-6.41965,40.6812,,negatives.csv,14851,2
mesogeos-neg-14852-2021-04-04,0,no,2021-04-04,2021-03-05,2021-04-03,16.1852,43.7723,,negatives.csv,14852,8
mesogeos-neg-14853-2021-04-05,0,no,2021-04-05,2021-03-06,2021-04-04,-7.00365,40.4294,,negatives.csv,14853,7
mesogeos-neg-14854-2021-04-05,0,no,2021-04-05,2021-03-06,2021-04-04,5.34091,43.7723,,negatives.csv,14854,6
mesogeos-neg-14855-2021-04-05,0,no,2021-04-05,2021-03-06,2021-04-04,-7.90985,40.0972,,negatives.csv,14855,3
mesogeos-neg-14856-2021-04-05,0,no,2021-04-05,2021-03-06,2021-04-04,2.77332,43.6918,,negatives.csv,14856,7
mesogeos-neg-14857-2021-04-05,0,no,2021-04-05,2021-03-06,2021-04-04,-7.22516,41.5672,,negatives.csv,14857,0
mesogeos-neg-14858-2021-04-06,0,no,2021-04-06,2021-03-07,2021-04-05,-6.09744,39.8555,,negatives.csv,14858,9
mesogeos-neg-14859-2021-04-06,0,no,2021-04-06,2021-03-07,2021-04-05,-3.76144,40.953,,negatives.csv,14859,8
mesogeos-neg-14860-2021-04-06,0,no,2021-04-06,2021-03-07,2021-04-05,1.39388,36.3112,,negatives.csv,14860,8
mesogeos-neg-14861-2021-04-06,0,no,2021-04-06,2021-03-07,2021-04-05,-0.539367,38.7479,,negatives.csv,14861,9
mesogeos-neg-14862-2021-04-06,0,no,2021-04-06,2021-03-07,2021-04-05,22.6495,37.4188,,negatives.csv,14862,5
mesogeos-neg-14863-2021-04-06,0,no,2021-04-06,2021-03-07,2021-04-05,16.3664,40.9732,,negatives.csv,14863,8
mesogeos-neg-14864-2021-04-07,0,no,2021-04-07,2021-03-08,2021-04-06,4.25346,36.5126,,negatives.csv,14864,1
mesogeos-neg-14865-2021-04-07,0,no,2021-04-07,2021-03-08,2021-04-06,-5.73496,35.254,,negatives.csv,14865,7
mesogeos-neg-14866-2021-04-07,0,no,2021-04-07,2021-03-08,2021-04-06,-3.91247,41.9297,,negatives.csv,14866,7
mesogeos-neg-14867-2021-04-07,0,no,2021-04-07,2021-03-08,2021-04-06,-1.45564,41.2652,,negatives.csv,14867,8
mesogeos-neg-14868-2021-04-07,0,no,2021-04-07,2021-03-08,2021-04-06,-3.77151,40.5704,,negatives.csv,14868,2
mesogeos-neg-14869-2021-04-08,0,no,2021-04-08,2021-03-09,2021-04-07,-1.99937,40.5805,,negatives.csv,14869,6
mesogeos-neg-14870-2021-04-08,0,no,2021-04-08,2021-03-09,2021-04-07,22.1662,39.785,,negatives.csv,14870,3
mesogeos-neg-14871-2021-04-08,0,no,2021-04-08,2021-03-09,2021-04-07,-7.00365,40.077,,negatives.csv,14871,2
mesogeos-neg-14872-2021-04-08,0,no,2021-04-08,2021-03-09,2021-04-07,-0.277574,38.9795,,negatives.csv,14872,5
mesogeos-neg-14873-2021-04-08,0,no,2021-04-08,2021-03-09,2021-04-07,-7.12447,39.3621,,negatives.csv,14873,9
mesogeos-neg-14874-2021-04-08,0,no,2021-04-08,2021-03-09,2021-04-07,21.844,37.4792,,negatives.csv,14874,6
mesogeos-neg-14875-2021-04-09,0,no,2021-04-09,2021-03-10,2021-04-08,11.4226,43.9133,,negatives.csv,14875,8
mesogeos-neg-14876-2021-04-09,0,no,2021-04-09,2021-03-10,2021-04-08,6.62974,44.165,,negatives.csv,14876,9
mesogeos-neg-14877-2021-04-09,0,no,2021-04-09,2021-03-10,2021-04-08,10.8788,43.1883,,negatives.csv,14877,5
mesogeos-neg-14878-2021-04-09,0,no,2021-04-09,2021-03-10,2021-04-08,22.428,37.731,,negatives.csv,14878,0
mesogeos-neg-14879-2021-04-09,0,no,2021-04-09,2021-03-10,2021-04-08,8.16022,35.3446,,negatives.csv,14879,7
mesogeos-neg-14880-2021-04-09,0,no,2021-04-09,2021-03-10,2021-04-08,-5.37247,40.3388,,negatives.csv,14880,5
mesogeos-neg-14881-2021-04-10,0,no,2021-04-10,2021-03-11,2021-04-09,8.97581,39.7448,,negatives.csv,14881,3
mesogeos-neg-14882-2021-04-10,0,no,2021-04-10,2021-03-11,2021-04-09,-7.25537,38.0431,,negatives.csv,14882,8
mesogeos-neg-14883-2021-04-10,0,no,2021-04-10,2021-03-11,2021-04-09,-8.48379,37.9525,,negatives.csv,14883,7
mesogeos-neg-14884-2021-04-10,0,no,2021-04-10,2021-03-11,2021-04-09,28.8721,37.8316,,negatives.csv,14884,1
mesogeos-neg-14885-2021-04-10,0,no,2021-04-10,2021-03-11,2021-04-09,29.3554,37.1973,,negatives.csv,14885,3
mesogeos-neg-14886-2021-04-10,0,no,2021-04-10,2021-03-11,2021-04-09,14.4936,37.9726,,negatives.csv,14886,7
mesogeos-neg-14887-2021-04-11,0,no,2021-04-11,2021-03-12,2021-04-10,-6.80227,41.5169,,negatives.csv,14887,1
mesogeos-neg-14888-2021-04-11,0,no,2021-04-11,2021-03-12,2021-04-10,-0.257436,42.2016,,negatives.csv,14888,5
mesogeos-neg-14889-2021-04-11,0,no,2021-04-11,2021-03-12,2021-04-10,-0.690401,39.926,,negatives.csv,14889,2
mesogeos-neg-14890-2021-04-11,0,no,2021-04-11,2021-03-12,2021-04-10,8.80464,39.2312,,negatives.csv,14890,2
mesogeos-neg-14891-2021-04-11,0,no,2021-04-11,2021-03-12,2021-04-10,-4.41592,37.0261,,negatives.csv,14891,4
mesogeos-neg-14892-2021-04-11,0,no,2021-04-11,2021-03-12,2021-04-10,-0.650126,41.537,,negatives.csv,14892,9
mesogeos-neg-14893-2021-04-12,0,no,2021-04-12,2021-03-13,2021-04-11,20.0416,41.7082,,negatives.csv,14893,9
mesogeos-neg-14894-2021-04-12,0,no,2021-04-12,2021-03-13,2021-04-11,0.155392,40.4899,,negatives.csv,14894,6
mesogeos-neg-14895-2021-04-12,0,no,2021-04-12,2021-03-13,2021-04-11,-1.09316,38.8385,,negatives.csv,14895,1
mesogeos-neg-14896-2021-04-12,0,no,2021-04-12,2021-03-13,2021-04-11,-2.50282,41.8995,,negatives.csv,14896,5
mesogeos-neg-14897-2021-04-12,0,no,2021-04-12,2021-03-13,2021-04-11,28.6808,36.8147,,negatives.csv,14897,0
mesogeos-neg-14898-2021-04-12,0,no,2021-04-12,2021-03-13,2021-04-11,2.49139,36.4119,,negatives.csv,14898,6
mesogeos-neg-14899-2021-04-13,0,no,2021-04-13,2021-03-14,2021-04-12,9.51954,40.0368,,negatives.csv,14899,4
mesogeos-neg-14900-2021-04-13,0,no,2021-04-13,2021-03-14,2021-04-12,-2.42226,42.3526,,negatives.csv,14900,4
mesogeos-neg-14901-2021-04-13,0,no,2021-04-13,2021-03-14,2021-04-12,12.802,37.8417,,negatives.csv,14901,7
mesogeos-neg-14902-2021-04-13,0,no,2021-04-13,2021-03-14,2021-04-12,-0.710539,39.6038,,negatives.csv,14902,5
mesogeos-neg-14903-2021-04-13,0,no,2021-04-13,2021-03-14,2021-04-12,2.57195,42.2721,,negatives.csv,14903,2
mesogeos-neg-14904-2021-04-13,0,no,2021-04-13,2021-03-14,2021-04-12,35.3263,32.1225,,negatives.csv,14904,8
mesogeos-neg-14905-2021-04-14,0,no,2021-04-14,2021-03-15,2021-04-13,12.9531,42.2922,,negatives.csv,14905,7
mesogeos-neg-14906-2021-04-14,0,no,2021-04-14,2021-03-15,2021-04-13,27.251,39.4427,,negatives.csv,14906,3
mesogeos-neg-14907-2021-04-14,0,no,2021-04-14,2021-03-15,2021-04-13,-7.57758,38.909,,negatives.csv,14907,7
mesogeos-neg-14908-2021-04-14,0,no,2021-04-14,2021-03-15,2021-04-13,23.5154,38.1438,,negatives.csv,14908,1
mesogeos-neg-14909-2021-04-14,0,no,2021-04-14,2021-03-15,2021-04-13,3.32712,39.6139,,negatives.csv,14909,8
mesogeos-neg-14910-2021-04-14,0,no,2021-04-14,2021-03-15,2021-04-13,8.3616,35.5158,,negatives.csv,14910,1
mesogeos-neg-14911-2021-04-15,0,no,2021-04-15,2021-03-16,2021-04-14,4.39443,34.4283,,negatives.csv,14911,2
mesogeos-neg-14912-2021-04-15,0,no,2021-04-15,2021-03-16,2021-04-14,-6.56061,34.1665,,negatives.csv,14912,5
mesogeos-neg-14913-2021-04-15,0,no,2021-04-15,2021-03-16,2021-04-14,-4.18433,40.4697,,negatives.csv,14913,7
mesogeos-neg-14914-2021-04-15,0,no,2021-04-15,2021-03-16,2021-04-14,7.10298,36.4119,,negatives.csv,14914,1
mesogeos-neg-14915-2021-04-15,0,no,2021-04-15,2021-03-16,2021-04-14,-3.30833,40.0166,,negatives.csv,14915,3
mesogeos-neg-14916-2021-04-15,0,no,2021-04-15,2021-03-16,2021-04-14,-2.30144,38.607,,negatives.csv,14916,2
mesogeos-neg-14917-2021-04-16,0,no,2021-04-16,2021-03-17,2021-04-15,-1.39523,41.4061,,negatives.csv,14917,8
mesogeos-neg-14918-2021-04-16,0,no,2021-04-16,2021-03-17,2021-04-15,1.85705,41.8894,,negatives.csv,14918,5
mesogeos-neg-14919-2021-04-16,0,no,2021-04-16,2021-03-17,2021-04-15,34.0979,36.5025,,negatives.csv,14919,9
mesogeos-neg-14920-2021-04-16,0,no,2021-04-16,2021-03-17,2021-04-15,8.54285,35.1734,,negatives.csv,14920,4
mesogeos-neg-14921-2021-04-16,0,no,2021-04-16,2021-03-17,2021-04-15,8.45222,36.3314,,negatives.csv,14921,4
mesogeos-neg-14922-2021-04-17,0,no,2021-04-17,2021-03-18,2021-04-16,4.67636,36.281,,negatives.csv,14922,3
mesogeos-neg-14923-2021-04-17,0,no,2021-04-17,2021-03-18,2021-04-16,31.1376,37.8014,,negatives.csv,14923,9
mesogeos-neg-14924-2021-04-17,0,no,2021-04-17,2021-03-18,2021-04-16,-5.29192,39.9059,,negatives.csv,14924,0
mesogeos-neg-14925-2021-04-17,0,no,2021-04-17,2021-03-18,2021-04-16,15.1783,40.7718,,negatives.csv,14925,7
mesogeos-neg-14926-2021-04-17,0,no,2021-04-17,2021-03-18,2021-04-16,-4.53675,39.6743,,negatives.csv,14926,7
mesogeos-neg-14927-2021-04-17,0,no,2021-04-17,2021-03-18,2021-04-16,-5.75509,39.3017,,negatives.csv,14927,4
mesogeos-neg-14928-2021-04-18,0,no,2021-04-18,2021-03-19,2021-04-17,-5.15096,37.2275,,negatives.csv,14928,4
mesogeos-neg-14929-2021-04-18,0,no,2021-04-18,2021-03-19,2021-04-17,1.96781,34.1565,,negatives.csv,14929,6
mesogeos-neg-14930-2021-04-18,0,no,2021-04-18,2021-03-19,2021-04-17,-7.67827,38.9795,,negatives.csv,14930,2
mesogeos-neg-14931-2021-04-18,0,no,2021-04-18,2021-03-19,2021-04-17,-5.61413,37.9726,,negatives.csv,14931,2
mesogeos-neg-14932-2021-04-18,0,no,2021-04-18,2021-03-19,2021-04-17,3.77015,36.6234,,negatives.csv,14932,0
mesogeos-neg-14933-2021-04-19,0,no,2021-04-19,2021-03-20,2021-04-18,9.12685,36.5428,,negatives.csv,14933,9
mesogeos-neg-14934-2021-04-19,0,no,2021-04-19,2021-03-20,2021-04-18,-6.5002,37.298,,negatives.csv,14934,1
mesogeos-neg-14935-2021-04-19,0,no,2021-04-19,2021-03-20,2021-04-18,10.0028,37.1268,,negatives.csv,14935,2
mesogeos-neg-14936-2021-04-19,0,no,2021-04-19,2021-03-20,2021-04-18,-6.69151,31.7399,,negatives.csv,14936,6
mesogeos-neg-14937-2021-04-19,0,no,2021-04-19,2021-03-20,2021-04-18,31.0873,37.6705,,negatives.csv,14937,7
mesogeos-neg-14938-2021-04-20,0,no,2021-04-20,2021-03-21,2021-04-19,22.1863,40.2381,,negatives.csv,14938,7
mesogeos-neg-14939-2021-04-20,0,no,2021-04-20,2021-03-21,2021-04-19,21.4009,40.4294,,negatives.csv,14939,3
mesogeos-neg-14940-2021-04-20,0,no,2021-04-20,2021-03-21,2021-04-19,35.7693,33.8544,,negatives.csv,14940,3
mesogeos-neg-14941-2021-04-20,0,no,2021-04-20,2021-03-21,2021-04-19,29.4964,39.926,,negatives.csv,14941,3
mesogeos-neg-14942-2021-04-20,0,no,2021-04-20,2021-03-21,2021-04-19,13.0135,37.9122,,negatives.csv,14942,4
mesogeos-neg-14943-2021-04-20,0,no,2021-04-20,2021-03-21,2021-04-19,-7.92999,33.0086,,negatives.csv,14943,5
mesogeos-neg-14944-2021-04-21,0,no,2021-04-21,2021-03-22,2021-04-20,20.686,39.4125,,negatives.csv,14944,7
mesogeos-neg-14945-2021-04-21,0,no,2021-04-21,2021-03-22,2021-04-20,29.6776,39.8756,,negatives.csv,14945,1
mesogeos-neg-14946-2021-04-21,0,no,2021-04-21,2021-03-22,2021-04-20,-2.8653,42.0304,,negatives.csv,14946,6
mesogeos-neg-14947-2021-04-21,0,no,2021-04-21,2021-03-22,2021-04-20,21.0888,41.1343,,negatives.csv,14947,6
mesogeos-neg-14948-2021-04-21,0,no,2021-04-21,2021-03-22,2021-04-20,-4.29509,34.1162,,negatives.csv,14948,1
mesogeos-neg-14949-2021-04-21,0,no,2021-04-21,2021-03-22,2021-04-20,19.6187,40.7214,,negatives.csv,14949,5
mesogeos-neg-14950-2021-04-22,0,no,2021-04-22,2021-03-23,2021-04-21,35.7291,32.0923,,negatives.csv,14950,0
mesogeos-neg-14951-2021-04-22,0,no,2021-04-22,2021-03-23,2021-04-21,20.3638,40.1072,,negatives.csv,14951,8
mesogeos-neg-14952-2021-04-22,0,no,2021-04-22,2021-03-23,2021-04-21,-2.63371,40.2784,,negatives.csv,14952,4
mesogeos-neg-14953-2021-04-22,0,no,2021-04-22,2021-03-23,2021-04-21,4.16284,43.9234,,negatives.csv,14953,0
mesogeos-neg-14954-2021-04-22,0,no,2021-04-22,2021-03-23,2021-04-21,-5.00999,39.4528,,negatives.csv,14954,5
mesogeos-neg-14955-2021-04-23,0,no,2021-04-23,2021-03-24,2021-04-22,8.81471,34.6096,,negatives.csv,14955,1
mesogeos-neg-14956-2021-04-23,0,no,2021-04-23,2021-03-24,2021-04-22,16.1852,40.0368,,negatives.csv,14956,6
mesogeos-neg-14957-2021-04-23,0,no,2021-04-23,2021-03-24,2021-04-22,35.2659,32.8173,,negatives.csv,14957,4
mesogeos-neg-14958-2021-04-23,0,no,2021-04-23,2021-03-24,2021-04-22,4.10243,36.5932,,negatives.csv,14958,6
mesogeos-neg-14959-2021-04-23,0,no,2021-04-23,2021-03-24,2021-04-22,-4.29509,41.5874,,negatives.csv,14959,8
mesogeos-neg-14960-2021-04-23,0,no,2021-04-23,2021-03-24,2021-04-22,13.1746,41.5471,,negatives.csv,14960,6
mesogeos-neg-14961-2021-04-24,0,no,2021-04-24,2021-03-25,2021-04-23,21.7533,39.6843,,negatives.csv,14961,7
mesogeos-neg-14962-2021-04-24,0,no,2021-04-24,2021-03-25,2021-04-23,7.22381,35.4755,,negatives.csv,14962,0
mesogeos-neg-14963-2021-04-24,0,no,2021-04-24,2021-03-25,2021-04-23,16.3161,39.5232,,negatives.csv,14963,3
mesogeos-neg-14964-2021-04-24,0,no,2021-04-24,2021-03-25,2021-04-23,7.83802,34.8915,,negatives.csv,14964,2
mesogeos-neg-14965-2021-04-24,0,no,2021-04-24,2021-03-25,2021-04-23,-5.17109,39.7951,,negatives.csv,14965,9
mesogeos-neg-14966-2021-04-24,0,no,2021-04-24,2021-03-25,2021-04-23,-1.59661,34.9519,,negatives.csv,14966,3
mesogeos-neg-14967-2021-04-25,0,no,2021-04-25,2021-03-26,2021-04-24,22.6998,37.157,,negatives.csv,14967,8
mesogeos-neg-14968-2021-04-25,0,no,2021-04-25,2021-03-26,2021-04-24,30.5637,38.5566,,negatives.csv,14968,6
mesogeos-neg-14969-2021-04-25,0,no,2021-04-25,2021-03-26,2021-04-24,6.8714,43.6012,,negatives.csv,14969,0
mesogeos-neg-14970-2021-04-25,0,no,2021-04-25,2021-03-26,2021-04-24,-9.14834,39.0198,,negatives.csv,14970,5
mesogeos-neg-14971-2021-04-25,0,no,2021-04-25,2021-03-26,2021-04-24,6.35788,44.5074,,negatives.csv,14971,3
mesogeos-neg-14972-2021-04-26,0,no,2021-04-26,2021-03-27,2021-04-25,27.8249,38.6674,,negatives.csv,14972,1
mesogeos-neg-14973-2021-04-26,0,no,2021-04-26,2021-03-27,2021-04-25,-4.66765,40.067,,negatives.csv,14973,4
mesogeos-neg-14974-2021-04-26,0,no,2021-04-26,2021-03-27,2021-04-25,4.9885,44.7792,,negatives.csv,14974,5
mesogeos-neg-14975-2021-04-26,0,no,2021-04-26,2021-03-27,2021-04-25,30.2918,38.8083,,negatives.csv,14975,6
mesogeos-neg-14976-2021-04-26,0,no,2021-04-26,2021-03-27,2021-04-25,34.9739,36.8248,,negatives.csv,14976,1
mesogeos-neg-14977-2021-04-27,0,no,2021-04-27,2021-03-28,2021-04-26,9.19733,42.2117,,negatives.csv,14977,3
mesogeos-neg-14978-2021-04-27,0,no,2021-04-27,2021-03-28,2021-04-26,-4.54682,38.5465,,negatives.csv,14978,5
mesogeos-neg-14979-2021-04-27,0,no,2021-04-27,2021-03-28,2021-04-26,21.2398,38.9996,,negatives.csv,14979,0
mesogeos-neg-14980-2021-04-27,0,no,2021-04-27,2021-03-28,2021-04-26,-5.6544,33.8645,,negatives.csv,14980,2
mesogeos-neg-14981-2021-04-27,0,no,2021-04-27,2021-03-28,2021-04-26,2.10877,36.271,,negatives.csv,14981,2
mesogeos-neg-14982-2021-04-27,0,no,2021-04-27,2021-03-28,2021-04-26,-7.09427,37.439,,negatives.csv,14982,8
mesogeos-neg-14983-2021-04-28,0,no,2021-04-28,2021-03-29,2021-04-27,-0.0661252,41.9398,,negatives.csv,14983,2
mesogeos-neg-14984-2021-04-28,0,no,2021-04-28,2021-03-29,2021-04-27,-3.34861,34.9116,,negatives.csv,14984,7
mesogeos-neg-14985-2021-04-28,0,no,2021-04-28,2021-03-29,2021-04-27,22.6998,40.8825,,negatives.csv,14985,2
mesogeos-neg-14986-2021-04-28,0,no,2021-04-28,2021-03-29,2021-04-27,-6.2082,40.3489,,negatives.csv,14986,1
mesogeos-neg-14987-2021-04-28,0,no,2021-04-28,2021-03-29,2021-04-27,0.940772,41.9197,,negatives.csv,14987,2
mesogeos-neg-14988-2021-04-28,0,no,2021-04-28,2021-03-29,2021-04-27,12.0972,42.9769,,negatives.csv,14988,8
mesogeos-neg-14989-2021-04-29,0,no,2021-04-29,2021-03-30,2021-04-28,-6.57068,33.4819,,negatives.csv,14989,2
mesogeos-neg-14990-2021-04-29,0,no,2021-04-29,2021-03-30,2021-04-28,-7.34599,42.0103,,negatives.csv,14990,7
mesogeos-neg-14991-2021-04-29,0,no,2021-04-29,2021-03-30,2021-04-28,9.41885,42.3627,,negatives.csv,14991,3
mesogeos-neg-14992-2021-04-29,0,no,2021-04-29,2021-03-30,2021-04-28,15.9939,40.4395,,negatives.csv,14992,6
mesogeos-neg-14993-2021-04-29,0,no,2021-04-29,2021-03-30,2021-04-28,-4.6173,38.6674,,negatives.csv,14993,8
mesogeos-neg-14994-2021-04-30,0,no,2021-04-30,2021-03-31,2021-04-29,10.8788,44.2053,,negatives.csv,14994,8
mesogeos-neg-14995-2021-04-30,0,no,2021-04-30,2021-03-31,2021-04-29,12.1475,43.6515,,negatives.csv,14995,2
mesogeos-neg-14996-2021-04-30,0,no,2021-04-30,2021-03-31,2021-04-29,8.73416,35.9487,,negatives.csv,14996,5
mesogeos-neg-14997-2021-04-30,0,no,2021-04-30,2021-03-31,2021-04-29,4.48505,43.7723,,negatives.csv,14997,7
mesogeos-neg-14998-2021-04-30,0,no,2021-04-30,2021-03-31,2021-04-29,6.50891,35.1835,,negatives.csv,14998,3
mesogeos-neg-14999-2021-04-30,0,no,2021-04-30,2021-03-31,2021-04-29,-6.92309,39.6843,,negatives.csv,14999,7
mesogeos-neg-15000-2021-05-01,0,no,2021-05-01,2021-04-01,2021-04-30,31.2484,38.8385,,negatives.csv,15000,6
mesogeos-neg-15001-2021-05-01,0,no,2021-05-01,2021-04-01,2021-04-30,-6.97344,38.7076,,negatives.csv,15001,9
mesogeos-neg-15002-2021-05-01,0,no,2021-05-01,2021-04-01,2021-04-30,8.54285,36.13,,negatives.csv,15002,1
mesogeos-neg-15003-2021-05-01,0,no,2021-05-01,2021-04-01,2021-04-30,9.13692,39.634,,negatives.csv,15003,0
mesogeos-neg-15004-2021-05-01,0,no,2021-05-01,2021-04-01,2021-04-30,-8.60461,32.9784,,negatives.csv,15004,0
mesogeos-neg-15005-2021-05-02,0,no,2021-05-02,2021-04-02,2021-05-01,-9.1282,32.5555,,negatives.csv,15005,3
mesogeos-neg-15006-2021-05-02,0,no,2021-05-02,2021-04-02,2021-05-01,-9.72227,31.3674,,negatives.csv,15006,3
mesogeos-neg-15007-2021-05-02,0,no,2021-05-02,2021-04-02,2021-05-01,21.2096,38.899,,negatives.csv,15007,9
mesogeos-neg-15008-2021-05-02,0,no,2021-05-02,2021-04-02,2021-05-01,20.0114,41.2048,,negatives.csv,15008,6
mesogeos-neg-15009-2021-05-02,0,no,2021-05-02,2021-04-02,2021-05-01,-1.77785,41.1745,,negatives.csv,15009,5
mesogeos-neg-15010-2021-05-03,0,no,2021-05-03,2021-04-03,2021-05-02,0.447392,40.9732,,negatives.csv,15010,4
mesogeos-neg-15011-2021-05-03,0,no,2021-05-03,2021-04-03,2021-05-02,28.7714,39.6239,,negatives.csv,15011,3
mesogeos-neg-15012-2021-05-03,0,no,2021-05-03,2021-04-03,2021-05-02,-3.38889,36.855,,negatives.csv,15012,5
mesogeos-neg-15013-2021-05-03,0,no,2021-05-03,2021-04-03,2021-05-02,-2.92571,38.4156,,negatives.csv,15013,0
mesogeos-neg-15014-2021-05-03,0,no,2021-05-03,2021-04-03,2021-05-02,7.52588,44.5376,,negatives.csv,15014,5
mesogeos-neg-15015-2021-05-03,0,no,2021-05-03,2021-04-03,2021-05-02,0.850151,35.3043,,negatives.csv,15015,4
mesogeos-neg-15016-2021-05-04,0,no,2021-05-04,2021-04-04,2021-05-03,7.91857,36.714,,negatives.csv,15016,0
mesogeos-neg-15017-2021-05-04,0,no,2021-05-04,2021-04-04,2021-05-03,35.9808,34.2874,,negatives.csv,15017,4
mesogeos-neg-15018-2021-05-04,0,no,2021-05-04,2021-04-04,2021-05-03,-6.46999,41.5773,,negatives.csv,15018,4
mesogeos-neg-15019-2021-05-04,0,no,2021-05-04,2021-04-04,2021-05-03,9.39871,39.4528,,negatives.csv,15019,1
mesogeos-neg-15020-2021-05-04,0,no,2021-05-04,2021-04-04,2021-05-03,-6.61096,41.1141,,negatives.csv,15020,3
mesogeos-neg-15021-2021-05-05,0,no,2021-05-05,2021-04-05,2021-05-04,27.9659,38.2848,,negatives.csv,15021,2
mesogeos-neg-15022-2021-05-05,0,no,2021-05-05,2021-04-05,2021-05-04,35.1853,32.2333,,negatives.csv,15022,7
mesogeos-neg-15023-2021-05-05,0,no,2021-05-05,2021-04-05,2021-05-04,-7.58765,37.5497,,negatives.csv,15023,3
mesogeos-neg-15024-2021-05-05,0,no,2021-05-05,2021-04-05,2021-05-04,3.71981,43.9334,,negatives.csv,15024,7
mesogeos-neg-15025-2021-05-05,0,no,2021-05-05,2021-04-05,2021-05-04,-3.1573,36.8449,,negatives.csv,15025,3
mesogeos-neg-15026-2021-05-06,0,no,2021-05-06,2021-04-06,2021-05-05,-6.77206,32.183,,negatives.csv,15026,2
mesogeos-neg-15027-2021-05-06,0,no,2021-05-06,2021-04-06,2021-05-05,9.48933,35.8783,,negatives.csv,15027,5
mesogeos-neg-15028-2021-05-06,0,no,2021-05-06,2021-04-06,2021-05-05,-2.64378,36.855,,negatives.csv,15028,0
mesogeos-neg-15029-2021-05-06,0,no,2021-05-06,2021-04-06,2021-05-05,-4.28502,39.5132,,negatives.csv,15029,9
mesogeos-neg-15030-2021-05-06,0,no,2021-05-06,2021-04-06,2021-05-05,30.3019,39.8052,,negatives.csv,15030,8
mesogeos-neg-15031-2021-05-06,0,no,2021-05-06,2021-04-06,2021-05-05,2.85388,36.4019,,negatives.csv,15031,3
mesogeos-neg-15032-2021-05-07,0,no,2021-05-07,2021-04-07,2021-05-06,3.50836,36.4421,,negatives.csv,15032,8
mesogeos-neg-15033-2021-05-07,0,no,2021-05-07,2021-04-07,2021-05-06,-2.37192,39.9461,,negatives.csv,15033,8
mesogeos-neg-15034-2021-05-07,0,no,2021-05-07,2021-04-07,2021-05-06,9.30809,42.413,,negatives.csv,15034,4
mesogeos-neg-15035-2021-05-07,0,no,2021-05-07,2021-04-07,2021-05-06,35.8298,32.2736,,negatives.csv,15035,8
mesogeos-neg-15036-2021-05-07,0,no,2021-05-07,2021-04-07,2021-05-06,22.1662,38.0733,,negatives.csv,15036,1
mesogeos-neg-15037-2021-05-07,0,no,2021-05-07,2021-04-07,2021-05-06,19.9611,41.1947,,negatives.csv,15037,6
mesogeos-neg-15038-2021-05-08,0,no,2021-05-08,2021-04-08,2021-05-07,-7.31578,32.6059,,negatives.csv,15038,7
mesogeos-neg-15039-2021-05-08,0,no,2021-05-08,2021-04-08,2021-05-07,29.728,38.2042,,negatives.csv,15039,0
mesogeos-neg-15040-2021-05-08,0,no,2021-05-08,2021-04-08,2021-05-07,10.3049,43.6817,,negatives.csv,15040,6
mesogeos-neg-15041-2021-05-08,0,no,2021-05-08,2021-04-08,2021-05-07,22.5891,38.6372,,negatives.csv,15041,2
mesogeos-neg-15042-2021-05-08,0,no,2021-05-08,2021-04-08,2021-05-07,-1.28447,37.8216,,negatives.csv,15042,9
mesogeos-neg-15043-2021-05-08,0,no,2021-05-08,2021-04-08,2021-05-07,11.3017,42.5641,,negatives.csv,15043,1
mesogeos-pos-06501-2021-05-09,1,yes,2021-05-09,2021-04-09,2021-05-08,20.5451,40.6912,45.0,positives.csv,6501,9
mesogeos-pos-06502-2021-05-09,1,yes,2021-05-09,2021-04-09,2021-05-08,20.0517,41.8391,92.0,positives.csv,6502,7
mesogeos-neg-15044-2021-05-09,0,no,2021-05-09,2021-04-09,2021-05-08,-6.06723,31.901,,negatives.csv,15044,4
mesogeos-neg-15045-2021-05-09,0,no,2021-05-09,2021-04-09,2021-05-08,-5.88599,42.0103,,negatives.csv,15045,6
mesogeos-neg-15046-2021-05-09,0,no,2021-05-09,2021-04-09,2021-05-08,-2.05978,34.0155,,negatives.csv,15046,6
mesogeos-neg-15047-2021-05-09,0,no,2021-05-09,2021-04-09,2021-05-08,14.3828,32.5052,,negatives.csv,15047,0
mesogeos-neg-15048-2021-05-09,0,no,2021-05-09,2021-04-09,2021-05-08,30.906,37.7813,,negatives.csv,15048,6
mesogeos-neg-15049-2021-05-10,0,no,2021-05-10,2021-04-10,2021-05-09,27.3315,40.2985,,negatives.csv,15049,1
mesogeos-neg-15050-2021-05-10,0,no,2021-05-10,2021-04-10,2021-05-09,9.05636,35.2137,,negatives.csv,15050,1
mesogeos-neg-15051-2021-05-10,0,no,2021-05-10,2021-04-10,2021-05-09,1.11194,35.7776,,negatives.csv,15051,5
mesogeos-neg-15052-2021-05-10,0,no,2021-05-10,2021-04-10,2021-05-09,-0.680332,38.9493,,negatives.csv,15052,1
mesogeos-neg-15053-2021-05-10,0,no,2021-05-10,2021-04-10,2021-05-09,11.7347,42.9769,,negatives.csv,15053,8
mesogeos-neg-15054-2021-05-11,0,no,2021-05-11,2021-04-11,2021-05-10,26.6167,40.1777,,negatives.csv,15054,1
mesogeos-neg-15055-2021-05-11,0,no,2021-05-11,2021-04-11,2021-05-10,35.3162,32.2534,,negatives.csv,15055,3
mesogeos-neg-15056-2021-05-11,0,no,2021-05-11,2021-04-11,2021-05-10,10.6372,43.7522,,negatives.csv,15056,4
mesogeos-neg-15057-2021-05-11,0,no,2021-05-11,2021-04-11,2021-05-10,23.8779,41.0739,,negatives.csv,15057,7
mesogeos-neg-15058-2021-05-11,0,no,2021-05-11,2021-04-11,2021-05-10,-2.50282,40.4596,,negatives.csv,15058,7
mesogeos-neg-15059-2021-05-12,0,no,2021-05-12,2021-04-12,2021-05-11,6.24712,43.2387,,negatives.csv,15059,6
mesogeos-neg-15060-2021-05-12,0,no,2021-05-12,2021-04-12,2021-05-11,28.5197,39.1104,,negatives.csv,15060,7
mesogeos-neg-15061-2021-05-12,0,no,2021-05-12,2021-04-12,2021-05-11,28.5499,39.1406,,negatives.csv,15061,6
mesogeos-neg-15062-2021-05-12,0,no,2021-05-12,2021-04-12,2021-05-11,6.47871,43.4199,,negatives.csv,15062,0
mesogeos-neg-15063-2021-05-12,0,no,2021-05-12,2021-04-12,2021-05-11,27.3215,38.7379,,negatives.csv,15063,4
mesogeos-neg-15064-2021-05-13,0,no,2021-05-13,2021-04-13,2021-05-12,15.9133,39.9864,,negatives.csv,15064,7
mesogeos-neg-15065-2021-05-13,0,no,2021-05-13,2021-04-13,2021-05-12,-1.68723,41.1242,,negatives.csv,15065,4
mesogeos-neg-15066-2021-05-13,0,no,2021-05-13,2021-04-13,2021-05-12,-8.33275,37.4994,,negatives.csv,15066,4
mesogeos-neg-15067-2021-05-13,0,no,2021-05-13,2021-04-13,2021-05-12,-6.71165,40.943,,negatives.csv,15067,2
mesogeos-neg-15068-2021-05-13,0,no,2021-05-13,2021-04-13,2021-05-12,-3.09689,33.9954,,negatives.csv,15068,3
mesogeos-neg-15069-2021-05-13,0,no,2021-05-13,2021-04-13,2021-05-12,-3.88227,40.943,,negatives.csv,15069,6
mesogeos-neg-15070-2021-05-14,0,no,2021-05-14,2021-04-14,2021-05-13,8.60326,40.5805,,negatives.csv,15070,7
mesogeos-neg-15071-2021-05-14,0,no,2021-05-14,2021-04-14,2021-05-13,22.4884,38.9795,,negatives.csv,15071,7
mesogeos-neg-15072-2021-05-14,0,no,2021-05-14,2021-04-14,2021-05-13,-3.10695,41.7888,,negatives.csv,15072,0
mesogeos-neg-15073-2021-05-14,0,no,2021-05-14,2021-04-14,2021-05-13,-1.49592,37.7209,,negatives.csv,15073,9
mesogeos-neg-15074-2021-05-14,0,no,2021-05-14,2021-04-14,2021-05-13,-8.58448,38.1438,,negatives.csv,15074,7
mesogeos-neg-15075-2021-05-14,0,no,2021-05-14,2021-04-14,2021-05-13,6.53912,35.6668,,negatives.csv,15075,3
mesogeos-neg-15076-2021-05-15,0,no,2021-05-15,2021-04-15,2021-05-14,-7.20503,38.0129,,negatives.csv,15076,1
mesogeos-neg-15077-2021-05-15,0,no,2021-05-15,2021-04-15,2021-05-14,-1.73757,38.9996,,negatives.csv,15077,1
mesogeos-neg-15078-2021-05-15,0,no,2021-05-15,2021-04-15,2021-05-14,2.13898,35.8581,,negatives.csv,15078,7
mesogeos-neg-15079-2021-05-15,0,no,2021-05-15,2021-04-15,2021-05-14,-5.55371,36.563,,negatives.csv,15079,8
mesogeos-neg-15080-2021-05-15,0,no,2021-05-15,2021-04-15,2021-05-14,0.527944,42.0808,,negatives.csv,15080,3
mesogeos-neg-15081-2021-05-16,0,no,2021-05-16,2021-04-16,2021-05-15,-5.17109,42.1009,,negatives.csv,15081,8
mesogeos-neg-15082-2021-05-16,0,no,2021-05-16,2021-04-16,2021-05-15,18.8937,42.3325,,negatives.csv,15082,5
mesogeos-neg-15083-2021-05-16,0,no,2021-05-16,2021-04-16,2021-05-15,12.792,32.6965,,negatives.csv,15083,6
mesogeos-neg-15084-2021-05-16,0,no,2021-05-16,2021-04-16,2021-05-15,17.5143,43.0776,,negatives.csv,15084,9
mesogeos-neg-15085-2021-05-16,0,no,2021-05-16,2021-04-16,2021-05-15,12.0468,43.4099,,negatives.csv,15085,1
mesogeos-neg-15086-2021-05-16,0,no,2021-05-16,2021-04-16,2021-05-15,5.85443,35.2036,,negatives.csv,15086,0
mesogeos-neg-15087-2021-05-17,0,no,2021-05-17,2021-04-17,2021-05-16,28.8822,39.0802,,negatives.csv,15087,8
mesogeos-neg-15088-2021-05-17,0,no,2021-05-17,2021-04-17,2021-05-16,7.54602,36.8952,,negatives.csv,15088,0
mesogeos-neg-15089-2021-05-17,0,no,2021-05-17,2021-04-17,2021-05-16,27.9659,37.6403,,negatives.csv,15089,1
mesogeos-neg-15090-2021-05-17,0,no,2021-05-17,2021-04-17,2021-05-16,23.9383,38.4156,,negatives.csv,15090,6
mesogeos-neg-15091-2021-05-17,0,no,2021-05-17,2021-04-17,2021-05-16,8.0394,35.7876,,negatives.csv,15091,8
mesogeos-neg-15092-2021-05-17,0,no,2021-05-17,2021-04-17,2021-05-16,-6.15785,33.069,,negatives.csv,15092,4
mesogeos-neg-15093-2021-05-18,0,no,2021-05-18,2021-04-18,2021-05-17,-6.00682,39.9663,,negatives.csv,15093,1
mesogeos-neg-15094-2021-05-18,0,no,2021-05-18,2021-04-18,2021-05-17,5.96519,43.7421,,negatives.csv,15094,9
mesogeos-neg-15095-2021-05-18,0,no,2021-05-18,2021-04-18,2021-05-17,-4.43606,40.51,,negatives.csv,15095,0
mesogeos-neg-15096-2021-05-18,0,no,2021-05-18,2021-04-18,2021-05-17,29.4964,37.4591,,negatives.csv,15096,3
mesogeos-neg-15097-2021-05-18,0,no,2021-05-18,2021-04-18,2021-05-17,0.0647714,35.6064,,negatives.csv,15097,4
mesogeos-neg-15098-2021-05-18,0,no,2021-05-18,2021-04-18,2021-05-17,16.7088,40.7819,,negatives.csv,15098,4
mesogeos-neg-15099-2021-05-19,0,no,2021-05-19,2021-04-19,2021-05-18,-5.98668,41.4867,,negatives.csv,15099,4
mesogeos-neg-15100-2021-05-19,0,no,2021-05-19,2021-04-19,2021-05-18,6.43843,43.9939,,negatives.csv,15100,2
mesogeos-neg-15101-2021-05-19,0,no,2021-05-19,2021-04-19,2021-05-18,-6.37937,38.1337,,negatives.csv,15101,9
mesogeos-neg-15102-2021-05-19,0,no,2021-05-19,2021-04-19,2021-05-18,6.3176,35.2641,,negatives.csv,15102,5
mesogeos-neg-15103-2021-05-19,0,no,2021-05-19,2021-04-19,2021-05-18,-2.10006,40.8725,,negatives.csv,15103,8
mesogeos-pos-01608-2021-05-20,1,yes,2021-05-20,2021-04-20,2021-05-19,-6.11758,41.7787,43.0,positives.csv,1608,5
mesogeos-pos-04799-2021-05-20,1,yes,2021-05-20,2021-04-20,2021-05-19,23.1529,38.3754,120.0,positives.csv,4799,1
mesogeos-neg-15104-2021-05-20,0,no,2021-05-20,2021-04-20,2021-05-19,12.0468,42.8863,,negatives.csv,15104,5
mesogeos-neg-15105-2021-05-20,0,no,2021-05-20,2021-04-20,2021-05-19,-0.921988,40.7919,,negatives.csv,15105,8
mesogeos-neg-15106-2021-05-20,0,no,2021-05-20,2021-04-20,2021-05-19,-6.2082,34.6801,,negatives.csv,15106,5
mesogeos-neg-15107-2021-05-20,0,no,2021-05-20,2021-04-20,2021-05-19,6.06588,35.6366,,negatives.csv,15107,2
mesogeos-neg-15108-2021-05-20,0,no,2021-05-20,2021-04-20,2021-05-19,-3.84199,40.6409,,negatives.csv,15108,5
mesogeos-neg-15109-2021-05-20,0,no,2021-05-20,2021-04-20,2021-05-19,8.35154,35.2339,,negatives.csv,15109,0
mesogeos-neg-15110-2021-05-21,0,no,2021-05-21,2021-04-21,2021-05-20,12.6308,42.9265,,negatives.csv,15110,1
mesogeos-neg-15111-2021-05-21,0,no,2021-05-21,2021-04-21,2021-05-20,20.8874,32.5958,,negatives.csv,15111,4
mesogeos-neg-15112-2021-05-21,0,no,2021-05-21,2021-04-21,2021-05-20,20.7364,41.3155,,negatives.csv,15112,5
mesogeos-neg-15113-2021-05-21,0,no,2021-05-21,2021-04-21,2021-05-20,1.66574,41.6075,,negatives.csv,15113,3
mesogeos-neg-15114-2021-05-21,0,no,2021-05-21,2021-04-21,2021-05-20,1.70601,36.0998,,negatives.csv,15114,4
mesogeos-pos-02970-2021-05-22,1,yes,2021-05-22,2021-04-22,2021-05-21,13.1544,38.023,37.0,positives.csv,2970,5
mesogeos-neg-15115-2021-05-22,0,no,2021-05-22,2021-04-22,2021-05-21,31.923,39.3521,,negatives.csv,15115,4
mesogeos-neg-15116-2021-05-22,0,no,2021-05-22,2021-04-22,2021-05-21,-0.0761942,41.6478,,negatives.csv,15116,6
mesogeos-neg-15117-2021-05-22,0,no,2021-05-22,2021-04-22,2021-05-21,35.7593,32.2031,,negatives.csv,15117,8
mesogeos-neg-15118-2021-05-22,0,no,2021-05-22,2021-04-22,2021-05-21,27.8249,37.7108,,negatives.csv,15118,7
mesogeos-neg-15119-2021-05-22,0,no,2021-05-22,2021-04-22,2021-05-21,-6.49013,32.8374,,negatives.csv,15119,5
mesogeos-pos-04800-2021-05-23,1,yes,2021-05-23,2021-04-23,2021-05-22,22.1561,37.5195,38.0,positives.csv,4800,5
mesogeos-neg-15120-2021-05-23,0,no,2021-05-23,2021-04-23,2021-05-22,13.6075,37.5195,,negatives.csv,15120,6
mesogeos-neg-15121-2021-05-23,0,no,2021-05-23,2021-04-23,2021-05-22,0.185599,35.8279,,negatives.csv,15121,6
mesogeos-neg-15122-2021-05-23,0,no,2021-05-23,2021-04-23,2021-05-22,13.2148,41.7888,,negatives.csv,15122,9
mesogeos-neg-15123-2021-05-23,0,no,2021-05-23,2021-04-23,2021-05-22,14.3526,37.8316,,negatives.csv,15123,3
mesogeos-neg-15124-2021-05-23,0,no,2021-05-23,2021-04-23,2021-05-22,2.07857,43.3494,,negatives.csv,15124,2
mesogeos-pos-02971-2021-05-24,1,yes,2021-05-24,2021-04-24,2021-05-23,14.6849,37.1369,111.0,positives.csv,2971,3
mesogeos-pos-02972-2021-05-24,1,yes,2021-05-24,2021-04-24,2021-05-23,12.9631,37.9625,67.0,positives.csv,2972,2
mesogeos-pos-02973-2021-05-24,1,yes,2021-05-24,2021-04-24,2021-05-23,14.4131,37.0966,246.0,positives.csv,2973,9
mesogeos-neg-15125-2021-05-24,0,no,2021-05-24,2021-04-24,2021-05-23,6.63981,36.4824,,negatives.csv,15125,0
mesogeos-neg-15126-2021-05-24,0,no,2021-05-24,2021-04-24,2021-05-23,-5.67454,40.3288,,negatives.csv,15126,7
mesogeos-neg-15127-2021-05-24,0,no,2021-05-24,2021-04-24,2021-05-23,10.456,36.5428,,negatives.csv,15127,8
mesogeos-neg-15128-2021-05-24,0,no,2021-05-24,2021-04-24,2021-05-23,-2.32157,38.6674,,negatives.csv,15128,5
mesogeos-neg-15129-2021-05-24,0,no,2021-05-24,2021-04-24,2021-05-23,10.1237,36.1199,,negatives.csv,15129,2
mesogeos-neg-15130-2021-05-25,0,no,2021-05-25,2021-04-25,2021-05-24,-2.92571,37.006,,negatives.csv,15130,3
mesogeos-neg-15131-2021-05-25,0,no,2021-05-25,2021-04-25,2021-05-24,11.7246,42.9668,,negatives.csv,15131,5
mesogeos-neg-15132-2021-05-25,0,no,2021-05-25,2021-04-25,2021-05-24,4.64615,44.5577,,negatives.csv,15132,4
mesogeos-neg-15133-2021-05-25,0,no,2021-05-25,2021-04-25,2021-05-24,-8.61468,39.9562,,negatives.csv,15133,4
mesogeos-neg-15134-2021-05-25,0,no,2021-05-25,2021-04-25,2021-05-24,25.1566,41.1343,,negatives.csv,15134,4
mesogeos-neg-15135-2021-05-26,0,no,2021-05-26,2021-04-26,2021-05-25,11.926,42.2721,,negatives.csv,15135,1
mesogeos-neg-15136-2021-05-26,0,no,2021-05-26,2021-04-26,2021-05-25,-4.94958,40.661,,negatives.csv,15136,1
mesogeos-neg-15137-2021-05-26,0,no,2021-05-26,2021-04-26,2021-05-25,28.3989,37.7108,,negatives.csv,15137,4
mesogeos-neg-15138-2021-05-26,0,no,2021-05-26,2021-04-26,2021-05-25,-2.31151,39.1708,,negatives.csv,15138,9
mesogeos-neg-15139-2021-05-26,0,no,2021-05-26,2021-04-26,2021-05-25,17.2022,43.5911,,negatives.csv,15139,5
mesogeos-neg-15140-2021-05-27,0,no,2021-05-27,2021-04-27,2021-05-26,-3.0264,36.9355,,negatives.csv,15140,2
mesogeos-neg-15141-2021-05-27,0,no,2021-05-27,2021-04-27,2021-05-26,-4.52668,40.9832,,negatives.csv,15141,2
mesogeos-neg-15142-2021-05-27,0,no,2021-05-27,2021-04-27,2021-05-26,-2.1504,40.9329,,negatives.csv,15142,9
mesogeos-neg-15143-2021-05-27,0,no,2021-05-27,2021-04-27,2021-05-26,29.7984,40.7819,,negatives.csv,15143,4
mesogeos-neg-15144-2021-05-27,0,no,2021-05-27,2021-04-27,2021-05-26,13.4565,32.7871,,negatives.csv,15144,0
mesogeos-neg-15145-2021-05-28,0,no,2021-05-28,2021-04-28,2021-05-27,3.07539,42.4231,,negatives.csv,15145,9
mesogeos-neg-15146-2021-05-28,0,no,2021-05-28,2021-04-28,2021-05-27,-0.398401,40.4798,,negatives.csv,15146,9
mesogeos-neg-15147-2021-05-28,0,no,2021-05-28,2021-04-28,2021-05-27,11.8153,43.2588,,negatives.csv,15147,4
mesogeos-neg-15148-2021-05-28,0,no,2021-05-28,2021-04-28,2021-05-27,14.1714,37.8921,,negatives.csv,15148,7
mesogeos-neg-15149-2021-05-28,0,no,2021-05-28,2021-04-28,2021-05-27,-7.03385,40.7516,,negatives.csv,15149,2
mesogeos-pos-04801-2021-05-29,1,yes,2021-05-29,2021-04-29,2021-05-28,27.7847,37.0161,62.0,positives.csv,4801,1
mesogeos-neg-15150-2021-05-29,0,no,2021-05-29,2021-04-29,2021-05-28,35.9002,32.4548,,negatives.csv,15150,1
mesogeos-neg-15151-2021-05-29,0,no,2021-05-29,2021-04-29,2021-05-28,3.37746,36.573,,negatives.csv,15151,9
mesogeos-neg-15152-2021-05-29,0,no,2021-05-29,2021-04-29,2021-05-28,14.1009,45.2928,,negatives.csv,15152,5
mesogeos-neg-15153-2021-05-29,0,no,2021-05-29,2021-04-29,2021-05-28,-5.13082,34.4787,,negatives.csv,15153,8
mesogeos-neg-15154-2021-05-29,0,no,2021-05-29,2021-04-29,2021-05-28,28.0263,37.9726,,negatives.csv,15154,1
mesogeos-neg-15155-2021-05-30,0,no,2021-05-30,2021-04-30,2021-05-29,-2.60351,38.4861,,negatives.csv,15155,4
mesogeos-neg-15156-2021-05-30,0,no,2021-05-30,2021-04-30,2021-05-29,-0.448746,41.8693,,negatives.csv,15156,7
mesogeos-neg-15157-2021-05-30,0,no,2021-05-30,2021-04-30,2021-05-29,9.37857,36.1803,,negatives.csv,15157,3
mesogeos-neg-15158-2021-05-30,0,no,2021-05-30,2021-04-30,2021-05-29,-0.60985,40.6812,,negatives.csv,15158,1
mesogeos-neg-15159-2021-05-30,0,no,2021-05-30,2021-04-30,2021-05-29,-3.39895,36.9456,,negatives.csv,15159,9
mesogeos-pos-06681-2021-05-31,1,yes,2021-05-31,2021-05-01,2021-05-30,35.568,32.4548,281.0,positives.csv,6681,7
mesogeos-neg-15160-2021-05-31,0,no,2021-05-31,2021-05-01,2021-05-30,30.7651,37.2879,,negatives.csv,15160,5
mesogeos-neg-15161-2021-05-31,0,no,2021-05-31,2021-05-01,2021-05-30,11.1205,42.9366,,negatives.csv,15161,6
mesogeos-neg-15162-2021-05-31,0,no,2021-05-31,2021-05-01,2021-05-30,29.003,39.6139,,negatives.csv,15162,7
mesogeos-neg-15163-2021-05-31,0,no,2021-05-31,2021-05-01,2021-05-30,15.7019,40.4294,,negatives.csv,15163,7
mesogeos-neg-15164-2021-05-31,0,no,2021-05-31,2021-05-01,2021-05-30,1.02132,35.4856,,negatives.csv,15164,0
mesogeos-neg-15165-2021-05-31,0,no,2021-05-31,2021-05-01,2021-05-30,-5.9464,42.0808,,negatives.csv,15165,0
mesogeos-pos-06682-2021-06-01,1,yes,2021-06-01,2021-05-02,2021-05-31,35.568,37.2074,103.0,positives.csv,6682,4
mesogeos-neg-15166-2021-06-01,0,no,2021-06-01,2021-05-02,2021-05-31,-6.65123,31.8607,,negatives.csv,15166,6
mesogeos-neg-15167-2021-06-01,0,no,2021-06-01,2021-05-02,2021-05-31,29.3554,38.8083,,negatives.csv,15167,8
mesogeos-neg-15168-2021-06-01,0,no,2021-06-01,2021-05-02,2021-05-31,7.38491,35.405,,negatives.csv,15168,8
mesogeos-neg-15169-2021-06-01,0,no,2021-06-01,2021-05-02,2021-05-31,20.9377,40.2583,,negatives.csv,15169,0
mesogeos-neg-15170-2021-06-01,0,no,2021-06-01,2021-05-02,2021-05-31,17.8869,40.4294,,negatives.csv,15170,2
mesogeos-neg-15171-2021-06-02,0,no,2021-06-02,2021-05-03,2021-06-01,5.84436,35.5561,,negatives.csv,15171,9
mesogeos-neg-15172-2021-06-02,0,no,2021-06-02,2021-05-03,2021-06-01,-7.5071,40.4093,,negatives.csv,15172,5
mesogeos-neg-15173-2021-06-02,0,no,2021-06-02,2021-05-03,2021-06-01,31.6813,36.9959,,negatives.csv,15173,1
mesogeos-neg-15174-2021-06-02,0,no,2021-06-02,2021-05-03,2021-06-01,-5.31206,41.094,,negatives.csv,15174,0
mesogeos-neg-15175-2021-06-02,0,no,2021-06-02,2021-05-03,2021-06-01,-9.05772,32.0823,,negatives.csv,15175,5
mesogeos-neg-15176-2021-06-02,0,no,2021-06-02,2021-05-03,2021-06-01,-1.5664,41.2853,,negatives.csv,15176,3
mesogeos-pos-06680-2021-06-03,1,yes,2021-06-03,2021-05-04,2021-06-02,34.9236,31.4681,223.0,positives.csv,6680,9
mesogeos-neg-15177-2021-06-03,0,no,2021-06-03,2021-05-04,2021-06-02,32.5473,37.006,,negatives.csv,15177,1
mesogeos-neg-15178-2021-06-03,0,no,2021-06-03,2021-05-04,2021-06-02,4.65622,36.6334,,negatives.csv,15178,1
mesogeos-neg-15179-2021-06-03,0,no,2021-06-03,2021-05-04,2021-06-02,-5.50337,37.0664,,negatives.csv,15179,8
mesogeos-neg-15180-2021-06-03,0,no,2021-06-03,2021-05-04,2021-06-02,11.8153,42.2318,,negatives.csv,15180,0
mesogeos-neg-15181-2021-06-03,0,no,2021-06-03,2021-05-04,2021-06-02,1.23277,35.8581,,negatives.csv,15181,1
mesogeos-pos-00630-2021-06-04,1,yes,2021-06-04,2021-05-05,2021-06-03,-3.62047,37.6907,45.0,positives.csv,630,9
mesogeos-pos-00631-2021-06-04,1,yes,2021-06-04,2021-05-05,2021-06-03,-6.87275,41.0436,99.0,positives.csv,631,5
mesogeos-pos-06683-2021-06-04,1,yes,2021-06-04,2021-05-05,2021-06-03,35.0746,31.7097,168.0,positives.csv,6683,2
mesogeos-neg-15182-2021-06-04,0,no,2021-06-04,2021-05-05,2021-06-03,21.0888,39.1608,,negatives.csv,15182,1
mesogeos-neg-15183-2021-06-04,0,no,2021-06-04,2021-05-05,2021-06-03,-6.30889,42.0505,,negatives.csv,15183,4
mesogeos-neg-15184-2021-06-04,0,no,2021-06-04,2021-05-05,2021-06-03,-0.730677,40.9732,,negatives.csv,15184,8
mesogeos-neg-15185-2021-06-04,0,no,2021-06-04,2021-05-05,2021-06-03,-5.28185,40.4194,,negatives.csv,15185,7
mesogeos-neg-15186-2021-06-04,0,no,2021-06-04,2021-05-05,2021-06-03,12.7718,32.2736,,negatives.csv,15186,8
mesogeos-neg-15187-2021-06-04,0,no,2021-06-04,2021-05-05,2021-06-03,6.22698,35.9185,,negatives.csv,15187,4
mesogeos-pos-06198-2021-06-05,1,yes,2021-06-05,2021-05-06,2021-06-04,28.2378,38.1841,71.0,positives.csv,6198,7
mesogeos-neg-15188-2021-06-05,0,no,2021-06-05,2021-05-06,2021-06-04,29.5064,38.7177,,negatives.csv,15188,9
mesogeos-neg-15189-2021-06-05,0,no,2021-06-05,2021-05-06,2021-06-04,0.991117,41.9096,,negatives.csv,15189,5
mesogeos-neg-15190-2021-06-05,0,no,2021-06-05,2021-05-06,2021-06-04,15.571,40.4596,,negatives.csv,15190,3
mesogeos-neg-15191-2021-06-05,0,no,2021-06-05,2021-05-06,2021-06-04,23.0422,41.0034,,negatives.csv,15191,7
mesogeos-neg-15192-2021-06-05,0,no,2021-06-05,2021-05-06,2021-06-04,20.0114,41.4665,,negatives.csv,15192,1
mesogeos-pos-06684-2021-06-06,1,yes,2021-06-06,2021-05-07,2021-06-05,35.0947,31.6694,101.0,positives.csv,6684,0
mesogeos-neg-15193-2021-06-06,0,no,2021-06-06,2021-05-07,2021-06-05,-5.53358,38.8587,,negatives.csv,15193,6
mesogeos-neg-15194-2021-06-06,0,no,2021-06-06,2021-05-07,2021-06-05,19.6389,40.943,,negatives.csv,15194,9
mesogeos-neg-15195-2021-06-06,0,no,2021-06-06,2021-05-07,2021-06-05,15.8731,44.0945,,negatives.csv,15195,3
mesogeos-neg-15196-2021-06-06,0,no,2021-06-06,2021-05-07,2021-06-05,30.2213,39.6139,,negatives.csv,15196,8
mesogeos-neg-15197-2021-06-06,0,no,2021-06-06,2021-05-07,2021-06-05,-0.781022,40.1274,,negatives.csv,15197,3
mesogeos-neg-15198-2021-06-06,0,no,2021-06-06,2021-05-07,2021-06-05,8.76436,40.0871,,negatives.csv,15198,7
mesogeos-neg-15199-2021-06-07,0,no,2021-06-07,2021-05-08,2021-06-06,18.4507,42.5842,,negatives.csv,15199,4
mesogeos-neg-15200-2021-06-07,0,no,2021-06-07,2021-05-08,2021-06-06,22.3575,37.9625,,negatives.csv,15200,2
mesogeos-neg-15201-2021-06-07,0,no,2021-06-07,2021-05-08,2021-06-06,-5.4933,34.9419,,negatives.csv,15201,5
mesogeos-neg-15202-2021-06-07,0,no,2021-06-07,2021-05-08,2021-06-06,-0.680332,39.775,,negatives.csv,15202,1
mesogeos-neg-15203-2021-06-07,0,no,2021-06-07,2021-05-08,2021-06-06,16.3664,38.4962,,negatives.csv,15203,2
mesogeos-neg-15204-2021-06-07,0,no,2021-06-07,2021-05-08,2021-06-06,-7.69841,39.1305,,negatives.csv,15204,1
mesogeos-pos-00632-2021-06-08,1,yes,2021-06-08,2021-05-09,2021-06-07,-6.38944,38.9594,293.0,positives.csv,632,8
mesogeos-pos-01609-2021-06-08,1,yes,2021-06-08,2021-05-09,2021-06-07,-6.27868,42.3224,797.0,positives.csv,1609,3
mesogeos-pos-01610-2021-06-08,1,yes,2021-06-08,2021-05-09,2021-06-07,-6.27868,40.5402,150.0,positives.csv,1610,3
mesogeos-neg-15205-2021-06-08,0,no,2021-06-08,2021-05-09,2021-06-07,0.37691,40.4194,,negatives.csv,15205,6
mesogeos-neg-15206-2021-06-08,0,no,2021-06-08,2021-05-09,2021-06-07,13.7686,45.1317,,negatives.csv,15206,3
mesogeos-neg-15207-2021-06-08,0,no,2021-06-08,2021-05-09,2021-06-07,-3.6104,37.3584,,negatives.csv,15207,4
mesogeos-neg-15208-2021-06-08,0,no,2021-06-08,2021-05-09,2021-06-07,-5.68461,39.5333,,negatives.csv,15208,4
mesogeos-neg-15209-2021-06-08,0,no,2021-06-08,2021-05-09,2021-06-07,22.9918,38.5969,,negatives.csv,15209,9
mesogeos-pos-00634-2021-06-09,1,yes,2021-06-09,2021-05-10,2021-06-08,-7.03385,40.8121,356.0,positives.csv,634,6
mesogeos-pos-06685-2021-06-09,1,yes,2021-06-09,2021-05-10,2021-06-08,35.0847,31.8205,129.0,positives.csv,6685,7
mesogeos-neg-15210-2021-06-09,0,no,2021-06-09,2021-05-10,2021-06-08,-6.81234,42.4332,,negatives.csv,15210,4
mesogeos-neg-15211-2021-06-09,0,no,2021-06-09,2021-05-10,2021-06-08,2.83374,42.8259,,negatives.csv,15211,3
mesogeos-neg-15212-2021-06-09,0,no,2021-06-09,2021-05-10,2021-06-08,-9.24903,30.7733,,negatives.csv,15212,8
mesogeos-neg-15213-2021-06-09,0,no,2021-06-09,2021-05-10,2021-06-08,-4.86902,42.1613,,negatives.csv,15213,2
mesogeos-neg-15214-2021-06-09,0,no,2021-06-09,2021-05-10,2021-06-08,-4.79854,41.97,,negatives.csv,15214,4
mesogeos-pos-00633-2021-06-10,1,yes,2021-06-10,2021-05-11,2021-06-09,-4.05344,38.9392,527.0,positives.csv,633,3
mesogeos-neg-15215-2021-06-10,0,no,2021-06-10,2021-05-11,2021-06-09,-2.95592,38.9493,,negatives.csv,15215,8
mesogeos-neg-15216-2021-06-10,0,no,2021-06-10,2021-05-11,2021-06-09,-1.78792,39.7548,,negatives.csv,15216,1
mesogeos-neg-15217-2021-06-10,0,no,2021-06-10,2021-05-11,2021-06-09,-0.106401,34.811,,negatives.csv,15217,9
mesogeos-neg-15218-2021-06-10,0,no,2021-06-10,2021-05-11,2021-06-09,15.3293,41.1947,,negatives.csv,15218,8
mesogeos-neg-15219-2021-06-10,0,no,2021-06-10,2021-05-11,2021-06-09,-1.54626,34.4183,,negatives.csv,15219,0
mesogeos-neg-15220-2021-06-11,0,no,2021-06-11,2021-05-12,2021-06-10,-5.06034,38.5969,,negatives.csv,15220,9
mesogeos-neg-15221-2021-06-11,0,no,2021-06-11,2021-05-12,2021-06-10,-8.77579,32.2132,,negatives.csv,15221,1
mesogeos-neg-15222-2021-06-11,0,no,2021-06-11,2021-05-12,2021-06-10,30.8355,37.3081,,negatives.csv,15222,3
mesogeos-neg-15223-2021-06-11,0,no,2021-06-11,2021-05-12,2021-06-10,-2.82502,41.8492,,negatives.csv,15223,4
mesogeos-neg-15224-2021-06-11,0,no,2021-06-11,2021-05-12,2021-06-10,-4.31523,40.6912,,negatives.csv,15224,0
mesogeos-neg-15225-2021-06-12,0,no,2021-06-12,2021-05-13,2021-06-11,2.9747,44.3463,,negatives.csv,15225,0
mesogeos-neg-15226-2021-06-12,0,no,2021-06-12,2021-05-13,2021-06-11,-2.02957,38.8083,,negatives.csv,15226,6
mesogeos-neg-15227-2021-06-12,0,no,2021-06-12,2021-05-13,2021-06-11,-2.24102,38.6674,,negatives.csv,15227,4
mesogeos-neg-15228-2021-06-12,0,no,2021-06-12,2021-05-13,2021-06-11,35.8298,34.237,,negatives.csv,15228,4
mesogeos-neg-15229-2021-06-12,0,no,2021-06-12,2021-05-13,2021-06-11,-5.98668,34.9116,,negatives.csv,15229,7
mesogeos-neg-15230-2021-06-12,0,no,2021-06-12,2021-05-13,2021-06-11,35.2659,33.1798,,negatives.csv,15230,2
mesogeos-neg-15231-2021-06-13,0,no,2021-06-13,2021-05-14,2021-06-12,16.3262,43.6213,,negatives.csv,15231,2
mesogeos-neg-15232-2021-06-13,0,no,2021-06-13,2021-05-14,2021-06-12,-5.48323,36.2408,,negatives.csv,15232,3
mesogeos-neg-15233-2021-06-13,0,no,2021-06-13,2021-05-14,2021-06-12,5.95512,44.2859,,negatives.csv,15233,3
mesogeos-neg-15234-2021-06-13,0,no,2021-06-13,2021-05-14,2021-06-12,-5.47316,33.9551,,negatives.csv,15234,0
mesogeos-neg-15235-2021-06-13,0,no,2021-06-13,2021-05-14,2021-06-12,12.9531,43.5911,,negatives.csv,15235,5
mesogeos-neg-15236-2021-06-13,0,no,2021-06-13,2021-05-14,2021-06-12,29.4662,39.0903,,negatives.csv,15236,9
mesogeos-neg-15237-2021-06-14,0,no,2021-06-14,2021-05-15,2021-06-13,-7.25537,40.218,,negatives.csv,15237,7
mesogeos-neg-15238-2021-06-14,0,no,2021-06-14,2021-05-15,2021-06-13,3.21636,43.9838,,negatives.csv,15238,5
mesogeos-neg-15239-2021-06-14,0,no,2021-06-14,2021-05-15,2021-06-13,14.695,36.8147,,negatives.csv,15239,1
mesogeos-neg-15240-2021-06-14,0,no,2021-06-14,2021-05-15,2021-06-13,-5.51344,39.7145,,negatives.csv,15240,5
mesogeos-neg-15241-2021-06-14,0,no,2021-06-14,2021-05-15,2021-06-13,-3.84199,36.9154,,negatives.csv,15241,8
mesogeos-neg-15242-2021-06-15,0,no,2021-06-15,2021-05-16,2021-06-14,1.81677,36.4019,,negatives.csv,15242,4
mesogeos-neg-15243-2021-06-15,0,no,2021-06-15,2021-05-16,2021-06-14,-7.6682,38.8889,,negatives.csv,15243,2
mesogeos-neg-15244-2021-06-15,0,no,2021-06-15,2021-05-16,2021-06-14,-2.22089,42.5037,,negatives.csv,15244,4
mesogeos-neg-15245-2021-06-15,0,no,2021-06-15,2021-05-16,2021-06-14,-5.18116,34.5794,,negatives.csv,15245,4
mesogeos-neg-15246-2021-06-15,0,no,2021-06-15,2021-05-16,2021-06-14,-3.80171,38.0129,,negatives.csv,15246,1
mesogeos-pos-02975-2021-06-16,1,yes,2021-06-16,2021-05-17,2021-06-15,14.987,37.3282,71.0,positives.csv,2975,6
mesogeos-pos-02984-2021-06-16,1,yes,2021-06-16,2021-05-17,2021-06-15,14.6648,37.3483,48.0,positives.csv,2984,8
mesogeos-neg-15247-2021-06-16,0,no,2021-06-16,2021-05-17,2021-06-15,-5.40268,41.5471,,negatives.csv,15247,6
mesogeos-neg-15248-2021-06-16,0,no,2021-06-16,2021-05-17,2021-06-15,6.27733,35.1432,,negatives.csv,15248,9
mesogeos-neg-15249-2021-06-16,0,no,2021-06-16,2021-05-17,2021-06-15,-8.66503,37.6907,,negatives.csv,15249,3
mesogeos-neg-15250-2021-06-16,0,no,2021-06-16,2021-05-17,2021-06-15,22.3776,36.8449,,negatives.csv,15250,6
mesogeos-neg-15251-2021-06-16,0,no,2021-06-16,2021-05-17,2021-06-15,13.8291,45.8163,,negatives.csv,15251,6
mesogeos-neg-15252-2021-06-16,0,no,2021-06-16,2021-05-17,2021-06-15,-0.750815,32.3239,,negatives.csv,15252,5
mesogeos-neg-15253-2021-06-17,0,no,2021-06-17,2021-05-18,2021-06-16,-3.42916,40.4294,,negatives.csv,15253,2
mesogeos-neg-15254-2021-06-17,0,no,2021-06-17,2021-05-18,2021-06-16,9.38864,36.3616,,negatives.csv,15254,7
mesogeos-neg-15255-2021-06-17,0,no,2021-06-17,2021-05-18,2021-06-16,-0.640057,40.369,,negatives.csv,15255,4
mesogeos-neg-15256-2021-06-17,0,no,2021-06-17,2021-05-18,2021-06-16,-5.87592,37.1268,,negatives.csv,15256,8
mesogeos-neg-15257-2021-06-17,0,no,2021-06-17,2021-05-18,2021-06-16,29.0131,37.6907,,negatives.csv,15257,0
mesogeos-pos-02976-2021-06-18,1,yes,2021-06-18,2021-05-19,2021-06-17,16.3866,40.7214,37.0,positives.csv,2976,4
mesogeos-pos-05977-2021-06-18,1,yes,2021-06-18,2021-05-19,2021-06-17,18.3601,42.6748,177.0,positives.csv,5977,1
mesogeos-neg-15258-2021-06-18,0,no,2021-06-18,2021-05-19,2021-06-17,20.7464,40.651,,negatives.csv,15258,8
mesogeos-neg-15259-2021-06-18,0,no,2021-06-18,2021-05-19,2021-06-17,-1.92888,40.1374,,negatives.csv,15259,5
mesogeos-neg-15260-2021-06-18,0,no,2021-06-18,2021-05-19,2021-06-17,-5.32213,38.8083,,negatives.csv,15260,9
mesogeos-neg-15261-2021-06-18,0,no,2021-06-18,2021-05-19,2021-06-17,1.85705,36.1501,,negatives.csv,15261,1
mesogeos-neg-15262-2021-06-18,0,no,2021-06-18,2021-05-19,2021-06-17,-0.921988,34.8814,,negatives.csv,15262,6
mesogeos-neg-15263-2021-06-18,0,no,2021-06-18,2021-05-19,2021-06-17,-4.35551,38.7177,,negatives.csv,15263,4
mesogeos-pos-02977-2021-06-19,1,yes,2021-06-19,2021-05-20,2021-06-18,8.98588,39.6239,111.0,positives.csv,2977,3
mesogeos-pos-02985-2021-06-19,1,yes,2021-06-19,2021-05-20,2021-06-18,13.7888,37.2174,328.0,positives.csv,2985,4
mesogeos-pos-08347-2021-06-19,1,yes,2021-06-19,2021-05-20,2021-06-18,9.25774,35.4252,1849.0,positives.csv,8347,1
mesogeos-pos-08348-2021-06-19,1,yes,2021-06-19,2021-05-20,2021-06-18,8.92547,35.113,82.0,positives.csv,8348,8
mesogeos-neg-15264-2021-06-19,0,no,2021-06-19,2021-05-20,2021-06-18,9.27788,40.3791,,negatives.csv,15264,2
mesogeos-neg-15265-2021-06-19,0,no,2021-06-19,2021-05-20,2021-06-18,-7.07413,38.325,,negatives.csv,15265,6
mesogeos-neg-15266-2021-06-19,0,no,2021-06-19,2021-05-20,2021-06-18,20.2329,42.0405,,negatives.csv,15266,3
mesogeos-neg-15267-2021-06-19,0,no,2021-06-19,2021-05-20,2021-06-18,-8.5442,39.8656,,negatives.csv,15267,3
mesogeos-neg-15268-2021-06-19,0,no,2021-06-19,2021-05-20,2021-06-18,-4.85896,36.6334,,negatives.csv,15268,3
mesogeos-neg-15269-2021-06-19,0,no,2021-06-19,2021-05-20,2021-06-18,-2.84516,38.7076,,negatives.csv,15269,7
mesogeos-pos-08564-2021-06-20,1,yes,2021-06-20,2021-05-21,2021-06-19,8.0696,35.3547,159.0,positives.csv,8564,1
mesogeos-neg-15270-2021-06-20,0,no,2021-06-20,2021-05-21,2021-06-19,15.6012,40.8725,,negatives.csv,15270,7
mesogeos-neg-15271-2021-06-20,0,no,2021-06-20,2021-05-21,2021-06-19,-1.00254,35.5863,,negatives.csv,15271,7
mesogeos-neg-15272-2021-06-20,0,no,2021-06-20,2021-05-21,2021-06-19,-2.95592,42.2217,,negatives.csv,15272,4
mesogeos-neg-15273-2021-06-20,0,no,2021-06-20,2021-05-21,2021-06-19,2.49139,41.7686,,negatives.csv,15273,5
mesogeos-neg-15274-2021-06-20,0,no,2021-06-20,2021-05-21,2021-06-19,16.4067,43.6817,,negatives.csv,15274,0
mesogeos-pos-02979-2021-06-21,1,yes,2021-06-21,2021-05-22,2021-06-20,16.7893,40.7214,275.0,positives.csv,2979,6
mesogeos-pos-08349-2021-06-21,1,yes,2021-06-21,2021-05-22,2021-06-20,8.84491,35.2943,372.0,positives.csv,8349,6
mesogeos-pos-08360-2021-06-21,1,yes,2021-06-21,2021-05-22,2021-06-20,8.6234,35.1835,4426.0,positives.csv,8360,9
mesogeos-neg-15275-2021-06-21,0,no,2021-06-21,2021-05-22,2021-06-20,35.86,37.9223,,negatives.csv,15275,1
mesogeos-neg-15276-2021-06-21,0,no,2021-06-21,2021-05-22,2021-06-20,29.4158,36.7241,,negatives.csv,15276,2
mesogeos-neg-15277-2021-06-21,0,no,2021-06-21,2021-05-22,2021-06-20,21.703,37.5497,,negatives.csv,15277,9
mesogeos-neg-15278-2021-06-21,0,no,2021-06-21,2021-05-22,2021-06-20,23.6664,40.4294,,negatives.csv,15278,0
mesogeos-neg-15279-2021-06-21,0,no,2021-06-21,2021-05-22,2021-06-20,28.4391,39.3118,,negatives.csv,15279,4
mesogeos-neg-15280-2021-06-21,0,no,2021-06-21,2021-05-22,2021-06-20,-2.33164,38.3955,,negatives.csv,15280,0
mesogeos-pos-03009-2021-06-22,1,yes,2021-06-22,2021-05-23,2021-06-21,14.9769,37.1168,228.0,positives.csv,3009,6
mesogeos-neg-15281-2021-06-22,0,no,2021-06-22,2021-05-23,2021-06-21,12.7114,42.4533,,negatives.csv,15281,4
mesogeos-neg-15282-2021-06-22,0,no,2021-06-22,2021-05-23,2021-06-21,-5.27178,34.1967,,negatives.csv,15282,8
mesogeos-neg-15283-2021-06-22,0,no,2021-06-22,2021-05-23,2021-06-21,15.7724,40.1979,,negatives.csv,15283,5
mesogeos-neg-15284-2021-06-22,0,no,2021-06-22,2021-05-23,2021-06-21,22.6293,38.5566,,negatives.csv,15284,1
mesogeos-neg-15285-2021-06-22,0,no,2021-06-22,2021-05-23,2021-06-21,-2.1202,42.3224,,negatives.csv,15285,8
mesogeos-pos-02980-2021-06-23,1,yes,2021-06-23,2021-05-24,2021-06-22,14.9467,37.2174,315.0,positives.csv,2980,7
mesogeos-pos-02999-2021-06-23,1,yes,2021-06-23,2021-05-24,2021-06-22,13.9801,37.298,895.0,positives.csv,2999,5
mesogeos-neg-15286-2021-06-23,0,no,2021-06-23,2021-05-24,2021-06-22,-7.3762,41.6679,,negatives.csv,15286,7
mesogeos-neg-15287-2021-06-23,0,no,2021-06-23,2021-05-24,2021-06-22,-2.18061,37.298,,negatives.csv,15287,0
mesogeos-neg-15288-2021-06-23,0,no,2021-06-23,2021-05-24,2021-06-22,-3.18751,42.0606,,negatives.csv,15288,9
mesogeos-neg-15289-2021-06-23,0,no,2021-06-23,2021-05-24,2021-06-22,8.58312,39.5534,,negatives.csv,15289,4
mesogeos-neg-15290-2021-06-23,0,no,2021-06-23,2021-05-24,2021-06-22,16.5577,39.4326,,negatives.csv,15290,9
mesogeos-neg-15291-2021-06-23,0,no,2021-06-23,2021-05-24,2021-06-22,-5.81551,33.5624,,negatives.csv,15291,4
mesogeos-pos-02983-2021-06-24,1,yes,2021-06-24,2021-05-25,2021-06-23,14.7051,37.1067,653.0,positives.csv,2983,3
mesogeos-neg-15292-2021-06-24,0,no,2021-06-24,2021-05-25,2021-06-23,10.6976,43.5408,,negatives.csv,15292,2
mesogeos-neg-15293-2021-06-24,0,no,2021-06-24,2021-05-25,2021-06-23,-2.33164,40.6308,,negatives.csv,15293,5
mesogeos-neg-15294-2021-06-24,0,no,2021-06-24,2021-05-25,2021-06-23,16.0442,38.4459,,negatives.csv,15294,5
mesogeos-neg-15295-2021-06-24,0,no,2021-06-24,2021-05-25,2021-06-23,-5.97661,38.3452,,negatives.csv,15295,7
mesogeos-neg-15296-2021-06-24,0,no,2021-06-24,2021-05-25,2021-06-23,12.5906,42.8561,,negatives.csv,15296,2
mesogeos-neg-15297-2021-06-25,0,no,2021-06-25,2021-05-26,2021-06-24,-7.47689,39.8052,,negatives.csv,15297,7
mesogeos-neg-15298-2021-06-25,0,no,2021-06-25,2021-05-26,2021-06-24,5.48188,34.6599,,negatives.csv,15298,5
mesogeos-neg-15299-2021-06-25,0,no,2021-06-25,2021-05-26,2021-06-24,-2.85523,38.9896,,negatives.csv,15299,4
mesogeos-neg-15300-2021-06-25,0,no,2021-06-25,2021-05-26,2021-06-24,20.8471,32.1527,,negatives.csv,15300,3
mesogeos-neg-15301-2021-06-25,0,no,2021-06-25,2021-05-26,2021-06-24,-0.680332,39.1507,,negatives.csv,15301,6
mesogeos-neg-15302-2021-06-25,0,no,2021-06-25,2021-05-26,2021-06-24,28.127,38.3049,,negatives.csv,15302,0
mesogeos-pos-08357-2021-06-26,1,yes,2021-06-26,2021-05-27,2021-06-25,8.87512,35.0929,1435.0,positives.csv,8357,2
mesogeos-neg-15303-2021-06-26,0,no,2021-06-26,2021-05-27,2021-06-25,-5.64434,42.7755,,negatives.csv,15303,2
mesogeos-neg-15304-2021-06-26,0,no,2021-06-26,2021-05-27,2021-06-25,-4.0333,39.3521,,negatives.csv,15304,0
mesogeos-neg-15305-2021-06-26,0,no,2021-06-26,2021-05-27,2021-06-25,-8.22199,37.7914,,negatives.csv,15305,4
mesogeos-neg-15306-2021-06-26,0,no,2021-06-26,2021-05-27,2021-06-25,33.242,35.2741,,negatives.csv,15306,2
mesogeos-neg-15307-2021-06-26,0,no,2021-06-26,2021-05-27,2021-06-25,10.4862,43.9435,,negatives.csv,15307,7
mesogeos-neg-15308-2021-06-26,0,no,2021-06-26,2021-05-27,2021-06-25,-0.70047,38.4459,,negatives.csv,15308,6
mesogeos-pos-04158-2021-06-27,1,yes,2021-06-27,2021-05-28,2021-06-26,14.3426,37.4591,515.0,positives.csv,4158,4
mesogeos-neg-15309-2021-06-27,0,no,2021-06-27,2021-05-28,2021-06-26,23.1429,40.9128,,negatives.csv,15309,7
mesogeos-neg-15310-2021-06-27,0,no,2021-06-27,2021-05-28,2021-06-26,12.8725,42.3123,,negatives.csv,15310,4
mesogeos-neg-15311-2021-06-27,0,no,2021-06-27,2021-05-28,2021-06-26,-7.18489,39.3722,,negatives.csv,15311,9
mesogeos-neg-15312-2021-06-27,0,no,2021-06-27,2021-05-28,2021-06-26,21.6325,40.3992,,negatives.csv,15312,5
mesogeos-neg-15313-2021-06-27,0,no,2021-06-27,2021-05-28,2021-06-26,-6.99358,31.4681,,negatives.csv,15313,3
mesogeos-neg-15314-2021-06-28,0,no,2021-06-28,2021-05-29,2021-06-27,23.9383,35.4554,,negatives.csv,15314,3
mesogeos-neg-15315-2021-06-28,0,no,2021-06-28,2021-05-29,2021-06-27,-1.30461,38.4459,,negatives.csv,15315,1
mesogeos-neg-15316-2021-06-28,0,no,2021-06-28,2021-05-29,2021-06-27,-0.821298,39.2916,,negatives.csv,15316,7
mesogeos-neg-15317-2021-06-28,0,no,2021-06-28,2021-05-29,2021-06-27,5.46174,36.1904,,negatives.csv,15317,7
mesogeos-neg-15318-2021-06-28,0,no,2021-06-28,2021-05-29,2021-06-27,8.31126,35.6467,,negatives.csv,15318,5
mesogeos-neg-15319-2021-06-28,0,no,2021-06-28,2021-05-29,2021-06-27,31.6511,36.8449,,negatives.csv,15319,0
mesogeos-pos-04968-2021-06-29,1,yes,2021-06-29,2021-05-30,2021-06-28,33.4837,34.9116,38.0,positives.csv,4968,6
mesogeos-pos-06504-2021-06-29,1,yes,2021-06-29,2021-05-30,2021-06-28,20.1423,40.6812,375.0,positives.csv,6504,2
mesogeos-pos-06560-2021-06-29,1,yes,2021-06-29,2021-05-30,2021-06-28,24.9754,35.1835,51.0,positives.csv,6560,2
mesogeos-pos-08352-2021-06-29,1,yes,2021-06-29,2021-05-30,2021-06-28,2.12891,36.4119,71.0,positives.csv,8352,1
mesogeos-pos-08354-2021-06-29,1,yes,2021-06-29,2021-05-30,2021-06-28,8.66367,35.4352,109.0,positives.csv,8354,5
mesogeos-neg-15320-2021-06-29,0,no,2021-06-29,2021-05-30,2021-06-28,-5.14089,42.6043,,negatives.csv,15320,2
mesogeos-neg-15321-2021-06-29,0,no,2021-06-29,2021-05-30,2021-06-28,-3.86213,39.2312,,negatives.csv,15321,3
mesogeos-neg-15322-2021-06-29,0,no,2021-06-29,2021-05-30,2021-06-28,-5.55371,40.7919,,negatives.csv,15322,4
mesogeos-neg-15323-2021-06-29,0,no,2021-06-29,2021-05-30,2021-06-28,35.568,33.7235,,negatives.csv,15323,2
mesogeos-neg-15324-2021-06-29,0,no,2021-06-29,2021-05-30,2021-06-28,27.9458,37.6504,,negatives.csv,15324,7
mesogeos-neg-15325-2021-06-29,0,no,2021-06-29,2021-05-30,2021-06-28,9.2376,42.1512,,negatives.csv,15325,3
mesogeos-pos-02987-2021-06-30,1,yes,2021-06-30,2021-05-31,2021-06-29,14.0808,41.1947,31.0,positives.csv,2987,7
mesogeos-pos-06503-2021-06-30,1,yes,2021-06-30,2021-05-31,2021-06-29,20.1423,42.0405,31.0,positives.csv,6503,0
mesogeos-pos-08565-2021-06-30,1,yes,2021-06-30,2021-05-31,2021-06-29,22.3877,32.777,219.0,positives.csv,8565,5
mesogeos-neg-15326-2021-06-30,0,no,2021-06-30,2021-05-31,2021-06-29,35.6687,37.8417,,negatives.csv,15326,5
mesogeos-neg-15327-2021-06-30,0,no,2021-06-30,2021-05-31,2021-06-29,-3.39895,38.5365,,negatives.csv,15327,2
mesogeos-neg-15328-2021-06-30,0,no,2021-06-30,2021-05-31,2021-06-29,3.5587,36.2105,,negatives.csv,15328,5
mesogeos-neg-15329-2021-06-30,0,no,2021-06-30,2021-05-31,2021-06-29,-5.54365,34.529,,negatives.csv,15329,4
mesogeos-neg-15330-2021-06-30,0,no,2021-06-30,2021-05-31,2021-06-29,28.1169,37.5296,,negatives.csv,15330,8
mesogeos-pos-02998-2021-07-01,1,yes,2021-07-01,2021-06-01,2021-06-30,14.9064,37.0765,118.0,positives.csv,2998,9
mesogeos-pos-03644-2021-07-01,1,yes,2021-07-01,2021-06-01,2021-06-30,12.792,41.9801,62.0,positives.csv,3644,1
mesogeos-pos-04967-2021-07-01,1,yes,2021-07-01,2021-06-01,2021-06-30,32.7386,34.7002,115.0,positives.csv,4967,6
mesogeos-pos-06686-2021-07-01,1,yes,2021-07-01,2021-06-01,2021-06-30,35.1249,32.5555,92.0,positives.csv,6686,2
mesogeos-pos-08359-2021-07-01,1,yes,2021-07-01,2021-06-01,2021-06-30,9.05636,35.4654,356.0,positives.csv,8359,2
mesogeos-pos-08560-2021-07-01,1,yes,2021-07-01,2021-06-01,2021-06-30,8.41195,35.103,145.0,positives.csv,8560,0
mesogeos-neg-15331-2021-07-01,0,no,2021-07-01,2021-06-01,2021-06-30,-8.7053,40.0166,,negatives.csv,15331,4
mesogeos-neg-15332-2021-07-01,0,no,2021-07-01,2021-06-01,2021-06-30,-2.21082,42.0304,,negatives.csv,15332,8
mesogeos-neg-15333-2021-07-01,0,no,2021-07-01,2021-06-01,2021-06-30,-3.33854,35.1835,,negatives.csv,15333,9
mesogeos-neg-15334-2021-07-01,0,no,2021-07-01,2021-06-01,2021-06-30,6.59953,43.5005,,negatives.csv,15334,5
mesogeos-neg-15335-2021-07-01,0,no,2021-07-01,2021-06-01,2021-06-30,-6.06723,32.9482,,negatives.csv,15335,1
mesogeos-pos-00640-2021-07-02,1,yes,2021-07-02,2021-06-02,2021-07-01,-1.07302,39.1809,35.0,positives.csv,640,1
mesogeos-pos-02990-2021-07-02,1,yes,2021-07-02,2021-06-02,2021-07-01,14.6144,37.7108,3762.0,positives.csv,2990,3
mesogeos-pos-02991-2021-07-02,1,yes,2021-07-02,2021-06-02,2021-07-01,14.4231,37.4088,71.0,positives.csv,2991,9
mesogeos-pos-02994-2021-07-02,1,yes,2021-07-02,2021-06-02,2021-07-01,13.6075,37.5396,617.0,positives.csv,2994,5
mesogeos-pos-03666-2021-07-02,1,yes,2021-07-02,2021-06-02,2021-07-01,16.6383,40.4093,60.0,positives.csv,3666,7
mesogeos-pos-04152-2021-07-02,1,yes,2021-07-02,2021-06-02,2021-07-01,14.987,37.9525,240.0,positives.csv,4152,2
mesogeos-pos-04162-2021-07-02,1,yes,2021-07-02,2021-06-02,2021-07-01,14.4634,37.7008,748.0,positives.csv,4162,0
mesogeos-pos-04163-2021-07-02,1,yes,2021-07-02,2021-06-02,2021-07-01,14.3023,37.7008,811.0,positives.csv,4163,3
mesogeos-pos-04420-2021-07-02,1,yes,2021-07-02,2021-06-02,2021-07-01,-8.50392,37.6504,65.0,positives.csv,4420,7
mesogeos-pos-04807-2021-07-02,1,yes,2021-07-02,2021-06-02,2021-07-01,22.5589,39.3923,1137.0,positives.csv,4807,9
mesogeos-pos-06505-2021-07-02,1,yes,2021-07-02,2021-06-02,2021-07-01,20.7162,40.2482,63.0,positives.csv,6505,5
mesogeos-neg-15336-2021-07-02,0,no,2021-07-02,2021-06-02,2021-07-01,29.8488,38.5768,,negatives.csv,15336,8
mesogeos-neg-15337-2021-07-02,0,no,2021-07-02,2021-06-02,2021-07-01,28.1572,37.4088,,negatives.csv,15337,0
mesogeos-neg-15338-2021-07-02,0,no,2021-07-02,2021-06-02,2021-07-01,-8.48379,30.8438,,negatives.csv,15338,1
mesogeos-neg-15339-2021-07-02,0,no,2021-07-02,2021-06-02,2021-07-01,-7.26544,39.6139,,negatives.csv,15339,1
mesogeos-neg-15340-2021-07-02,0,no,2021-07-02,2021-06-02,2021-07-01,-0.640057,39.9663,,negatives.csv,15340,4
mesogeos-neg-15341-2021-07-02,0,no,2021-07-02,2021-06-02,2021-07-01,-6.5002,38.4156,,negatives.csv,15341,5
mesogeos-pos-00635-2021-07-03,1,yes,2021-07-03,2021-06-03,2021-07-02,-4.34544,38.5566,308.0,positives.csv,635,1
mesogeos-pos-02937-2021-07-03,1,yes,2021-07-03,2021-06-03,2021-07-02,14.3526,37.3987,82.0,positives.csv,2937,4
mesogeos-pos-02993-2021-07-03,1,yes,2021-07-03,2021-06-03,2021-07-02,14.8057,37.1772,131.0,positives.csv,2993,7
mesogeos-pos-04970-2021-07-03,1,yes,2021-07-03,2021-06-03,2021-07-02,33.1716,34.8412,4627.0,positives.csv,4970,5
mesogeos-pos-08353-2021-07-03,1,yes,2021-07-03,2021-06-03,2021-07-02,8.88519,35.3245,940.0,positives.csv,8353,8
mesogeos-pos-08361-2021-07-03,1,yes,2021-07-03,2021-06-03,2021-07-02,-1.71744,34.5089,56.0,positives.csv,8361,2
mesogeos-neg-15342-2021-07-03,0,no,2021-07-03,2021-06-03,2021-07-02,-4.95965,40.5603,,negatives.csv,15342,2
mesogeos-neg-15343-2021-07-03,0,no,2021-07-03,2021-06-03,2021-07-02,-8.63482,38.4459,,negatives.csv,15343,1
mesogeos-neg-15344-2021-07-03,0,no,2021-07-03,2021-06-03,2021-07-02,22.6797,37.0362,,negatives.csv,15344,5
mesogeos-neg-15345-2021-07-03,0,no,2021-07-03,2021-06-03,2021-07-02,29.2346,38.7882,,negatives.csv,15345,3
mesogeos-neg-15346-2021-07-03,0,no,2021-07-03,2021-06-03,2021-07-02,12.651,42.7151,,negatives.csv,15346,8
mesogeos-neg-15347-2021-07-03,0,no,2021-07-03,2021-06-03,2021-07-02,-5.89606,40.2079,,negatives.csv,15347,1
mesogeos-pos-02992-2021-07-04,1,yes,2021-07-04,2021-06-04,2021-07-03,12.7718,38.0431,360.0,positives.csv,2992,7
mesogeos-pos-03082-2021-07-04,1,yes,2021-07-04,2021-06-04,2021-07-03,15.0373,37.1872,297.0,positives.csv,3082,9
mesogeos-pos-08358-2021-07-04,1,yes,2021-07-04,2021-06-04,2021-07-03,2.21953,36.573,150.0,positives.csv,8358,9
mesogeos-pos-08364-2021-07-04,1,yes,2021-07-04,2021-06-04,2021-07-03,6.82105,35.3547,9265.0,positives.csv,8364,8
mesogeos-pos-08566-2021-07-04,1,yes,2021-07-04,2021-06-04,2021-07-03,6.96202,35.4453,920.0,positives.csv,8566,3
mesogeos-pos-08567-2021-07-04,1,yes,2021-07-04,2021-06-04,2021-07-03,8.89526,35.0828,820.0,positives.csv,8567,4
mesogeos-neg-15348-2021-07-04,0,no,2021-07-04,2021-06-04,2021-07-03,-4.76834,40.1475,,negatives.csv,15348,6
mesogeos-neg-15349-2021-07-04,0,no,2021-07-04,2021-06-04,2021-07-03,2.76326,42.0808,,negatives.csv,15349,9
mesogeos-neg-15350-2021-07-04,0,no,2021-07-04,2021-06-04,2021-07-03,22.0755,40.5905,,negatives.csv,15350,1
mesogeos-neg-15351-2021-07-04,0,no,2021-07-04,2021-06-04,2021-07-03,7.99912,45.0108,,negatives.csv,15351,0
mesogeos-neg-15352-2021-07-04,0,no,2021-07-04,2021-06-04,2021-07-03,5.48188,44.5779,,negatives.csv,15352,9
mesogeos-neg-15353-2021-07-04,0,no,2021-07-04,2021-06-04,2021-07-03,-4.11385,34.9519,,negatives.csv,15353,3
mesogeos-pos-02988-2021-07-05,1,yes,2021-07-05,2021-06-05,2021-07-04,14.4634,37.0362,108.0,positives.csv,2988,4
mesogeos-pos-03000-2021-07-05,1,yes,2021-07-05,2021-06-05,2021-07-04,14.7655,37.3181,74.0,positives.csv,3000,4
mesogeos-pos-03002-2021-07-05,1,yes,2021-07-05,2021-06-05,2021-07-04,8.96574,39.5434,127.0,positives.csv,3002,9
mesogeos-pos-03667-2021-07-05,1,yes,2021-07-05,2021-06-05,2021-07-04,14.6648,41.9297,53.0,positives.csv,3667,4
mesogeos-pos-04161-2021-07-05,1,yes,2021-07-05,2021-06-05,2021-07-04,14.2922,37.5699,52.0,positives.csv,4161,9
mesogeos-neg-15354-2021-07-05,0,no,2021-07-05,2021-06-05,2021-07-04,-4.4562,39.8052,,negatives.csv,15354,1
mesogeos-neg-15355-2021-07-05,0,no,2021-07-05,2021-06-05,2021-07-04,10.2546,36.1703,,negatives.csv,15355,9
mesogeos-neg-15356-2021-07-05,0,no,2021-07-05,2021-06-05,2021-07-04,-5.59399,38.4861,,negatives.csv,15356,7
mesogeos-neg-15357-2021-07-05,0,no,2021-07-05,2021-06-05,2021-07-04,21.26,40.5704,,negatives.csv,15357,7
mesogeos-neg-15358-2021-07-05,0,no,2021-07-05,2021-06-05,2021-07-04,-3.0264,38.8688,,negatives.csv,15358,4
mesogeos-neg-15359-2021-07-05,0,no,2021-07-05,2021-06-05,2021-07-04,20.7766,39.9965,,negatives.csv,15359,4
mesogeos-pos-04424-2021-07-06,1,yes,2021-07-06,2021-06-06,2021-07-05,-5.59399,37.6403,35.0,positives.csv,4424,6
mesogeos-neg-15360-2021-07-06,0,no,2021-07-06,2021-06-06,2021-07-05,31.2383,37.1772,,negatives.csv,15360,1
mesogeos-neg-15361-2021-07-06,0,no,2021-07-06,2021-06-06,2021-07-05,27.9256,38.2747,,negatives.csv,15361,4
mesogeos-neg-15362-2021-07-06,0,no,2021-07-06,2021-06-06,2021-07-05,15.0776,38.0532,,negatives.csv,15362,4
mesogeos-neg-15363-2021-07-06,0,no,2021-07-06,2021-06-06,2021-07-05,35.6687,36.9355,,negatives.csv,15363,6
mesogeos-neg-15364-2021-07-06,0,no,2021-07-06,2021-06-06,2021-07-05,22.5286,36.9456,,negatives.csv,15364,9
mesogeos-neg-15365-2021-07-06,0,no,2021-07-06,2021-06-06,2021-07-05,8.45222,39.3118,,negatives.csv,15365,1
mesogeos-pos-02995-2021-07-07,1,yes,2021-07-07,2021-06-07,2021-07-06,14.262,37.298,225.0,positives.csv,2995,6
mesogeos-pos-03010-2021-07-07,1,yes,2021-07-07,2021-06-07,2021-07-06,16.7088,40.7516,33.0,positives.csv,3010,5
mesogeos-pos-04422-2021-07-07,1,yes,2021-07-07,2021-06-07,2021-07-06,-8.7053,38.899,33.0,positives.csv,4422,1
mesogeos-pos-05978-2021-07-07,1,yes,2021-07-07,2021-06-07,2021-07-06,17.2626,43.5307,456.0,positives.csv,5978,4
mesogeos-neg-15366-2021-07-07,0,no,2021-07-07,2021-06-07,2021-07-06,-0.942126,39.5937,,negatives.csv,15366,4
mesogeos-neg-15367-2021-07-07,0,no,2021-07-07,2021-06-07,2021-07-06,11.9361,43.5206,,negatives.csv,15367,4
mesogeos-neg-15368-2021-07-07,0,no,2021-07-07,2021-06-07,2021-07-06,-5.61413,33.8041,,negatives.csv,15368,5
mesogeos-neg-15369-2021-07-07,0,no,2021-07-07,2021-06-07,2021-07-06,27.9256,37.3987,,negatives.csv,15369,1
mesogeos-neg-15370-2021-07-07,0,no,2021-07-07,2021-06-07,2021-07-06,-5.30199,33.653,,negatives.csv,15370,2
mesogeos-pos-00637-2021-07-08,1,yes,2021-07-08,2021-06-08,2021-07-07,-5.40268,39.7448,466.0,positives.csv,637,6
mesogeos-pos-00638-2021-07-08,1,yes,2021-07-08,2021-06-08,2021-07-07,-7.01372,40.8121,51.0,positives.csv,638,9
mesogeos-pos-03007-2021-07-08,1,yes,2021-07-08,2021-06-08,2021-07-07,14.5137,37.2476,97.0,positives.csv,3007,4
mesogeos-pos-03013-2021-07-08,1,yes,2021-07-08,2021-06-08,2021-07-07,17.1518,40.5905,37.0,positives.csv,3013,2
mesogeos-pos-04166-2021-07-08,1,yes,2021-07-08,2021-06-08,2021-07-07,14.3627,37.4792,48.0,positives.csv,4166,5
mesogeos-pos-05942-2021-07-08,1,yes,2021-07-08,2021-06-08,2021-07-07,18.8434,42.6446,332.0,positives.csv,5942,2
mesogeos-pos-05980-2021-07-08,1,yes,2021-07-08,2021-06-08,2021-07-07,19.9006,41.8492,51.0,positives.csv,5980,6
mesogeos-pos-05984-2021-07-08,1,yes,2021-07-08,2021-06-08,2021-07-07,19.5482,40.3992,45.0,positives.csv,5984,4
mesogeos-pos-08362-2021-07-08,1,yes,2021-07-08,2021-06-08,2021-07-07,-6.0773,35.1835,269.0,positives.csv,8362,3
mesogeos-pos-08365-2021-07-08,1,yes,2021-07-08,2021-06-08,2021-07-07,8.61333,36.3314,195.0,positives.csv,8365,1
mesogeos-neg-15371-2021-07-08,0,no,2021-07-08,2021-06-08,2021-07-07,29.3856,38.174,,negatives.csv,15371,0
mesogeos-neg-15372-2021-07-08,0,no,2021-07-08,2021-06-08,2021-07-07,27.9659,37.1067,,negatives.csv,15372,4
mesogeos-neg-15373-2021-07-08,0,no,2021-07-08,2021-06-08,2021-07-07,12.5805,42.4432,,negatives.csv,15373,4
mesogeos-neg-15374-2021-07-08,0,no,2021-07-08,2021-06-08,2021-07-07,29.5769,39.7951,,negatives.csv,15374,5
mesogeos-neg-15375-2021-07-08,0,no,2021-07-08,2021-06-08,2021-07-07,-8.11123,41.0336,,negatives.csv,15375,0
mesogeos-pos-04423-2021-07-09,1,yes,2021-07-09,2021-06-09,2021-07-08,-5.18116,36.5428,424.0,positives.csv,4423,8
mesogeos-pos-05979-2021-07-09,1,yes,2021-07-09,2021-06-09,2021-07-08,19.2562,42.3929,89.0,positives.csv,5979,4
mesogeos-pos-05981-2021-07-09,1,yes,2021-07-09,2021-06-09,2021-07-08,18.4104,42.987,214.0,positives.csv,5981,8
mesogeos-pos-08367-2021-07-09,1,yes,2021-07-09,2021-06-09,2021-07-08,-7.27551,31.5788,38.0,positives.csv,8367,8
mesogeos-neg-15376-2021-07-09,0,no,2021-07-09,2021-06-09,2021-07-08,12.1274,43.0675,,negatives.csv,15376,8
mesogeos-neg-15377-2021-07-09,0,no,2021-07-09,2021-06-09,2021-07-08,22.5286,41.6881,,negatives.csv,15377,2
mesogeos-neg-15378-2021-07-09,0,no,2021-07-09,2021-06-09,2021-07-08,-5.44296,37.8921,,negatives.csv,15378,5
mesogeos-neg-15379-2021-07-09,0,no,2021-07-09,2021-06-09,2021-07-08,29.3252,36.4824,,negatives.csv,15379,7
mesogeos-neg-15380-2021-07-09,0,no,2021-07-09,2021-06-09,2021-07-08,-8.10116,37.3181,,negatives.csv,15380,2
mesogeos-neg-15381-2021-07-09,0,no,2021-07-09,2021-06-09,2021-07-08,-5.72489,37.8518,,negatives.csv,15381,0
mesogeos-pos-06676-2021-07-10,1,yes,2021-07-10,2021-06-10,2021-07-09,35.3565,32.767,31.0,positives.csv,6676,6
mesogeos-pos-08345-2021-07-10,1,yes,2021-07-10,2021-06-10,2021-07-09,-4.89923,33.5926,626.0,positives.csv,8345,5
mesogeos-pos-08363-2021-07-10,1,yes,2021-07-10,2021-06-10,2021-07-09,-4.31523,33.7839,497.0,positives.csv,8363,9
mesogeos-pos-08366-2021-07-10,1,yes,2021-07-10,2021-06-10,2021-07-09,-5.9464,33.1496,55.0,positives.csv,8366,4
mesogeos-neg-15382-2021-07-10,0,no,2021-07-10,2021-06-10,2021-07-09,-8.19179,39.0601,,negatives.csv,15382,5
mesogeos-neg-15383-2021-07-10,0,no,2021-07-10,2021-06-10,2021-07-09,3.73995,43.6213,,negatives.csv,15383,6
mesogeos-neg-15384-2021-07-10,0,no,2021-07-10,2021-06-10,2021-07-09,-2.53302,37.5296,,negatives.csv,15384,3
mesogeos-neg-15385-2021-07-10,0,no,2021-07-10,2021-06-10,2021-07-09,-6.98351,37.5296,,negatives.csv,15385,4
mesogeos-neg-15386-2021-07-10,0,no,2021-07-10,2021-06-10,2021-07-09,21.6023,39.2816,,negatives.csv,15386,2
mesogeos-neg-15387-2021-07-10,0,no,2021-07-10,2021-06-10,2021-07-09,35.0746,37.3987,,negatives.csv,15387,3
mesogeos-pos-03008-2021-07-11,1,yes,2021-07-11,2021-06-11,2021-07-10,14.8057,37.3181,69.0,positives.csv,3008,7
mesogeos-pos-03012-2021-07-11,1,yes,2021-07-11,2021-06-11,2021-07-10,16.2758,39.8152,31.0,positives.csv,3012,2
mesogeos-pos-03015-2021-07-11,1,yes,2021-07-11,2021-06-11,2021-07-10,15.7321,38.1236,47.0,positives.csv,3015,5
mesogeos-pos-03020-2021-07-11,1,yes,2021-07-11,2021-06-11,2021-07-10,13.4464,37.4893,1563.0,positives.csv,3020,6
mesogeos-pos-03023-2021-07-11,1,yes,2021-07-11,2021-06-11,2021-07-10,14.4533,37.2678,42.0,positives.csv,3023,8
mesogeos-pos-03672-2021-07-11,1,yes,2021-07-11,2021-06-11,2021-07-10,16.0241,41.1041,122.0,positives.csv,3672,5
mesogeos-pos-05982-2021-07-11,1,yes,2021-07-11,2021-06-11,2021-07-10,18.3198,42.6547,37.0,positives.csv,5982,6
mesogeos-pos-08368-2021-07-11,1,yes,2021-07-11,2021-06-11,2021-07-10,0.37691,35.8581,90.0,positives.csv,8368,9
mesogeos-pos-08374-2021-07-11,1,yes,2021-07-11,2021-06-11,2021-07-10,8.15016,35.395,750.0,positives.csv,8374,2
mesogeos-neg-15388-2021-07-11,0,no,2021-07-11,2021-06-11,2021-07-10,-0.710539,35.6769,,negatives.csv,15388,8
mesogeos-neg-15389-2021-07-11,0,no,2021-07-11,2021-06-11,2021-07-10,27.6638,39.8656,,negatives.csv,15389,2
mesogeos-neg-15390-2021-07-11,0,no,2021-07-11,2021-06-11,2021-07-10,-4.09371,34.1464,,negatives.csv,15390,4
mesogeos-neg-15391-2021-07-11,0,no,2021-07-11,2021-06-11,2021-07-10,7.06271,36.7945,,negatives.csv,15391,9
mesogeos-neg-15392-2021-07-11,0,no,2021-07-11,2021-06-11,2021-07-10,2.61222,36.3716,,negatives.csv,15392,7
mesogeos-pos-00636-2021-07-12,1,yes,2021-07-12,2021-06-12,2021-07-11,-4.98985,36.8751,30.0,positives.csv,636,5
mesogeos-pos-00641-2021-07-12,1,yes,2021-07-12,2021-06-12,2021-07-11,-2.54309,39.0097,33.0,positives.csv,641,2
mesogeos-pos-03017-2021-07-12,1,yes,2021-07-12,2021-06-12,2021-07-11,13.1846,37.6303,746.0,positives.csv,3017,4
mesogeos-pos-03028-2021-07-12,1,yes,2021-07-12,2021-06-12,2021-07-11,8.80464,40.4194,425.0,positives.csv,3028,4
mesogeos-pos-03029-2021-07-12,1,yes,2021-07-12,2021-06-12,2021-07-11,8.69388,40.3187,914.0,positives.csv,3029,9
mesogeos-pos-03675-2021-07-12,1,yes,2021-07-12,2021-06-12,2021-07-11,15.7824,41.5874,77.0,positives.csv,3675,3
mesogeos-pos-04969-2021-07-12,1,yes,2021-07-12,2021-06-12,2021-07-11,32.799,34.7807,53.0,positives.csv,4969,6
mesogeos-pos-08369-2021-07-12,1,yes,2021-07-12,2021-06-12,2021-07-11,5.7336,36.3012,39.0,positives.csv,8369,1
mesogeos-neg-15393-2021-07-12,0,no,2021-07-12,2021-06-12,2021-07-11,21.6426,37.9726,,negatives.csv,15393,5
mesogeos-neg-15394-2021-07-12,0,no,2021-07-12,2021-06-12,2021-07-11,-6.44985,33.5121,,negatives.csv,15394,5
mesogeos-neg-15395-2021-07-12,0,no,2021-07-12,2021-06-12,2021-07-11,0.75953,41.3155,,negatives.csv,15395,9
mesogeos-neg-15396-2021-07-12,0,no,2021-07-12,2021-06-12,2021-07-11,-7.64806,41.8794,,negatives.csv,15396,1
mesogeos-neg-15397-2021-07-12,0,no,2021-07-12,2021-06-12,2021-07-11,26.808,38.2646,,negatives.csv,15397,3
mesogeos-neg-15398-2021-07-12,0,no,2021-07-12,2021-06-12,2021-07-11,-6.2082,33.4315,,negatives.csv,15398,9
mesogeos-pos-00639-2021-07-13,1,yes,2021-07-13,2021-06-13,2021-07-12,-6.46999,39.4225,185.0,positives.csv,639,7
mesogeos-pos-03018-2021-07-13,1,yes,2021-07-13,2021-06-13,2021-07-12,14.5641,37.0563,123.0,positives.csv,3018,0
mesogeos-pos-03021-2021-07-13,1,yes,2021-07-13,2021-06-13,2021-07-12,13.6377,37.3081,123.0,positives.csv,3021,8
mesogeos-pos-03026-2021-07-13,1,yes,2021-07-13,2021-06-13,2021-07-12,16.9102,39.0198,58.0,positives.csv,3026,6
mesogeos-pos-03056-2021-07-13,1,yes,2021-07-13,2021-06-13,2021-07-12,13.4766,37.9625,287.0,positives.csv,3056,2
mesogeos-pos-03648-2021-07-13,1,yes,2021-07-13,2021-06-13,2021-07-12,14.0304,42.1714,201.0,positives.csv,3648,6
mesogeos-pos-03670-2021-07-13,1,yes,2021-07-13,2021-06-13,2021-07-12,15.7824,41.1041,113.0,positives.csv,3670,9
mesogeos-pos-03676-2021-07-13,1,yes,2021-07-13,2021-06-13,2021-07-12,15.9335,41.8794,116.0,positives.csv,3676,4
mesogeos-pos-03888-2021-07-13,1,yes,2021-07-13,2021-06-13,2021-07-12,1.91746,41.4665,198.0,positives.csv,3888,8
mesogeos-pos-04971-2021-07-13,1,yes,2021-07-13,2021-06-13,2021-07-12,32.5976,34.8512,279.0,positives.csv,4971,6
mesogeos-pos-05985-2021-07-13,1,yes,2021-07-13,2021-06-13,2021-07-12,15.8328,43.8025,33.0,positives.csv,5985,1
mesogeos-pos-05989-2021-07-13,1,yes,2021-07-13,2021-06-13,2021-07-12,19.659,40.6208,31.0,positives.csv,5989,3
mesogeos-neg-15399-2021-07-13,0,no,2021-07-13,2021-06-13,2021-07-12,-2.55316,37.6806,,negatives.csv,15399,1
mesogeos-neg-15400-2021-07-13,0,no,2021-07-13,2021-06-13,2021-07-12,-6.77206,37.6101,,negatives.csv,15400,3
mesogeos-neg-15401-2021-07-13,0,no,2021-07-13,2021-06-13,2021-07-12,17.9674,40.4496,,negatives.csv,15401,2
mesogeos-neg-15402-2021-07-13,0,no,2021-07-13,2021-06-13,2021-07-12,30.0602,38.758,,negatives.csv,15402,0
mesogeos-neg-15403-2021-07-13,0,no,2021-07-13,2021-06-13,2021-07-12,-6.03703,32.2232,,negatives.csv,15403,4
mesogeos-pos-03674-2021-07-14,1,yes,2021-07-14,2021-06-14,2021-07-13,13.7888,41.4968,51.0,positives.csv,3674,5
mesogeos-neg-15404-2021-07-14,0,no,2021-07-14,2021-06-14,2021-07-13,12.7517,37.8719,,negatives.csv,15404,0
mesogeos-neg-15405-2021-07-14,0,no,2021-07-14,2021-06-14,2021-07-13,22.0353,39.9562,,negatives.csv,15405,5
mesogeos-neg-15406-2021-07-14,0,no,2021-07-14,2021-06-14,2021-07-13,25.2171,35.1835,,negatives.csv,15406,6
mesogeos-neg-15407-2021-07-14,0,no,2021-07-14,2021-06-14,2021-07-13,-3.77151,42.413,,negatives.csv,15407,5
mesogeos-neg-15408-2021-07-14,0,no,2021-07-14,2021-06-14,2021-07-13,1.27305,42.0304,,negatives.csv,15408,0
mesogeos-neg-15409-2021-07-14,0,no,2021-07-14,2021-06-14,2021-07-13,-1.8584,40.6006,,negatives.csv,15409,1
mesogeos-pos-03022-2021-07-15,1,yes,2021-07-15,2021-06-15,2021-07-14,13.7082,37.3081,139.0,positives.csv,3022,4
mesogeos-pos-03030-2021-07-15,1,yes,2021-07-15,2021-06-15,2021-07-14,16.7491,40.7416,329.0,positives.csv,3030,2
mesogeos-pos-03645-2021-07-15,1,yes,2021-07-15,2021-06-15,2021-07-14,15.5206,41.2048,39.0,positives.csv,3645,9
mesogeos-pos-04809-2021-07-15,1,yes,2021-07-15,2021-06-15,2021-07-14,26.8684,37.7612,510.0,positives.csv,4809,4
mesogeos-pos-04810-2021-07-15,1,yes,2021-07-15,2021-06-15,2021-07-14,26.8281,38.6372,51.0,positives.csv,4810,0
mesogeos-pos-04887-2021-07-15,1,yes,2021-07-15,2021-06-15,2021-07-14,33.232,36.2206,2410.0,positives.csv,4887,9
mesogeos-pos-08373-2021-07-15,1,yes,2021-07-15,2021-06-15,2021-07-14,8.77443,35.2943,1310.0,positives.csv,8373,3
mesogeos-neg-15410-2021-07-15,0,no,2021-07-15,2021-06-15,2021-07-14,6.47871,35.1835,,negatives.csv,15410,8
mesogeos-neg-15411-2021-07-15,0,no,2021-07-15,2021-06-15,2021-07-14,2.70284,44.3161,,negatives.csv,15411,9
mesogeos-neg-15412-2021-07-15,0,no,2021-07-15,2021-06-15,2021-07-14,5.7336,43.2689,,negatives.csv,15412,6
mesogeos-neg-15413-2021-07-15,0,no,2021-07-15,2021-06-15,2021-07-14,12.0066,42.6748,,negatives.csv,15413,0
mesogeos-neg-15414-2021-07-15,0,no,2021-07-15,2021-06-15,2021-07-14,-4.95965,40.4093,,negatives.csv,15414,7
mesogeos-neg-15415-2021-07-15,0,no,2021-07-15,2021-06-15,2021-07-14,3.34726,44.2154,,negatives.csv,15415,1
mesogeos-pos-01611-2021-07-16,1,yes,2021-07-16,2021-06-16,2021-07-15,-7.23523,40.3388,447.0,positives.csv,1611,5
mesogeos-pos-03025-2021-07-16,1,yes,2021-07-16,2021-06-16,2021-07-15,14.0002,37.2577,43.0,positives.csv,3025,1
mesogeos-pos-05988-2021-07-16,1,yes,2021-07-16,2021-06-16,2021-07-15,20.1322,39.9763,46.0,positives.csv,5988,4
mesogeos-neg-15416-2021-07-16,0,no,2021-07-16,2021-06-16,2021-07-15,21.0485,39.2413,,negatives.csv,15416,8
mesogeos-neg-15417-2021-07-16,0,no,2021-07-16,2021-06-16,2021-07-15,28.1069,37.449,,negatives.csv,15417,6
mesogeos-neg-15418-2021-07-16,0,no,2021-07-16,2021-06-16,2021-07-15,33.2622,36.9154,,negatives.csv,15418,2
mesogeos-neg-15419-2021-07-16,0,no,2021-07-16,2021-06-16,2021-07-15,-4.23468,37.3987,,negatives.csv,15419,6
mesogeos-neg-15420-2021-07-16,0,no,2021-07-16,2021-06-16,2021-07-15,17.1619,43.6012,,negatives.csv,15420,1
mesogeos-pos-01612-2021-07-17,1,yes,2021-07-17,2021-06-17,2021-07-16,-6.89289,42.4231,194.0,positives.csv,1612,0
mesogeos-pos-04425-2021-07-17,1,yes,2021-07-17,2021-06-17,2021-07-16,-8.6751,37.2376,2121.0,positives.csv,4425,8
mesogeos-neg-15421-2021-07-17,0,no,2021-07-17,2021-06-17,2021-07-16,9.13692,41.6579,,negatives.csv,15421,2
mesogeos-neg-15422-2021-07-17,0,no,2021-07-17,2021-06-17,2021-07-16,13.527,41.678,,negatives.csv,15422,9
mesogeos-neg-15423-2021-07-17,0,no,2021-07-17,2021-06-17,2021-07-16,12.6611,42.4332,,negatives.csv,15423,1
mesogeos-neg-15424-2021-07-17,0,no,2021-07-17,2021-06-17,2021-07-16,-8.08103,30.9042,,negatives.csv,15424,3
mesogeos-neg-15425-2021-07-17,0,no,2021-07-17,2021-06-17,2021-07-16,-3.01633,36.9254,,negatives.csv,15425,4
mesogeos-neg-15426-2021-07-17,0,no,2021-07-17,2021-06-17,2021-07-16,11.1809,43.4602,,negatives.csv,15426,9
mesogeos-pos-01613-2021-07-18,1,yes,2021-07-18,2021-06-18,2021-07-17,-2.03964,42.1412,330.0,positives.csv,1613,0
mesogeos-pos-02938-2021-07-18,1,yes,2021-07-18,2021-06-18,2021-07-17,9.27788,40.3187,149.0,positives.csv,2938,4
mesogeos-pos-04815-2021-07-18,1,yes,2021-07-18,2021-06-18,2021-07-17,27.4222,38.8083,165.0,positives.csv,4815,7
mesogeos-neg-15427-2021-07-18,0,no,2021-07-18,2021-06-18,2021-07-17,-0.287643,40.6912,,negatives.csv,15427,2
mesogeos-neg-15428-2021-07-18,0,no,2021-07-18,2021-06-18,2021-07-17,14.9064,41.4363,,negatives.csv,15428,2
mesogeos-neg-15429-2021-07-18,0,no,2021-07-18,2021-06-18,2021-07-17,2.12891,36.0595,,negatives.csv,15429,8
mesogeos-neg-15430-2021-07-18,0,no,2021-07-18,2021-06-18,2021-07-17,34.4302,37.1872,,negatives.csv,15430,5
mesogeos-neg-15431-2021-07-18,0,no,2021-07-18,2021-06-18,2021-07-17,17.3532,40.5603,,negatives.csv,15431,7
mesogeos-neg-15432-2021-07-18,0,no,2021-07-18,2021-06-18,2021-07-17,-5.86585,35.3748,,negatives.csv,15432,4
mesogeos-neg-15433-2021-07-19,0,no,2021-07-19,2021-06-19,2021-07-18,23.7873,40.8926,,negatives.csv,15433,3
mesogeos-neg-15434-2021-07-19,0,no,2021-07-19,2021-06-19,2021-07-18,-3.35868,38.2848,,negatives.csv,15434,1
mesogeos-neg-15435-2021-07-19,0,no,2021-07-19,2021-06-19,2021-07-18,-1.17371,42.1613,,negatives.csv,15435,4
mesogeos-neg-15436-2021-07-19,0,no,2021-07-19,2021-06-19,2021-07-18,14.836,41.2652,,negatives.csv,15436,3
mesogeos-neg-15437-2021-07-19,0,no,2021-07-19,2021-06-19,2021-07-18,6.89153,35.3345,,negatives.csv,15437,5
mesogeos-neg-15438-2021-07-19,0,no,2021-07-19,2021-06-19,2021-07-18,-4.14406,41.1041,,negatives.csv,15438,7
mesogeos-neg-15439-2021-07-20,0,no,2021-07-20,2021-06-20,2021-07-19,19.5784,42.0405,,negatives.csv,15439,6
mesogeos-neg-15440-2021-07-20,0,no,2021-07-20,2021-06-20,2021-07-19,26.5764,39.6239,,negatives.csv,15440,8
mesogeos-neg-15441-2021-07-20,0,no,2021-07-20,2021-06-20,2021-07-19,29.0231,36.9657,,negatives.csv,15441,5
mesogeos-neg-15442-2021-07-20,0,no,2021-07-20,2021-06-20,2021-07-19,-5.26171,37.2577,,negatives.csv,15442,2
mesogeos-neg-15443-2021-07-20,0,no,2021-07-20,2021-06-20,2021-07-19,30.4227,40.0972,,negatives.csv,15443,3
mesogeos-pos-00643-2021-07-21,1,yes,2021-07-21,2021-06-21,2021-07-20,-1.55633,42.2519,429.0,positives.csv,643,1
mesogeos-pos-05987-2021-07-21,1,yes,2021-07-21,2021-06-21,2021-07-20,19.2462,42.5037,232.0,positives.csv,5987,2
mesogeos-neg-15444-2021-07-21,0,no,2021-07-21,2021-06-21,2021-07-20,-2.2813,40.2784,,negatives.csv,15444,0
mesogeos-neg-15445-2021-07-21,0,no,2021-07-21,2021-06-21,2021-07-20,13.084,41.8592,,negatives.csv,15445,4
mesogeos-neg-15446-2021-07-21,0,no,2021-07-21,2021-06-21,2021-07-20,-6.3693,33.4114,,negatives.csv,15446,9
mesogeos-neg-15447-2021-07-21,0,no,2021-07-21,2021-06-21,2021-07-20,-8.01054,30.7834,,negatives.csv,15447,5
mesogeos-neg-15448-2021-07-21,0,no,2021-07-21,2021-06-21,2021-07-20,-8.79592,32.7972,,negatives.csv,15448,6
mesogeos-neg-15449-2021-07-21,0,no,2021-07-21,2021-06-21,2021-07-20,-2.51289,41.527,,negatives.csv,15449,5
mesogeos-pos-00645-2021-07-22,1,yes,2021-07-22,2021-06-22,2021-07-21,-3.40902,40.6711,33.0,positives.csv,645,5
mesogeos-pos-03679-2021-07-22,1,yes,2021-07-22,2021-06-22,2021-07-21,14.4936,42.0203,71.0,positives.csv,3679,6
mesogeos-pos-05986-2021-07-22,1,yes,2021-07-22,2021-06-22,2021-07-21,18.9944,42.6547,320.0,positives.csv,5986,6
mesogeos-neg-15450-2021-07-22,0,no,2021-07-22,2021-06-22,2021-07-21,33.9066,36.9556,,negatives.csv,15450,6
mesogeos-neg-15451-2021-07-22,0,no,2021-07-22,2021-06-22,2021-07-21,22.3172,37.5799,,negatives.csv,15451,3
mesogeos-neg-15452-2021-07-22,0,no,2021-07-22,2021-06-22,2021-07-21,-2.62364,36.9355,,negatives.csv,15452,8
mesogeos-neg-15453-2021-07-22,0,no,2021-07-22,2021-06-22,2021-07-21,-2.68406,36.9355,,negatives.csv,15453,3
mesogeos-neg-15454-2021-07-22,0,no,2021-07-22,2021-06-22,2021-07-21,-3.68089,42.0908,,negatives.csv,15454,7
mesogeos-neg-15455-2021-07-22,0,no,2021-07-22,2021-06-22,2021-07-21,22.9113,41.3457,,negatives.csv,15455,1
mesogeos-pos-03038-2021-07-23,1,yes,2021-07-23,2021-06-23,2021-07-22,13.4666,37.449,116.0,positives.csv,3038,1
mesogeos-pos-03039-2021-07-23,1,yes,2021-07-23,2021-06-23,2021-07-22,13.7284,37.4591,438.0,positives.csv,3039,7
mesogeos-pos-03041-2021-07-23,1,yes,2021-07-23,2021-06-23,2021-07-22,9.2074,39.5333,206.0,positives.csv,3041,6
mesogeos-pos-03061-2021-07-23,1,yes,2021-07-23,2021-06-23,2021-07-22,13.7988,37.8518,345.0,positives.csv,3061,7
mesogeos-pos-03081-2021-07-23,1,yes,2021-07-23,2021-06-23,2021-07-22,14.6748,37.3886,78.0,positives.csv,3081,7
mesogeos-pos-04793-2021-07-23,1,yes,2021-07-23,2021-06-23,2021-07-22,22.7502,37.8417,273.0,positives.csv,4793,3
mesogeos-pos-06017-2021-07-23,1,yes,2021-07-23,2021-06-23,2021-07-22,19.1253,42.403,169.0,positives.csv,6017,9
mesogeos-pos-08377-2021-07-23,1,yes,2021-07-23,2021-06-23,2021-07-22,8.43209,36.7845,43.0,positives.csv,8377,3
mesogeos-pos-08381-2021-07-23,1,yes,2021-07-23,2021-06-23,2021-07-22,9.73098,35.8783,513.0,positives.csv,8381,9
mesogeos-neg-15456-2021-07-23,0,no,2021-07-23,2021-06-23,2021-07-22,10.7681,43.6616,,negatives.csv,15456,6
mesogeos-neg-15457-2021-07-23,0,no,2021-07-23,2021-06-23,2021-07-22,-6.51027,41.1242,,negatives.csv,15457,8
mesogeos-neg-15458-2021-07-23,0,no,2021-07-23,2021-06-23,2021-07-22,8.07967,35.7474,,negatives.csv,15458,5
mesogeos-neg-15459-2021-07-23,0,no,2021-07-23,2021-06-23,2021-07-22,9.63029,36.9859,,negatives.csv,15459,0
mesogeos-neg-15460-2021-07-23,0,no,2021-07-23,2021-06-23,2021-07-22,6.76064,35.2238,,negatives.csv,15460,0
mesogeos-pos-00628-2021-07-24,1,yes,2021-07-24,2021-06-24,2021-07-23,1.49457,41.527,1586.0,positives.csv,628,3
mesogeos-pos-00646-2021-07-24,1,yes,2021-07-24,2021-06-24,2021-07-23,-1.63688,38.6271,562.0,positives.csv,646,7
mesogeos-pos-00647-2021-07-24,1,yes,2021-07-24,2021-06-24,2021-07-23,-1.8584,38.4861,2131.0,positives.csv,647,1
mesogeos-pos-03037-2021-07-24,1,yes,2021-07-24,2021-06-24,2021-07-23,13.7384,37.5296,230.0,positives.csv,3037,6
mesogeos-pos-03060-2021-07-24,1,yes,2021-07-24,2021-06-24,2021-07-23,13.6277,37.8417,459.0,positives.csv,3060,9
mesogeos-pos-03068-2021-07-24,1,yes,2021-07-24,2021-06-24,2021-07-23,14.3023,41.1745,108.0,positives.csv,3068,0
mesogeos-pos-03895-2021-07-24,1,yes,2021-07-24,2021-06-24,2021-07-23,2.64243,43.1682,809.0,positives.csv,3895,4
mesogeos-pos-04427-2021-07-24,1,yes,2021-07-24,2021-06-24,2021-07-23,-6.63109,37.4289,816.0,positives.csv,4427,4
mesogeos-pos-05943-2021-07-24,1,yes,2021-07-24,2021-06-24,2021-07-23,19.6288,40.6308,205.0,positives.csv,5943,8
mesogeos-pos-08375-2021-07-24,1,yes,2021-07-24,2021-06-24,2021-07-23,8.35154,36.7442,115.0,positives.csv,8375,7
mesogeos-pos-08376-2021-07-24,1,yes,2021-07-24,2021-06-24,2021-07-23,8.35154,36.3314,774.0,positives.csv,8376,0
mesogeos-pos-08380-2021-07-24,1,yes,2021-07-24,2021-06-24,2021-07-23,2.88408,36.4522,99.0,positives.csv,8380,5
mesogeos-pos-08386-2021-07-24,1,yes,2021-07-24,2021-06-24,2021-07-23,9.50947,37.2678,51.0,positives.csv,8386,7
mesogeos-neg-15461-2021-07-24,0,no,2021-07-24,2021-06-24,2021-07-23,13.5673,42.9769,,negatives.csv,15461,0
mesogeos-neg-15462-2021-07-24,0,no,2021-07-24,2021-06-24,2021-07-23,-0.529298,40.953,,negatives.csv,15462,2
mesogeos-neg-15463-2021-07-24,0,no,2021-07-24,2021-06-24,2021-07-23,-7.36613,39.785,,negatives.csv,15463,0
mesogeos-neg-15464-2021-07-24,0,no,2021-07-24,2021-06-24,2021-07-23,-7.30572,41.094,,negatives.csv,15464,1
mesogeos-neg-15465-2021-07-24,0,no,2021-07-24,2021-06-24,2021-07-23,-4.9093,41.3558,,negatives.csv,15465,2
mesogeos-pos-03036-2021-07-25,1,yes,2021-07-25,2021-06-25,2021-07-24,13.2853,37.6303,258.0,positives.csv,3036,6
mesogeos-pos-03053-2021-07-25,1,yes,2021-07-25,2021-06-25,2021-07-24,14.3929,37.3785,115.0,positives.csv,3053,1
mesogeos-pos-03087-2021-07-25,1,yes,2021-07-25,2021-06-25,2021-07-24,8.80464,39.8756,565.0,positives.csv,3087,8
mesogeos-pos-04816-2021-07-25,1,yes,2021-07-25,2021-06-25,2021-07-24,22.9415,37.6504,410.0,positives.csv,4816,3
mesogeos-pos-05995-2021-07-25,1,yes,2021-07-25,2021-06-25,2021-07-24,18.5715,42.6849,133.0,positives.csv,5995,3
mesogeos-pos-08385-2021-07-25,1,yes,2021-07-25,2021-06-25,2021-07-24,8.41195,36.3414,3562.0,positives.csv,8385,3
mesogeos-pos-08388-2021-07-25,1,yes,2021-07-25,2021-06-25,2021-07-24,9.24767,37.0161,362.0,positives.csv,8388,0
mesogeos-neg-15466-2021-07-25,0,no,2021-07-25,2021-06-25,2021-07-24,27.9357,38.1236,,negatives.csv,15466,4
mesogeos-neg-15467-2021-07-25,0,no,2021-07-25,2021-06-25,2021-07-24,-7.17482,40.9128,,negatives.csv,15467,2
mesogeos-neg-15468-2021-07-25,0,no,2021-07-25,2021-06-25,2021-07-24,29.1339,37.7511,,negatives.csv,15468,1
mesogeos-neg-15469-2021-07-25,0,no,2021-07-25,2021-06-25,2021-07-24,-3.56006,38.4559,,negatives.csv,15469,9
mesogeos-neg-15470-2021-07-25,0,no,2021-07-25,2021-06-25,2021-07-24,-2.93578,40.2482,,negatives.csv,15470,6
mesogeos-pos-02943-2021-07-26,1,yes,2021-07-26,2021-06-26,2021-07-25,14.5742,37.3181,63.0,positives.csv,2943,7
mesogeos-pos-03043-2021-07-26,1,yes,2021-07-26,2021-06-26,2021-07-25,18.1486,40.3187,75.0,positives.csv,3043,1
mesogeos-pos-08382-2021-07-26,1,yes,2021-07-26,2021-06-26,2021-07-25,10.0129,37.0261,35.0,positives.csv,8382,2
mesogeos-neg-15471-2021-07-26,0,no,2021-07-26,2021-06-26,2021-07-25,21.1492,40.3791,,negatives.csv,15471,7
mesogeos-neg-15472-2021-07-26,0,no,2021-07-26,2021-06-26,2021-07-25,-4.99992,42.2016,,negatives.csv,15472,1
mesogeos-neg-15473-2021-07-26,0,no,2021-07-26,2021-06-26,2021-07-25,-3.5802,41.5672,,negatives.csv,15473,6
mesogeos-neg-15474-2021-07-26,0,no,2021-07-26,2021-06-26,2021-07-25,6.22698,44.4772,,negatives.csv,15474,2
mesogeos-neg-15475-2021-07-26,0,no,2021-07-26,2021-06-26,2021-07-25,31.3591,37.4994,,negatives.csv,15475,0
mesogeos-neg-15476-2021-07-26,0,no,2021-07-26,2021-06-26,2021-07-25,-5.05027,42.7957,,negatives.csv,15476,7
mesogeos-pos-02953-2021-07-27,1,yes,2021-07-27,2021-06-27,2021-07-26,15.7321,38.0532,2840.0,positives.csv,2953,4
mesogeos-pos-03032-2021-07-27,1,yes,2021-07-27,2021-06-27,2021-07-26,14.6245,37.2376,73.0,positives.csv,3032,1
mesogeos-pos-03062-2021-07-27,1,yes,2021-07-27,2021-06-27,2021-07-26,14.5137,37.2376,294.0,positives.csv,3062,4
mesogeos-pos-03671-2021-07-27,1,yes,2021-07-27,2021-06-27,2021-07-26,11.3118,42.7755,32.0,positives.csv,3671,0
mesogeos-pos-03682-2021-07-27,1,yes,2021-07-27,2021-06-27,2021-07-26,16.2355,40.7214,329.0,positives.csv,3682,6
mesogeos-pos-04169-2021-07-27,1,yes,2021-07-27,2021-06-27,2021-07-26,14.9971,37.9021,2120.0,positives.csv,4169,1
mesogeos-pos-04820-2021-07-27,1,yes,2021-07-27,2021-06-27,2021-07-26,23.8779,38.1236,48.0,positives.csv,4820,1
mesogeos-pos-05997-2021-07-27,1,yes,2021-07-27,2021-06-27,2021-07-26,19.8503,40.1475,955.0,positives.csv,5997,8
mesogeos-pos-05998-2021-07-27,1,yes,2021-07-27,2021-06-27,2021-07-26,16.1449,43.6918,117.0,positives.csv,5998,9
mesogeos-pos-06691-2021-07-27,1,yes,2021-07-27,2021-06-27,2021-07-26,35.5579,33.1697,529.0,positives.csv,6691,8
mesogeos-pos-06692-2021-07-27,1,yes,2021-07-27,2021-06-27,2021-07-26,36.0714,34.4787,58.0,positives.csv,6692,8
mesogeos-neg-15477-2021-07-27,0,no,2021-07-27,2021-06-27,2021-07-26,-1.96916,37.731,,negatives.csv,15477,7
mesogeos-neg-15478-2021-07-27,0,no,2021-07-27,2021-06-27,2021-07-26,-6.6613,41.9901,,negatives.csv,15478,4
mesogeos-neg-15479-2021-07-27,0,no,2021-07-27,2021-06-27,2021-07-26,-5.0704,37.2174,,negatives.csv,15479,2
mesogeos-neg-15480-2021-07-27,0,no,2021-07-27,2021-06-27,2021-07-26,8.68381,39.1406,,negatives.csv,15480,0
mesogeos-neg-15481-2021-07-27,0,no,2021-07-27,2021-06-27,2021-07-26,-8.39316,37.6202,,negatives.csv,15481,0
mesogeos-neg-15482-2021-07-27,0,no,2021-07-27,2021-06-27,2021-07-26,14.3728,45.5042,,negatives.csv,15482,7
mesogeos-pos-00649-2021-07-28,1,yes,2021-07-28,2021-06-28,2021-07-27,-7.31578,38.8486,207.0,positives.csv,649,7
mesogeos-pos-02941-2021-07-28,1,yes,2021-07-28,2021-06-28,2021-07-27,14.3325,37.3785,49.0,positives.csv,2941,4
mesogeos-pos-02954-2021-07-28,1,yes,2021-07-28,2021-06-28,2021-07-27,14.6648,37.4994,264.0,positives.csv,2954,1
mesogeos-pos-03044-2021-07-28,1,yes,2021-07-28,2021-06-28,2021-07-27,16.3765,40.6711,34.0,positives.csv,3044,4
mesogeos-pos-03049-2021-07-28,1,yes,2021-07-28,2021-06-28,2021-07-27,13.4666,37.4893,2089.0,positives.csv,3049,4
mesogeos-pos-03055-2021-07-28,1,yes,2021-07-28,2021-06-28,2021-07-27,14.9366,37.2376,106.0,positives.csv,3055,5
mesogeos-pos-03684-2021-07-28,1,yes,2021-07-28,2021-06-28,2021-07-27,13.2048,41.527,105.0,positives.csv,3684,3
mesogeos-pos-03685-2021-07-28,1,yes,2021-07-28,2021-06-28,2021-07-27,12.9531,41.5874,54.0,positives.csv,3685,7
mesogeos-pos-04153-2021-07-28,1,yes,2021-07-28,2021-06-28,2021-07-27,14.8762,37.8417,341.0,positives.csv,4153,7
mesogeos-pos-04818-2021-07-28,1,yes,2021-07-28,2021-06-28,2021-07-27,21.7835,38.2042,111.0,positives.csv,4818,5
mesogeos-pos-04819-2021-07-28,1,yes,2021-07-28,2021-06-28,2021-07-27,21.7332,37.9021,293.0,positives.csv,4819,1
mesogeos-pos-04886-2021-07-28,1,yes,2021-07-28,2021-06-28,2021-07-27,35.6183,37.6303,1423.0,positives.csv,4886,1
mesogeos-pos-04888-2021-07-28,1,yes,2021-07-28,2021-06-28,2021-07-27,35.3565,37.7914,171.0,positives.csv,4888,6
mesogeos-pos-04972-2021-07-28,1,yes,2021-07-28,2021-06-28,2021-07-27,33.2722,34.9922,54.0,positives.csv,4972,9
mesogeos-pos-05945-2021-07-28,1,yes,2021-07-28,2021-06-28,2021-07-27,19.5382,40.3489,1106.0,positives.csv,5945,5
mesogeos-pos-06003-2021-07-28,1,yes,2021-07-28,2021-06-28,2021-07-27,17.9473,43.138,290.0,positives.csv,6003,7
mesogeos-pos-06690-2021-07-28,1,yes,2021-07-28,2021-06-28,2021-07-27,33.2521,36.2005,7795.0,positives.csv,6690,0
mesogeos-pos-08378-2021-07-28,1,yes,2021-07-28,2021-06-28,2021-07-27,4.15277,36.2307,121.0,positives.csv,8378,8
mesogeos-pos-08383-2021-07-28,1,yes,2021-07-28,2021-06-28,2021-07-27,8.59319,36.8348,32.0,positives.csv,8383,9
mesogeos-pos-08387-2021-07-28,1,yes,2021-07-28,2021-06-28,2021-07-27,7.53595,36.8952,144.0,positives.csv,8387,6
mesogeos-pos-08399-2021-07-28,1,yes,2021-07-28,2021-06-28,2021-07-27,3.61912,36.5126,69.0,positives.csv,8399,4
mesogeos-neg-15483-2021-07-28,0,no,2021-07-28,2021-06-28,2021-07-27,8.82478,34.8814,,negatives.csv,15483,4
mesogeos-neg-15484-2021-07-28,0,no,2021-07-28,2021-06-28,2021-07-27,29.5568,37.3282,,negatives.csv,15484,6
mesogeos-neg-15485-2021-07-28,0,no,2021-07-28,2021-06-28,2021-07-27,3.40767,44.4268,,negatives.csv,15485,7
mesogeos-neg-15486-2021-07-28,0,no,2021-07-28,2021-06-28,2021-07-27,-5.11068,42.0405,,negatives.csv,15486,7
mesogeos-neg-15487-2021-07-28,0,no,2021-07-28,2021-06-28,2021-07-27,28.5801,38.2445,,negatives.csv,15487,8
mesogeos-neg-15488-2021-07-28,0,no,2021-07-28,2021-06-28,2021-07-27,2.56188,43.3394,,negatives.csv,15488,6
mesogeos-pos-02939-2021-07-29,1,yes,2021-07-29,2021-06-29,2021-07-28,13.3055,37.8921,5147.0,positives.csv,2939,6
mesogeos-pos-03047-2021-07-29,1,yes,2021-07-29,2021-06-29,2021-07-28,13.4062,37.7008,1054.0,positives.csv,3047,9
mesogeos-pos-03051-2021-07-29,1,yes,2021-07-29,2021-06-29,2021-07-28,14.5137,37.1671,257.0,positives.csv,3051,0
mesogeos-pos-03069-2021-07-29,1,yes,2021-07-29,2021-06-29,2021-07-28,16.1852,38.6674,32.0,positives.csv,3069,9
mesogeos-pos-03074-2021-07-29,1,yes,2021-07-29,2021-06-29,2021-07-28,14.2419,37.1268,308.0,positives.csv,3074,3
mesogeos-pos-03664-2021-07-29,1,yes,2021-07-29,2021-06-29,2021-07-28,13.4666,41.3356,57.0,positives.csv,3664,0
mesogeos-pos-03686-2021-07-29,1,yes,2021-07-29,2021-06-29,2021-07-28,16.3564,40.802,1059.0,positives.csv,3686,6
mesogeos-pos-03687-2021-07-29,1,yes,2021-07-29,2021-06-29,2021-07-28,13.5169,41.3356,43.0,positives.csv,3687,4
mesogeos-pos-04175-2021-07-29,1,yes,2021-07-29,2021-06-29,2021-07-28,13.7586,37.7511,394.0,positives.csv,4175,4
mesogeos-pos-04788-2021-07-29,1,yes,2021-07-29,2021-06-29,2021-07-28,28.1371,36.714,11548.0,positives.csv,4788,1
mesogeos-pos-04791-2021-07-29,1,yes,2021-07-29,2021-06-29,2021-07-28,28.7311,36.9859,10366.0,positives.csv,4791,9
mesogeos-pos-04883-2021-07-29,1,yes,2021-07-29,2021-06-29,2021-07-28,31.9633,36.6234,32.0,positives.csv,4883,5
mesogeos-pos-04884-2021-07-29,1,yes,2021-07-29,2021-06-29,2021-07-28,32.064,36.7341,15860.0,positives.csv,4884,6
mesogeos-pos-05944-2021-07-29,1,yes,2021-07-29,2021-06-29,2021-07-28,19.5784,40.6308,139.0,positives.csv,5944,1
mesogeos-pos-05999-2021-07-29,1,yes,2021-07-29,2021-06-29,2021-07-28,19.6086,40.3288,437.0,positives.csv,5999,3
mesogeos-pos-06001-2021-07-29,1,yes,2021-07-29,2021-06-29,2021-07-28,17.4136,43.3998,249.0,positives.csv,6001,2
mesogeos-pos-06687-2021-07-29,1,yes,2021-07-29,2021-06-29,2021-07-28,32.366,36.3314,266.0,positives.csv,6687,2
mesogeos-pos-06688-2021-07-29,1,yes,2021-07-29,2021-06-29,2021-07-28,33.6549,36.2307,3302.0,positives.csv,6688,1
mesogeos-pos-06689-2021-07-29,1,yes,2021-07-29,2021-06-29,2021-07-28,35.4874,37.3383,3604.0,positives.csv,6689,0
mesogeos-pos-06693-2021-07-29,1,yes,2021-07-29,2021-06-29,2021-07-28,35.5378,36.8046,187.0,positives.csv,6693,3
mesogeos-pos-08384-2021-07-29,1,yes,2021-07-29,2021-06-29,2021-07-28,8.10988,36.2508,69.0,positives.csv,8384,2
mesogeos-pos-08396-2021-07-29,1,yes,2021-07-29,2021-06-29,2021-07-28,8.87512,35.2943,362.0,positives.csv,8396,6
mesogeos-pos-08401-2021-07-29,1,yes,2021-07-29,2021-06-29,2021-07-28,6.71029,36.3817,2637.0,positives.csv,8401,3
mesogeos-pos-08431-2021-07-29,1,yes,2021-07-29,2021-06-29,2021-07-28,9.73098,35.5661,135.0,positives.csv,8431,3
mesogeos-neg-15489-2021-07-29,0,no,2021-07-29,2021-06-29,2021-07-28,7.92864,35.4654,,negatives.csv,15489,3
mesogeos-neg-15490-2021-07-29,0,no,2021-07-29,2021-06-29,2021-07-28,5.23015,44.4671,,negatives.csv,15490,3
mesogeos-neg-15491-2021-07-29,0,no,2021-07-29,2021-06-29,2021-07-28,-8.63482,38.6774,,negatives.csv,15491,7
mesogeos-neg-15492-2021-07-29,0,no,2021-07-29,2021-06-29,2021-07-28,3.8205,44.1449,,negatives.csv,15492,1
mesogeos-neg-15493-2021-07-29,0,no,2021-07-29,2021-06-29,2021-07-28,9.70078,44.3261,,negatives.csv,15493,1
mesogeos-pos-02969-2021-07-30,1,yes,2021-07-30,2021-06-30,2021-07-29,14.0002,41.4162,291.0,positives.csv,2969,6
mesogeos-pos-03001-2021-07-30,1,yes,2021-07-30,2021-06-30,2021-07-29,15.8227,39.9461,166.0,positives.csv,3001,8
mesogeos-pos-03024-2021-07-30,1,yes,2021-07-30,2021-06-30,2021-07-29,16.306,39.6441,151.0,positives.csv,3024,4
mesogeos-pos-03048-2021-07-30,1,yes,2021-07-30,2021-06-30,2021-07-29,13.5371,37.4792,616.0,positives.csv,3048,7
mesogeos-pos-03052-2021-07-30,1,yes,2021-07-30,2021-06-30,2021-07-29,13.3558,38.0532,112.0,positives.csv,3052,0
mesogeos-pos-03063-2021-07-30,1,yes,2021-07-30,2021-06-30,2021-07-29,14.8964,37.0966,605.0,positives.csv,3063,5
mesogeos-pos-03064-2021-07-30,1,yes,2021-07-30,2021-06-30,2021-07-29,14.8259,37.147,226.0,positives.csv,3064,2
mesogeos-pos-03072-2021-07-30,1,yes,2021-07-30,2021-06-30,2021-07-29,14.9769,37.4188,317.0,positives.csv,3072,2
mesogeos-pos-03079-2021-07-30,1,yes,2021-07-30,2021-06-30,2021-07-29,15.712,38.1337,289.0,positives.csv,3079,7
mesogeos-pos-03129-2021-07-30,1,yes,2021-07-30,2021-06-30,2021-07-29,13.9297,41.2954,111.0,positives.csv,3129,0
mesogeos-pos-04172-2021-07-30,1,yes,2021-07-30,2021-06-30,2021-07-29,13.96,37.8518,2604.0,positives.csv,4172,2
mesogeos-pos-04174-2021-07-30,1,yes,2021-07-30,2021-06-30,2021-07-29,14.403,37.4591,2295.0,positives.csv,4174,4
mesogeos-pos-06002-2021-07-30,1,yes,2021-07-30,2021-06-30,2021-07-29,17.8264,43.2689,590.0,positives.csv,6002,9
mesogeos-pos-06005-2021-07-30,1,yes,2021-07-30,2021-06-30,2021-07-29,18.8535,42.6547,536.0,positives.csv,6005,5
mesogeos-pos-06007-2021-07-30,1,yes,2021-07-30,2021-06-30,2021-07-29,20.1121,39.775,126.0,positives.csv,6007,6
mesogeos-pos-06009-2021-07-30,1,yes,2021-07-30,2021-06-30,2021-07-29,19.6086,40.4999,133.0,positives.csv,6009,2
mesogeos-neg-15494-2021-07-30,0,no,2021-07-30,2021-06-30,2021-07-29,21.854,38.4257,,negatives.csv,15494,0
mesogeos-neg-15495-2021-07-30,0,no,2021-07-30,2021-06-30,2021-07-29,22.4078,39.7246,,negatives.csv,15495,8
mesogeos-neg-15496-2021-07-30,0,no,2021-07-30,2021-06-30,2021-07-29,-8.34282,38.5063,,negatives.csv,15496,2
mesogeos-neg-15497-2021-07-30,0,no,2021-07-30,2021-06-30,2021-07-29,30.171,38.4761,,negatives.csv,15497,3
mesogeos-neg-15498-2021-07-30,0,no,2021-07-30,2021-06-30,2021-07-29,-5.09054,39.1205,,negatives.csv,15498,8
mesogeos-pos-00648-2021-07-31,1,yes,2021-07-31,2021-07-01,2021-07-30,-4.36558,37.4692,267.0,positives.csv,648,6
mesogeos-pos-00651-2021-07-31,1,yes,2021-07-31,2021-07-01,2021-07-30,-5.80544,39.2111,58.0,positives.csv,651,3
mesogeos-pos-02966-2021-07-31,1,yes,2021-07-31,2021-07-01,2021-07-30,14.4735,37.1067,36.0,positives.csv,2966,0
mesogeos-pos-03014-2021-07-31,1,yes,2021-07-31,2021-07-01,2021-07-30,16.3362,39.634,336.0,positives.csv,3014,4
mesogeos-pos-03019-2021-07-31,1,yes,2021-07-31,2021-07-01,2021-07-30,16.2557,38.3351,330.0,positives.csv,3019,4
mesogeos-pos-03071-2021-07-31,1,yes,2021-07-31,2021-07-01,2021-07-30,15.0675,37.4088,726.0,positives.csv,3071,3
mesogeos-pos-03089-2021-07-31,1,yes,2021-07-31,2021-07-01,2021-07-30,13.5673,37.4692,311.0,positives.csv,3089,1
mesogeos-pos-04173-2021-07-31,1,yes,2021-07-31,2021-07-01,2021-07-30,15.3193,38.023,263.0,positives.csv,4173,1
mesogeos-pos-04789-2021-07-31,1,yes,2021-07-31,2021-07-01,2021-07-30,27.7242,37.0563,16157.0,positives.csv,4789,3
mesogeos-pos-04822-2021-07-31,1,yes,2021-07-31,2021-07-01,2021-07-30,21.9749,38.2948,388.0,positives.csv,4822,5
mesogeos-pos-06000-2021-07-31,1,yes,2021-07-31,2021-07-01,2021-07-30,17.6351,43.0977,62.0,positives.csv,6000,2
mesogeos-pos-06004-2021-07-31,1,yes,2021-07-31,2021-07-01,2021-07-30,19.5583,42.0002,47.0,positives.csv,6004,4
mesogeos-pos-06011-2021-07-31,1,yes,2021-07-31,2021-07-01,2021-07-30,20.3235,40.2482,30.0,positives.csv,6011,3
mesogeos-pos-08424-2021-07-31,1,yes,2021-07-31,2021-07-01,2021-07-30,8.18036,36.6334,425.0,positives.csv,8424,5
mesogeos-neg-15499-2021-07-31,0,no,2021-07-31,2021-07-01,2021-07-30,21.1895,39.201,,negatives.csv,15499,0
mesogeos-neg-15500-2021-07-31,0,no,2021-07-31,2021-07-01,2021-07-30,-7.2151,39.8354,,negatives.csv,15500,1
mesogeos-neg-15501-2021-07-31,0,no,2021-07-31,2021-07-01,2021-07-30,8.09981,44.0543,,negatives.csv,15501,4
mesogeos-neg-15502-2021-07-31,0,no,2021-07-31,2021-07-01,2021-07-30,-0.770953,35.6467,,negatives.csv,15502,5
mesogeos-neg-15503-2021-07-31,0,no,2021-07-31,2021-07-01,2021-07-30,8.74423,39.7448,,negatives.csv,15503,9
mesogeos-pos-02964-2021-08-01,1,yes,2021-08-01,2021-07-02,2021-07-31,14.2822,37.3483,125.0,positives.csv,2964,1
mesogeos-pos-02968-2021-08-01,1,yes,2021-08-01,2021-07-02,2021-07-31,14.4332,37.4188,45.0,positives.csv,2968,5
mesogeos-pos-03004-2021-08-01,1,yes,2021-08-01,2021-07-02,2021-07-31,16.3765,40.7214,367.0,positives.csv,3004,9
mesogeos-pos-03065-2021-08-01,1,yes,2021-08-01,2021-07-02,2021-07-31,16.155,39.6944,86.0,positives.csv,3065,7
mesogeos-pos-03073-2021-08-01,1,yes,2021-08-01,2021-07-02,2021-07-31,16.014,39.5434,55.0,positives.csv,3073,7
mesogeos-pos-03076-2021-08-01,1,yes,2021-08-01,2021-07-02,2021-07-31,15.7724,38.1841,72.0,positives.csv,3076,5
mesogeos-pos-03083-2021-08-01,1,yes,2021-08-01,2021-07-02,2021-07-31,15.0474,37.1973,668.0,positives.csv,3083,6
mesogeos-pos-03084-2021-08-01,1,yes,2021-08-01,2021-07-02,2021-07-31,16.6383,38.9191,777.0,positives.csv,3084,1
mesogeos-pos-03091-2021-08-01,1,yes,2021-08-01,2021-07-02,2021-07-31,13.4364,37.449,82.0,positives.csv,3091,0
mesogeos-pos-03646-2021-08-01,1,yes,2021-08-01,2021-07-02,2021-07-31,13.9398,42.6245,73.0,positives.csv,3646,3
mesogeos-pos-03658-2021-08-01,1,yes,2021-08-01,2021-07-02,2021-07-31,13.5572,41.6075,59.0,positives.csv,3658,7
mesogeos-pos-03683-2021-08-01,1,yes,2021-08-01,2021-07-02,2021-07-31,16.4772,40.3791,111.0,positives.csv,3683,3
mesogeos-pos-04824-2021-08-01,1,yes,2021-08-01,2021-07-02,2021-07-31,29.3051,36.4925,492.0,positives.csv,4824,6
mesogeos-pos-04825-2021-08-01,1,yes,2021-08-01,2021-07-02,2021-07-31,22.5488,41.2551,941.0,positives.csv,4825,1
mesogeos-pos-05973-2021-08-01,1,yes,2021-08-01,2021-07-02,2021-07-31,19.7093,41.5572,36.0,positives.csv,5973,3
mesogeos-neg-15504-2021-08-01,0,no,2021-08-01,2021-07-02,2021-07-31,9.11678,39.5836,,negatives.csv,15504,1
mesogeos-neg-15505-2021-08-01,0,no,2021-08-01,2021-07-02,2021-07-31,-3.76144,38.7278,,negatives.csv,15505,0
mesogeos-neg-15506-2021-08-01,0,no,2021-08-01,2021-07-02,2021-07-31,-2.30144,38.4559,,negatives.csv,15506,7
mesogeos-neg-15507-2021-08-01,0,no,2021-08-01,2021-07-02,2021-07-31,22.2266,40.1374,,negatives.csv,15507,1
mesogeos-neg-15508-2021-08-01,0,no,2021-08-01,2021-07-02,2021-07-31,8.84491,42.4835,,negatives.csv,15508,0
mesogeos-neg-15509-2021-08-01,0,no,2021-08-01,2021-07-02,2021-07-31,-4.75827,39.6441,,negatives.csv,15509,4
mesogeos-pos-02965-2021-08-02,1,yes,2021-08-02,2021-07-03,2021-08-01,14.4231,37.3483,190.0,positives.csv,2965,2
mesogeos-pos-02978-2021-08-02,1,yes,2021-08-02,2021-07-03,2021-08-01,16.7793,39.4427,114.0,positives.csv,2978,1
mesogeos-pos-03003-2021-08-02,1,yes,2021-08-02,2021-07-03,2021-08-01,15.8227,39.9965,45.0,positives.csv,3003,3
mesogeos-pos-03669-2021-08-02,1,yes,2021-08-02,2021-07-03,2021-08-01,13.3457,41.4665,216.0,positives.csv,3669,0
mesogeos-pos-03689-2021-08-02,1,yes,2021-08-02,2021-07-03,2021-08-01,13.6478,41.3054,86.0,positives.csv,3689,6
mesogeos-pos-04794-2021-08-02,1,yes,2021-08-02,2021-07-03,2021-08-01,28.3888,37.4792,15322.0,positives.csv,4794,7
mesogeos-pos-04803-2021-08-02,1,yes,2021-08-02,2021-07-03,2021-08-01,28.862,38.1639,1002.0,positives.csv,4803,4
mesogeos-pos-04812-2021-08-02,1,yes,2021-08-02,2021-07-03,2021-08-01,22.5891,39.0097,216.0,positives.csv,4812,2
mesogeos-pos-04885-2021-08-02,1,yes,2021-08-02,2021-07-03,2021-08-01,30.906,37.4088,1256.0,positives.csv,4885,1
mesogeos-pos-05993-2021-08-02,1,yes,2021-08-02,2021-07-03,2021-08-01,20.3034,39.7145,169.0,positives.csv,5993,1
mesogeos-pos-06008-2021-08-02,1,yes,2021-08-02,2021-07-03,2021-08-01,19.9309,40.218,39.0,positives.csv,6008,6
mesogeos-pos-06010-2021-08-02,1,yes,2021-08-02,2021-07-03,2021-08-01,20.1121,40.1576,119.0,positives.csv,6010,2
mesogeos-pos-06024-2021-08-02,1,yes,2021-08-02,2021-07-03,2021-08-01,18.7125,42.5842,915.0,positives.csv,6024,0
mesogeos-pos-06496-2021-08-02,1,yes,2021-08-02,2021-07-03,2021-08-01,20.3235,42.3828,47.0,positives.csv,6496,1
mesogeos-neg-15510-2021-08-02,0,no,2021-08-02,2021-07-03,2021-08-01,29.5669,37.449,,negatives.csv,15510,9
mesogeos-neg-15511-2021-08-02,0,no,2021-08-02,2021-07-03,2021-08-01,9.14698,44.5376,,negatives.csv,15511,0
mesogeos-neg-15512-2021-08-02,0,no,2021-08-02,2021-07-03,2021-08-01,-6.41965,34.1665,,negatives.csv,15512,9
mesogeos-neg-15513-2021-08-02,0,no,2021-08-02,2021-07-03,2021-08-01,-6.7922,40.3187,,negatives.csv,15513,7
mesogeos-neg-15514-2021-08-02,0,no,2021-08-02,2021-07-03,2021-08-01,-7.5373,41.8592,,negatives.csv,15514,5
mesogeos-pos-02974-2021-08-03,1,yes,2021-08-03,2021-07-04,2021-08-02,16.89,39.4427,100.0,positives.csv,2974,2
mesogeos-pos-02982-2021-08-03,1,yes,2021-08-03,2021-07-04,2021-08-02,14.5742,37.3584,446.0,positives.csv,2982,4
mesogeos-pos-03045-2021-08-03,1,yes,2021-08-03,2021-07-04,2021-08-02,16.3866,39.4729,713.0,positives.csv,3045,2
mesogeos-pos-03058-2021-08-03,1,yes,2021-08-03,2021-07-04,2021-08-02,16.296,39.3017,36.0,positives.csv,3058,8
mesogeos-pos-03118-2021-08-03,1,yes,2021-08-03,2021-07-04,2021-08-02,15.7925,38.1337,79.0,positives.csv,3118,3
mesogeos-pos-03673-2021-08-03,1,yes,2021-08-03,2021-07-04,2021-08-02,15.4703,40.9933,418.0,positives.csv,3673,1
mesogeos-pos-04156-2021-08-03,1,yes,2021-08-03,2021-07-04,2021-08-02,16.6282,39.493,48.0,positives.csv,4156,6
mesogeos-pos-04167-2021-08-03,1,yes,2021-08-03,2021-07-04,2021-08-02,16.2456,38.4056,2602.0,positives.csv,4167,6
mesogeos-pos-04787-2021-08-03,1,yes,2021-08-03,2021-07-04,2021-08-02,22.3978,36.855,11209.0,positives.csv,4787,5
mesogeos-pos-04792-2021-08-03,1,yes,2021-08-03,2021-07-04,2021-08-02,23.3342,38.8184,51245.0,positives.csv,4792,5
mesogeos-pos-04802-2021-08-03,1,yes,2021-08-03,2021-07-04,2021-08-02,23.8074,38.1438,8454.0,positives.csv,4802,8
mesogeos-pos-04805-2021-08-03,1,yes,2021-08-03,2021-07-04,2021-08-02,29.5064,36.6536,467.0,positives.csv,4805,4
mesogeos-pos-04814-2021-08-03,1,yes,2021-08-03,2021-07-04,2021-08-02,28.5197,37.731,672.0,positives.csv,4814,2
mesogeos-pos-04889-2021-08-03,1,yes,2021-08-03,2021-07-04,2021-08-02,28.6607,37.2879,274.0,positives.csv,4889,3
mesogeos-pos-05946-2021-08-03,1,yes,2021-08-03,2021-07-04,2021-08-02,19.9107,40.0972,115.0,positives.csv,5946,3
mesogeos-pos-05992-2021-08-03,1,yes,2021-08-03,2021-07-04,2021-08-02,20.1725,40.0871,1521.0,positives.csv,5992,4
mesogeos-pos-05994-2021-08-03,1,yes,2021-08-03,2021-07-04,2021-08-02,19.7496,40.3791,149.0,positives.csv,5994,8
mesogeos-pos-06495-2021-08-03,1,yes,2021-08-03,2021-07-04,2021-08-02,20.243,42.0304,4419.0,positives.csv,6495,5
mesogeos-pos-06507-2021-08-03,1,yes,2021-08-03,2021-07-04,2021-08-02,22.0554,40.4194,1044.0,positives.csv,6507,8
mesogeos-pos-06508-2021-08-03,1,yes,2021-08-03,2021-07-04,2021-08-02,21.8943,40.3086,38.0,positives.csv,6508,2
mesogeos-pos-06697-2021-08-03,1,yes,2021-08-03,2021-07-04,2021-08-02,35.0746,31.8003,1230.0,positives.csv,6697,0
mesogeos-neg-15515-2021-08-03,0,no,2021-08-03,2021-07-04,2021-08-02,11.2514,42.846,,negatives.csv,15515,6
mesogeos-neg-15516-2021-08-03,0,no,2021-08-03,2021-07-04,2021-08-02,29.1842,38.8385,,negatives.csv,15516,3
mesogeos-neg-15517-2021-08-03,0,no,2021-08-03,2021-07-04,2021-08-02,-4.78847,34.4585,,negatives.csv,15517,7
mesogeos-neg-15518-2021-08-03,0,no,2021-08-03,2021-07-04,2021-08-02,-0.942126,34.7707,,negatives.csv,15518,8
mesogeos-neg-15519-2021-08-03,0,no,2021-08-03,2021-07-04,2021-08-02,-6.02696,36.9758,,negatives.csv,15519,4
mesogeos-neg-15520-2021-08-03,0,no,2021-08-03,2021-07-04,2021-08-02,9.90216,44.7692,,negatives.csv,15520,7
mesogeos-pos-02942-2021-08-04,1,yes,2021-08-04,2021-07-05,2021-08-03,13.386,38.033,93.0,positives.csv,2942,4
mesogeos-pos-02948-2021-08-04,1,yes,2021-08-04,2021-07-05,2021-08-03,15.8126,38.0632,7202.0,positives.csv,2948,8
mesogeos-pos-02967-2021-08-04,1,yes,2021-08-04,2021-07-05,2021-08-03,14.554,37.147,41.0,positives.csv,2967,8
mesogeos-pos-02986-2021-08-04,1,yes,2021-08-04,2021-07-05,2021-08-03,15.8328,39.8253,619.0,positives.csv,2986,6
mesogeos-pos-03090-2021-08-04,1,yes,2021-08-04,2021-07-05,2021-08-03,13.2551,37.731,105.0,positives.csv,3090,1
mesogeos-pos-03092-2021-08-04,1,yes,2021-08-04,2021-07-05,2021-08-03,12.7819,37.9827,236.0,positives.csv,3092,3
mesogeos-pos-04151-2021-08-04,1,yes,2021-08-04,2021-07-05,2021-08-03,14.2016,37.8619,11806.0,positives.csv,4151,7
mesogeos-pos-04155-2021-08-04,1,yes,2021-08-04,2021-07-05,2021-08-03,15.0877,37.9525,42.0,positives.csv,4155,8
mesogeos-pos-04419-2021-08-04,1,yes,2021-08-04,2021-07-05,2021-08-03,-7.98034,37.157,198.0,positives.csv,4419,5
mesogeos-pos-04790-2021-08-04,1,yes,2021-08-04,2021-07-05,2021-08-03,21.9749,37.3181,4688.0,positives.csv,4790,4
mesogeos-pos-04795-2021-08-04,1,yes,2021-08-04,2021-07-05,2021-08-03,21.5922,37.7008,18400.0,positives.csv,4795,5
mesogeos-pos-04829-2021-08-04,1,yes,2021-08-04,2021-07-05,2021-08-03,22.9515,40.8423,170.0,positives.csv,4829,2
mesogeos-pos-04890-2021-08-04,1,yes,2021-08-04,2021-07-05,2021-08-03,35.568,33.2402,287.0,positives.csv,4890,9
mesogeos-pos-05996-2021-08-04,1,yes,2021-08-04,2021-07-05,2021-08-03,19.8,40.218,171.0,positives.csv,5996,8
mesogeos-pos-06026-2021-08-04,1,yes,2021-08-04,2021-07-05,2021-08-03,19.8805,40.5201,40.0,positives.csv,6026,5
mesogeos-pos-06042-2021-08-04,1,yes,2021-08-04,2021-07-05,2021-08-03,18.8031,42.6748,4561.0,positives.csv,6042,5
mesogeos-pos-06506-2021-08-04,1,yes,2021-08-04,2021-07-05,2021-08-03,21.562,39.9864,1125.0,positives.csv,6506,3
mesogeos-pos-06511-2021-08-04,1,yes,2021-08-04,2021-07-05,2021-08-03,20.102,41.9599,999.0,positives.csv,6511,3
mesogeos-pos-06698-2021-08-04,1,yes,2021-08-04,2021-07-05,2021-08-03,36.0513,35.838,44.0,positives.csv,6698,3
mesogeos-pos-08389-2021-08-04,1,yes,2021-08-04,2021-07-05,2021-08-03,7.95885,36.2105,128.0,positives.csv,8389,7
mesogeos-pos-08390-2021-08-04,1,yes,2021-08-04,2021-07-05,2021-08-03,10.4257,36.5428,453.0,positives.csv,8390,5
mesogeos-pos-08563-2021-08-04,1,yes,2021-08-04,2021-07-05,2021-08-03,7.00229,35.4151,281.0,positives.csv,8563,8
mesogeos-neg-15521-2021-08-04,0,no,2021-08-04,2021-07-05,2021-08-03,6.58947,43.9234,,negatives.csv,15521,8
mesogeos-neg-15522-2021-08-04,0,no,2021-08-04,2021-07-05,2021-08-03,-7.62792,39.6743,,negatives.csv,15522,2
mesogeos-neg-15523-2021-08-04,0,no,2021-08-04,2021-07-05,2021-08-03,-6.84254,41.9499,,negatives.csv,15523,0
mesogeos-neg-15524-2021-08-04,0,no,2021-08-04,2021-07-05,2021-08-03,-5.44296,40.1777,,negatives.csv,15524,1
mesogeos-neg-15525-2021-08-04,0,no,2021-08-04,2021-07-05,2021-08-03,28.4492,39.8253,,negatives.csv,15525,5
mesogeos-neg-15526-2021-08-04,0,no,2021-08-04,2021-07-05,2021-08-03,5.5725,43.5206,,negatives.csv,15526,8
mesogeos-pos-02997-2021-08-05,1,yes,2021-08-05,2021-07-06,2021-08-04,13.4162,37.5699,262.0,positives.csv,2997,3
mesogeos-pos-03034-2021-08-05,1,yes,2021-08-05,2021-07-06,2021-08-04,16.2255,38.9795,404.0,positives.csv,3034,4
mesogeos-pos-03035-2021-08-05,1,yes,2021-08-05,2021-07-06,2021-08-04,15.0071,37.006,254.0,positives.csv,3035,6
mesogeos-pos-03042-2021-08-05,1,yes,2021-08-05,2021-07-06,2021-08-04,16.4671,38.4962,122.0,positives.csv,3042,6
mesogeos-pos-03066-2021-08-05,1,yes,2021-08-05,2021-07-06,2021-08-04,16.1248,39.7548,144.0,positives.csv,3066,3
mesogeos-pos-03663-2021-08-05,1,yes,2021-08-05,2021-07-06,2021-08-04,16.4873,40.9732,154.0,positives.csv,3663,4
mesogeos-pos-03688-2021-08-05,1,yes,2021-08-05,2021-07-06,2021-08-04,13.8391,41.3155,119.0,positives.csv,3688,0
mesogeos-pos-04159-2021-08-05,1,yes,2021-08-05,2021-07-06,2021-08-04,15.0373,37.9122,304.0,positives.csv,4159,1
mesogeos-pos-04808-2021-08-05,1,yes,2021-08-05,2021-07-06,2021-08-04,21.7735,37.006,263.0,positives.csv,4808,5
mesogeos-pos-04823-2021-08-05,1,yes,2021-08-05,2021-07-06,2021-08-04,22.0151,40.077,47.0,positives.csv,4823,4
mesogeos-pos-04831-2021-08-05,1,yes,2021-08-05,2021-07-06,2021-08-04,21.4915,37.7108,431.0,positives.csv,4831,8
mesogeos-pos-05947-2021-08-05,1,yes,2021-08-05,2021-07-06,2021-08-04,18.783,42.6446,6532.0,positives.csv,5947,7
mesogeos-pos-06006-2021-08-05,1,yes,2021-08-05,2021-07-06,2021-08-04,19.8805,40.359,41.0,positives.csv,6006,1
mesogeos-pos-08372-2021-08-05,1,yes,2021-08-05,2021-07-06,2021-08-04,8.34147,35.1835,239.0,positives.csv,8372,7
mesogeos-neg-15527-2021-08-05,0,no,2021-08-05,2021-07-06,2021-08-04,3.30698,36.271,,negatives.csv,15527,4
mesogeos-neg-15528-2021-08-05,0,no,2021-08-05,2021-07-06,2021-08-04,-2.88544,41.7585,,negatives.csv,15528,2
mesogeos-neg-15529-2021-08-05,0,no,2021-08-05,2021-07-06,2021-08-04,21.3808,32.5052,,negatives.csv,15529,9
mesogeos-neg-15530-2021-08-05,0,no,2021-08-05,2021-07-06,2021-08-04,-5.38254,40.4496,,negatives.csv,15530,4
mesogeos-neg-15531-2021-08-05,0,no,2021-08-05,2021-07-06,2021-08-04,8.74423,39.3621,,negatives.csv,15531,8
mesogeos-pos-00644-2021-08-06,1,yes,2021-08-06,2021-07-07,2021-08-05,-4.51661,40.4496,763.0,positives.csv,644,5
mesogeos-pos-04154-2021-08-06,1,yes,2021-08-06,2021-07-07,2021-08-05,15.0877,37.9122,187.0,positives.csv,4154,9
mesogeos-pos-04160-2021-08-06,1,yes,2021-08-06,2021-07-07,2021-08-05,15.0172,37.8921,139.0,positives.csv,4160,8
mesogeos-pos-04804-2021-08-06,1,yes,2021-08-06,2021-07-07,2021-08-05,22.438,39.2212,47.0,positives.csv,4804,2
mesogeos-pos-04813-2021-08-06,1,yes,2021-08-06,2021-07-07,2021-08-05,22.4884,38.9795,44.0,positives.csv,4813,4
mesogeos-pos-04817-2021-08-06,1,yes,2021-08-06,2021-07-07,2021-08-05,28.0464,37.4792,2135.0,positives.csv,4817,6
mesogeos-pos-04821-2021-08-06,1,yes,2021-08-06,2021-07-07,2021-08-05,23.6664,38.0632,103.0,positives.csv,4821,1
mesogeos-pos-06016-2021-08-06,1,yes,2021-08-06,2021-07-07,2021-08-05,19.7395,40.2784,44.0,positives.csv,6016,5
mesogeos-pos-06696-2021-08-06,1,yes,2021-08-06,2021-07-07,2021-08-05,35.0544,32.5857,97.0,positives.csv,6696,2
mesogeos-pos-08393-2021-08-06,1,yes,2021-08-06,2021-07-07,2021-08-05,8.89526,35.3446,649.0,positives.csv,8393,9
mesogeos-pos-08428-2021-08-06,1,yes,2021-08-06,2021-07-07,2021-08-05,9.61016,35.989,52.0,positives.csv,8428,1
mesogeos-neg-15532-2021-08-06,0,no,2021-08-06,2021-07-07,2021-08-05,-6.30889,41.819,,negatives.csv,15532,7
mesogeos-neg-15533-2021-08-06,0,no,2021-08-06,2021-07-07,2021-08-05,-6.89289,37.8619,,negatives.csv,15533,9
mesogeos-neg-15534-2021-08-06,0,no,2021-08-06,2021-07-07,2021-08-05,27.2409,38.0934,,negatives.csv,15534,7
mesogeos-neg-15535-2021-08-06,0,no,2021-08-06,2021-07-07,2021-08-05,15.0977,41.4263,,negatives.csv,15535,7
mesogeos-neg-15536-2021-08-06,0,no,2021-08-06,2021-07-07,2021-08-05,29.8589,37.3584,,negatives.csv,15536,6
mesogeos-pos-01596-2021-08-07,1,yes,2021-08-07,2021-07-08,2021-08-06,-6.72172,40.1173,56.0,positives.csv,1596,0
mesogeos-pos-02945-2021-08-07,1,yes,2021-08-07,2021-07-08,2021-08-06,13.4867,37.449,101.0,positives.csv,2945,3
mesogeos-pos-02960-2021-08-07,1,yes,2021-08-07,2021-07-08,2021-08-06,13.4766,37.9525,80.0,positives.csv,2960,5
mesogeos-pos-03088-2021-08-07,1,yes,2021-08-07,2021-07-08,2021-08-06,15.7623,38.1438,350.0,positives.csv,3088,8
mesogeos-pos-03657-2021-08-07,1,yes,2021-08-07,2021-07-08,2021-08-06,12.6107,43.2185,30.0,positives.csv,3657,6
mesogeos-pos-05990-2021-08-07,1,yes,2021-08-07,2021-07-08,2021-08-06,20.8371,39.7649,56.0,positives.csv,5990,2
mesogeos-pos-06023-2021-08-07,1,yes,2021-08-07,2021-07-08,2021-08-06,17.172,43.6213,6043.0,positives.csv,6023,8
mesogeos-pos-08343-2021-08-07,1,yes,2021-08-07,2021-07-08,2021-08-06,9.53967,35.9286,336.0,positives.csv,8343,1
mesogeos-pos-08413-2021-08-07,1,yes,2021-08-07,2021-07-08,2021-08-06,7.01236,36.7845,328.0,positives.csv,8413,9
mesogeos-pos-08425-2021-08-07,1,yes,2021-08-07,2021-07-08,2021-08-06,9.56988,37.2275,120.0,positives.csv,8425,7
mesogeos-neg-15537-2021-08-07,0,no,2021-08-07,2021-07-08,2021-08-06,26.8583,39.785,,negatives.csv,15537,1
mesogeos-neg-15538-2021-08-07,0,no,2021-08-07,2021-07-08,2021-08-06,24.5928,35.2439,,negatives.csv,15538,1
mesogeos-neg-15539-2021-08-07,0,no,2021-08-07,2021-07-08,2021-08-06,-2.22089,42.2016,,negatives.csv,15539,2
mesogeos-neg-15540-2021-08-07,0,no,2021-08-07,2021-07-08,2021-08-06,12.9631,41.8089,,negatives.csv,15540,7
mesogeos-neg-15541-2021-08-07,0,no,2021-08-07,2021-07-08,2021-08-06,7.46547,44.4772,,negatives.csv,15541,0
mesogeos-pos-02940-2021-08-08,1,yes,2021-08-08,2021-07-09,2021-08-07,15.5509,38.2747,32.0,positives.csv,2940,2
mesogeos-pos-02996-2021-08-08,1,yes,2021-08-08,2021-07-09,2021-08-07,13.0235,37.8014,803.0,positives.csv,2996,5
mesogeos-pos-03040-2021-08-08,1,yes,2021-08-08,2021-07-09,2021-08-07,16.2355,38.6674,119.0,positives.csv,3040,1
mesogeos-pos-03050-2021-08-08,1,yes,2021-08-08,2021-07-09,2021-08-07,16.1046,39.4628,56.0,positives.csv,3050,7
mesogeos-pos-03057-2021-08-08,1,yes,2021-08-08,2021-07-09,2021-08-07,14.8158,37.1067,31.0,positives.csv,3057,8
mesogeos-pos-03075-2021-08-08,1,yes,2021-08-08,2021-07-09,2021-08-07,13.0034,37.9525,108.0,positives.csv,3075,4
mesogeos-pos-03077-2021-08-08,1,yes,2021-08-08,2021-07-09,2021-08-07,13.6579,37.8316,207.0,positives.csv,3077,4
mesogeos-pos-03078-2021-08-08,1,yes,2021-08-08,2021-07-09,2021-08-07,16.0342,39.5736,64.0,positives.csv,3078,4
mesogeos-pos-03098-2021-08-08,1,yes,2021-08-08,2021-07-09,2021-08-07,13.6075,37.8518,191.0,positives.csv,3098,3
mesogeos-pos-04170-2021-08-08,1,yes,2021-08-08,2021-07-09,2021-08-07,16.6584,39.4125,643.0,positives.csv,4170,6
mesogeos-pos-06041-2021-08-08,1,yes,2021-08-08,2021-07-09,2021-08-07,18.7427,42.554,1402.0,positives.csv,6041,8
mesogeos-pos-06561-2021-08-08,1,yes,2021-08-08,2021-07-09,2021-08-07,25.0459,35.1634,83.0,positives.csv,6561,4
mesogeos-pos-08342-2021-08-08,1,yes,2021-08-08,2021-07-09,2021-08-07,9.16712,35.3446,1124.0,positives.csv,8342,0
mesogeos-pos-08561-2021-08-08,1,yes,2021-08-08,2021-07-09,2021-08-07,7.13319,35.3345,214.0,positives.csv,8561,7
mesogeos-pos-08562-2021-08-08,1,yes,2021-08-08,2021-07-09,2021-08-07,8.02933,35.3043,241.0,positives.csv,8562,8
mesogeos-neg-15542-2021-08-08,0,no,2021-08-08,2021-07-09,2021-08-07,9.55981,36.6939,,negatives.csv,15542,9
mesogeos-neg-15543-2021-08-08,0,no,2021-08-08,2021-07-09,2021-08-07,-5.46309,41.2752,,negatives.csv,15543,5
mesogeos-neg-15544-2021-08-08,0,no,2021-08-08,2021-07-09,2021-08-07,5.56243,36.1703,,negatives.csv,15544,4
mesogeos-neg-15545-2021-08-08,0,no,2021-08-08,2021-07-09,2021-08-07,21.411,40.6912,,negatives.csv,15545,5
mesogeos-neg-15546-2021-08-08,0,no,2021-08-08,2021-07-09,2021-08-07,-8.18172,38.1639,,negatives.csv,15546,1
mesogeos-pos-02946-2021-08-09,1,yes,2021-08-09,2021-07-10,2021-08-08,15.1984,37.8417,83.0,positives.csv,2946,4
mesogeos-pos-03095-2021-08-09,1,yes,2021-08-09,2021-07-10,2021-08-08,13.5371,37.4289,54.0,positives.csv,3095,2
mesogeos-pos-04428-2021-08-09,1,yes,2021-08-09,2021-07-10,2021-08-08,-7.07413,37.3383,67.0,positives.csv,4428,0
mesogeos-pos-05952-2021-08-09,1,yes,2021-08-09,2021-07-10,2021-08-08,18.3802,42.8259,3061.0,positives.csv,5952,7
mesogeos-pos-06014-2021-08-09,1,yes,2021-08-09,2021-07-10,2021-08-08,19.075,42.413,426.0,positives.csv,6014,2
mesogeos-pos-08337-2021-08-09,1,yes,2021-08-09,2021-07-10,2021-08-08,4.39443,36.714,3356.0,positives.csv,8337,9
mesogeos-pos-08338-2021-08-09,1,yes,2021-08-09,2021-07-10,2021-08-08,4.54546,36.7845,7342.0,positives.csv,8338,8
mesogeos-pos-08339-2021-08-09,1,yes,2021-08-09,2021-07-10,2021-08-08,3.31705,36.4925,3849.0,positives.csv,8339,6
mesogeos-pos-08355-2021-08-09,1,yes,2021-08-09,2021-07-10,2021-08-08,4.52533,36.7039,394.0,positives.csv,8355,4
mesogeos-pos-08356-2021-08-09,1,yes,2021-08-09,2021-07-10,2021-08-08,7.10298,36.5529,122.0,positives.csv,8356,7
mesogeos-pos-08407-2021-08-09,1,yes,2021-08-09,2021-07-10,2021-08-08,3.11567,36.4623,660.0,positives.csv,8407,0
mesogeos-pos-08416-2021-08-09,1,yes,2021-08-09,2021-07-10,2021-08-08,4.49512,36.6838,2152.0,positives.csv,8416,0
mesogeos-pos-08417-2021-08-09,1,yes,2021-08-09,2021-07-10,2021-08-08,4.46491,36.5328,6262.0,positives.csv,8417,0
mesogeos-pos-08418-2021-08-09,1,yes,2021-08-09,2021-07-10,2021-08-08,4.17291,36.5932,30401.0,positives.csv,8418,6
mesogeos-pos-08432-2021-08-09,1,yes,2021-08-09,2021-07-10,2021-08-08,4.65622,36.6939,1001.0,positives.csv,8432,0
mesogeos-neg-15547-2021-08-09,0,no,2021-08-09,2021-07-10,2021-08-08,23.3543,40.3791,,negatives.csv,15547,3
mesogeos-neg-15548-2021-08-09,0,no,2021-08-09,2021-07-10,2021-08-08,14.5641,32.1024,,negatives.csv,15548,8
mesogeos-neg-15549-2021-08-09,0,no,2021-08-09,2021-07-10,2021-08-08,-5.53358,39.5031,,negatives.csv,15549,1
mesogeos-neg-15550-2021-08-09,0,no,2021-08-09,2021-07-10,2021-08-08,-2.53302,38.466,,negatives.csv,15550,0
mesogeos-neg-15551-2021-08-09,0,no,2021-08-09,2021-07-10,2021-08-08,6.75057,43.6314,,negatives.csv,15551,7
mesogeos-pos-02950-2021-08-10,1,yes,2021-08-10,2021-07-11,2021-08-09,16.7793,39.483,60.0,positives.csv,2950,8
mesogeos-pos-02963-2021-08-10,1,yes,2021-08-10,2021-07-11,2021-08-09,16.1248,39.2111,115.0,positives.csv,2963,1
mesogeos-pos-03005-2021-08-10,1,yes,2021-08-10,2021-07-11,2021-08-09,14.9366,37.2074,79.0,positives.csv,3005,7
mesogeos-pos-03006-2021-08-10,1,yes,2021-08-10,2021-07-11,2021-08-09,15.8328,39.9965,48.0,positives.csv,3006,9
mesogeos-pos-03011-2021-08-10,1,yes,2021-08-10,2021-07-11,2021-08-09,16.296,39.0399,221.0,positives.csv,3011,5
mesogeos-pos-03046-2021-08-10,1,yes,2021-08-10,2021-07-11,2021-08-09,13.2148,38.0632,165.0,positives.csv,3046,4
mesogeos-pos-03093-2021-08-10,1,yes,2021-08-10,2021-07-11,2021-08-09,16.5376,38.9191,495.0,positives.csv,3093,3
mesogeos-pos-03096-2021-08-10,1,yes,2021-08-10,2021-07-11,2021-08-09,15.9234,39.785,120.0,positives.csv,3096,1
mesogeos-pos-03102-2021-08-10,1,yes,2021-08-10,2021-07-11,2021-08-09,16.004,39.5232,54.0,positives.csv,3102,6
mesogeos-pos-03104-2021-08-10,1,yes,2021-08-10,2021-07-11,2021-08-09,8.83485,40.2281,1447.0,positives.csv,3104,7
mesogeos-pos-03680-2021-08-10,1,yes,2021-08-10,2021-07-11,2021-08-09,12.5201,42.1412,99.0,positives.csv,3680,7
mesogeos-pos-03694-2021-08-10,1,yes,2021-08-10,2021-07-11,2021-08-09,14.4634,41.0739,205.0,positives.csv,3694,3
mesogeos-pos-04164-2021-08-10,1,yes,2021-08-10,2021-07-11,2021-08-09,15.9838,38.1438,969.0,positives.csv,4164,7
mesogeos-pos-04165-2021-08-10,1,yes,2021-08-10,2021-07-11,2021-08-09,15.1179,37.9424,87.0,positives.csv,4165,7
mesogeos-pos-04171-2021-08-10,1,yes,2021-08-10,2021-07-11,2021-08-09,16.1248,38.3351,205.0,positives.csv,4171,2
mesogeos-pos-04176-2021-08-10,1,yes,2021-08-10,2021-07-11,2021-08-09,15.1481,37.9122,661.0,positives.csv,4176,5
mesogeos-pos-04179-2021-08-10,1,yes,2021-08-10,2021-07-11,2021-08-09,16.6886,39.0097,194.0,positives.csv,4179,1
mesogeos-pos-05983-2021-08-10,1,yes,2021-08-10,2021-07-11,2021-08-09,19.9309,40.2583,179.0,positives.csv,5983,5
mesogeos-pos-08392-2021-08-10,1,yes,2021-08-10,2021-07-11,2021-08-09,8.60326,36.8751,302.0,positives.csv,8392,0
mesogeos-pos-08394-2021-08-10,1,yes,2021-08-10,2021-07-11,2021-08-09,8.58312,36.8952,49.0,positives.csv,8394,5
mesogeos-pos-08395-2021-08-10,1,yes,2021-08-10,2021-07-11,2021-08-09,8.66367,36.8248,71.0,positives.csv,8395,6
mesogeos-pos-08397-2021-08-10,1,yes,2021-08-10,2021-07-11,2021-08-09,8.50257,36.7845,96.0,positives.csv,8397,0
mesogeos-pos-08403-2021-08-10,1,yes,2021-08-10,2021-07-11,2021-08-09,8.59319,36.7744,642.0,positives.csv,8403,6
mesogeos-pos-08404-2021-08-10,1,yes,2021-08-10,2021-07-11,2021-08-09,7.95885,36.7341,650.0,positives.csv,8404,7
mesogeos-pos-08405-2021-08-10,1,yes,2021-08-10,2021-07-11,2021-08-09,8.16022,36.6234,3454.0,positives.csv,8405,6
mesogeos-pos-08406-2021-08-10,1,yes,2021-08-10,2021-07-11,2021-08-09,7.73733,36.6435,681.0,positives.csv,8406,9
mesogeos-pos-08410-2021-08-10,1,yes,2021-08-10,2021-07-11,2021-08-09,7.63664,36.865,561.0,positives.csv,8410,8
mesogeos-pos-08411-2021-08-10,1,yes,2021-08-10,2021-07-11,2021-08-09,7.67691,36.8751,236.0,positives.csv,8411,0
mesogeos-pos-08421-2021-08-10,1,yes,2021-08-10,2021-07-11,2021-08-09,8.30119,36.6334,2697.0,positives.csv,8421,2
mesogeos-pos-08423-2021-08-10,1,yes,2021-08-10,2021-07-11,2021-08-09,7.40505,36.6435,289.0,positives.csv,8423,0
mesogeos-pos-08427-2021-08-10,1,yes,2021-08-10,2021-07-11,2021-08-09,6.54919,36.7039,1005.0,positives.csv,8427,7
mesogeos-pos-08429-2021-08-10,1,yes,2021-08-10,2021-07-11,2021-08-09,7.97898,36.2508,379.0,positives.csv,8429,0
mesogeos-pos-08433-2021-08-10,1,yes,2021-08-10,2021-07-11,2021-08-09,7.4856,36.6536,570.0,positives.csv,8433,7
mesogeos-pos-08436-2021-08-10,1,yes,2021-08-10,2021-07-11,2021-08-09,6.85126,36.4421,73.0,positives.csv,8436,2
mesogeos-pos-08445-2021-08-10,1,yes,2021-08-10,2021-07-11,2021-08-09,3.80036,36.6737,131.0,positives.csv,8445,6
mesogeos-neg-15552-2021-08-10,0,no,2021-08-10,2021-07-11,2021-08-09,-5.9464,37.8216,,negatives.csv,15552,6
mesogeos-neg-15553-2021-08-10,0,no,2021-08-10,2021-07-11,2021-08-09,-3.65068,38.7681,,negatives.csv,15553,5
mesogeos-neg-15554-2021-08-10,0,no,2021-08-10,2021-07-11,2021-08-09,26.6167,40.7516,,negatives.csv,15554,2
mesogeos-neg-15555-2021-08-10,0,no,2021-08-10,2021-07-11,2021-08-09,-4.68778,40.1676,,negatives.csv,15555,9
mesogeos-neg-15556-2021-08-10,0,no,2021-08-10,2021-07-11,2021-08-09,2.19939,35.7675,,negatives.csv,15556,2
mesogeos-pos-02958-2021-08-11,1,yes,2021-08-11,2021-07-12,2021-08-10,9.37857,40.0368,162.0,positives.csv,2958,2
mesogeos-pos-02981-2021-08-11,1,yes,2021-08-11,2021-07-12,2021-08-10,14.8057,37.006,2488.0,positives.csv,2981,1
mesogeos-pos-03031-2021-08-11,1,yes,2021-08-11,2021-07-12,2021-08-10,16.4369,38.8587,108.0,positives.csv,3031,2
mesogeos-pos-03070-2021-08-11,1,yes,2021-08-11,2021-07-12,2021-08-10,16.4973,38.5365,138.0,positives.csv,3070,5
mesogeos-pos-03094-2021-08-11,1,yes,2021-08-11,2021-07-12,2021-08-10,14.2721,41.1141,607.0,positives.csv,3094,9
mesogeos-pos-03097-2021-08-11,1,yes,2021-08-11,2021-07-12,2021-08-10,15.128,37.2174,962.0,positives.csv,3097,4
mesogeos-pos-03103-2021-08-11,1,yes,2021-08-11,2021-07-12,2021-08-10,14.4131,37.3685,83.0,positives.csv,3103,1
mesogeos-pos-04177-2021-08-11,1,yes,2021-08-11,2021-07-12,2021-08-10,15.0977,37.8216,348.0,positives.csv,4177,6
mesogeos-pos-04178-2021-08-11,1,yes,2021-08-11,2021-07-12,2021-08-10,14.3124,37.5195,750.0,positives.csv,4178,9
mesogeos-pos-04828-2021-08-11,1,yes,2021-08-11,2021-07-12,2021-08-10,29.3655,36.3112,93.0,positives.csv,4828,3
mesogeos-pos-06199-2021-08-11,1,yes,2021-08-11,2021-07-12,2021-08-10,29.144,38.3653,279.0,positives.csv,6199,3
mesogeos-pos-06510-2021-08-11,1,yes,2021-08-11,2021-07-12,2021-08-10,20.092,42.111,806.0,positives.csv,6510,1
mesogeos-pos-06695-2021-08-11,1,yes,2021-08-11,2021-07-12,2021-08-10,30.7751,37.3282,609.0,positives.csv,6695,0
mesogeos-pos-08340-2021-08-11,1,yes,2021-08-11,2021-07-12,2021-08-10,1.84698,36.4019,3363.0,positives.csv,8340,9
mesogeos-pos-08409-2021-08-11,1,yes,2021-08-11,2021-07-12,2021-08-10,9.82161,36.1501,2198.0,positives.csv,8409,0
mesogeos-pos-08412-2021-08-11,1,yes,2021-08-11,2021-07-12,2021-08-10,4.46491,36.855,257.0,positives.csv,8412,1
mesogeos-pos-08414-2021-08-11,1,yes,2021-08-11,2021-07-12,2021-08-10,7.0325,36.7543,70.0,positives.csv,8414,9
mesogeos-pos-08419-2021-08-11,1,yes,2021-08-11,2021-07-12,2021-08-10,7.84809,36.563,5857.0,positives.csv,8419,7
mesogeos-pos-08422-2021-08-11,1,yes,2021-08-11,2021-07-12,2021-08-10,2.71291,36.3918,442.0,positives.csv,8422,9
mesogeos-pos-08426-2021-08-11,1,yes,2021-08-11,2021-07-12,2021-08-10,6.69015,36.7341,1040.0,positives.csv,8426,0
mesogeos-pos-08430-2021-08-11,1,yes,2021-08-11,2021-07-12,2021-08-10,7.93871,36.1703,417.0,positives.csv,8430,3
mesogeos-pos-08434-2021-08-11,1,yes,2021-08-11,2021-07-12,2021-08-10,2.40077,36.4119,66.0,positives.csv,8434,2
mesogeos-neg-15557-2021-08-11,0,no,2021-08-11,2021-07-12,2021-08-10,23.5557,38.6372,,negatives.csv,15557,7
mesogeos-neg-15558-2021-08-11,0,no,2021-08-11,2021-07-12,2021-08-10,20.9579,39.6642,,negatives.csv,15558,1
mesogeos-neg-15559-2021-08-11,0,no,2021-08-11,2021-07-12,2021-08-10,13.4263,37.7813,,negatives.csv,15559,2
mesogeos-neg-15560-2021-08-11,0,no,2021-08-11,2021-07-12,2021-08-10,17.0612,40.5201,,negatives.csv,15560,8
mesogeos-neg-15561-2021-08-11,0,no,2021-08-11,2021-07-12,2021-08-10,-4.54682,39.483,,negatives.csv,15561,2
mesogeos-pos-00642-2021-08-12,1,yes,2021-08-12,2021-07-13,2021-08-11,0.336634,41.2148,72.0,positives.csv,642,5
mesogeos-pos-01614-2021-08-12,1,yes,2021-08-12,2021-07-13,2021-08-11,-6.94323,42.4634,193.0,positives.csv,1614,9
mesogeos-pos-02951-2021-08-12,1,yes,2021-08-12,2021-07-13,2021-08-11,13.7183,37.4792,519.0,positives.csv,2951,9
mesogeos-pos-02989-2021-08-12,1,yes,2021-08-12,2021-07-13,2021-08-11,16.4873,40.0468,143.0,positives.csv,2989,2
mesogeos-pos-03059-2021-08-12,1,yes,2021-08-12,2021-07-13,2021-08-11,15.7925,38.033,132.0,positives.csv,3059,6
mesogeos-pos-03067-2021-08-12,1,yes,2021-08-12,2021-07-13,2021-08-11,17.0109,39.1608,31.0,positives.csv,3067,4
mesogeos-pos-03085-2021-08-12,1,yes,2021-08-12,2021-07-13,2021-08-11,13.9096,41.2752,49.0,positives.csv,3085,7
mesogeos-pos-03099-2021-08-12,1,yes,2021-08-12,2021-07-13,2021-08-11,13.8895,37.3282,143.0,positives.csv,3099,5
mesogeos-pos-03109-2021-08-12,1,yes,2021-08-12,2021-07-13,2021-08-11,14.3023,37.2879,141.0,positives.csv,3109,8
mesogeos-pos-03112-2021-08-12,1,yes,2021-08-12,2021-07-13,2021-08-11,14.6446,37.7712,256.0,positives.csv,3112,2
mesogeos-pos-03660-2021-08-12,1,yes,2021-08-12,2021-07-13,2021-08-11,13.4666,41.4565,135.0,positives.csv,3660,3
mesogeos-pos-03678-2021-08-12,1,yes,2021-08-12,2021-07-13,2021-08-11,12.7114,42.2117,98.0,positives.csv,3678,4
mesogeos-pos-03692-2021-08-12,1,yes,2021-08-12,2021-07-13,2021-08-11,13.6982,41.537,141.0,positives.csv,3692,5
mesogeos-pos-03697-2021-08-12,1,yes,2021-08-12,2021-07-13,2021-08-11,12.8322,41.9801,384.0,positives.csv,3697,0
mesogeos-pos-04168-2021-08-12,1,yes,2021-08-12,2021-07-13,2021-08-11,16.1147,39.7145,57.0,positives.csv,4168,2
mesogeos-pos-06015-2021-08-12,1,yes,2021-08-12,2021-07-13,2021-08-11,16.0644,43.6616,112.0,positives.csv,6015,4
mesogeos-pos-06030-2021-08-12,1,yes,2021-08-12,2021-07-13,2021-08-11,20.3336,39.9461,50.0,positives.csv,6030,6
mesogeos-pos-06494-2021-08-12,1,yes,2021-08-12,2021-07-13,2021-08-11,19.8604,42.0103,2498.0,positives.csv,6494,5
mesogeos-pos-08336-2021-08-12,1,yes,2021-08-12,2021-07-13,2021-08-11,3.76008,36.6636,34.0,positives.csv,8336,0
mesogeos-pos-08341-2021-08-12,1,yes,2021-08-12,2021-07-13,2021-08-11,8.70395,35.2036,159.0,positives.csv,8341,1
mesogeos-pos-08371-2021-08-12,1,yes,2021-08-12,2021-07-13,2021-08-11,3.58891,36.6133,146.0,positives.csv,8371,7
mesogeos-pos-08379-2021-08-12,1,yes,2021-08-12,2021-07-13,2021-08-11,3.69967,36.5932,113.0,positives.csv,8379,9
mesogeos-pos-08391-2021-08-12,1,yes,2021-08-12,2021-07-13,2021-08-11,7.81788,36.5831,101.0,positives.csv,8391,7
mesogeos-pos-08400-2021-08-12,1,yes,2021-08-12,2021-07-13,2021-08-11,2.89415,36.4723,189.0,positives.csv,8400,8
mesogeos-pos-08408-2021-08-12,1,yes,2021-08-12,2021-07-13,2021-08-11,1.05153,36.3716,245.0,positives.csv,8408,4
mesogeos-neg-15562-2021-08-12,0,no,2021-08-12,2021-07-13,2021-08-11,33.6649,36.422,,negatives.csv,15562,9
mesogeos-neg-15563-2021-08-12,0,no,2021-08-12,2021-07-13,2021-08-11,11.0903,43.1682,,negatives.csv,15563,2
mesogeos-neg-15564-2021-08-12,0,no,2021-08-12,2021-07-13,2021-08-11,-3.39895,41.1242,,negatives.csv,15564,2
mesogeos-neg-15565-2021-08-12,0,no,2021-08-12,2021-07-13,2021-08-11,9.46919,37.0362,,negatives.csv,15565,7
mesogeos-neg-15566-2021-08-12,0,no,2021-08-12,2021-07-13,2021-08-11,30.7047,38.758,,negatives.csv,15566,1
mesogeos-pos-03054-2021-08-13,1,yes,2021-08-13,2021-07-14,2021-08-12,16.2859,39.3621,74.0,positives.csv,3054,2
mesogeos-pos-03086-2021-08-13,1,yes,2021-08-13,2021-07-14,2021-08-12,16.8195,39.4024,33.0,positives.csv,3086,8
mesogeos-pos-03653-2021-08-13,1,yes,2021-08-13,2021-07-14,2021-08-12,13.4565,41.386,61.0,positives.csv,3653,3
mesogeos-pos-03656-2021-08-13,1,yes,2021-08-13,2021-07-14,2021-08-12,15.3797,40.5905,77.0,positives.csv,3656,9
mesogeos-pos-03665-2021-08-13,1,yes,2021-08-13,2021-07-14,2021-08-12,13.8492,41.5672,40.0,positives.csv,3665,6
mesogeos-pos-03681-2021-08-13,1,yes,2021-08-13,2021-07-14,2021-08-12,13.668,41.3961,44.0,positives.csv,3681,0
mesogeos-pos-03691-2021-08-13,1,yes,2021-08-13,2021-07-14,2021-08-12,16.5074,40.4899,126.0,positives.csv,3691,7
mesogeos-pos-04421-2021-08-13,1,yes,2021-08-13,2021-07-14,2021-08-12,-7.49703,39.6642,65.0,positives.csv,4421,2
mesogeos-pos-06509-2021-08-13,1,yes,2021-08-13,2021-07-14,2021-08-12,20.2128,41.6176,655.0,positives.csv,6509,0
mesogeos-pos-08350-2021-08-13,1,yes,2021-08-13,2021-07-14,2021-08-12,8.22064,36.422,45.0,positives.csv,8350,2
mesogeos-pos-08398-2021-08-13,1,yes,2021-08-13,2021-07-14,2021-08-12,8.00919,36.6032,30.0,positives.csv,8398,2
mesogeos-pos-08415-2021-08-13,1,yes,2021-08-13,2021-07-14,2021-08-12,3.5285,36.5025,844.0,positives.csv,8415,7
mesogeos-pos-08439-2021-08-13,1,yes,2021-08-13,2021-07-14,2021-08-12,-4.85896,33.794,128.0,positives.csv,8439,0
mesogeos-neg-15567-2021-08-13,0,no,2021-08-13,2021-07-14,2021-08-12,-6.2384,32.767,,negatives.csv,15567,9
mesogeos-neg-15568-2021-08-13,0,no,2021-08-13,2021-07-14,2021-08-12,28.8117,39.0903,,negatives.csv,15568,6
mesogeos-neg-15569-2021-08-13,0,no,2021-08-13,2021-07-14,2021-08-12,-6.93316,40.369,,negatives.csv,15569,3
mesogeos-neg-15570-2021-08-13,0,no,2021-08-13,2021-07-14,2021-08-12,-3.24792,34.0155,,negatives.csv,15570,8
mesogeos-neg-15571-2021-08-13,0,no,2021-08-13,2021-07-14,2021-08-12,10.7278,43.4803,,negatives.csv,15571,8
mesogeos-pos-01597-2021-08-14,1,yes,2021-08-14,2021-07-15,2021-08-13,-4.92944,40.4596,23078.0,positives.csv,1597,0
mesogeos-pos-01616-2021-08-14,1,yes,2021-08-14,2021-07-15,2021-08-13,-5.34227,40.1576,220.0,positives.csv,1616,8
mesogeos-pos-02944-2021-08-14,1,yes,2021-08-14,2021-07-15,2021-08-13,14.1613,41.235,164.0,positives.csv,2944,2
mesogeos-pos-03105-2021-08-14,1,yes,2021-08-14,2021-07-15,2021-08-13,13.1142,37.9928,76.0,positives.csv,3105,7
mesogeos-pos-03111-2021-08-14,1,yes,2021-08-14,2021-07-15,2021-08-13,14.1412,37.449,247.0,positives.csv,3111,1
mesogeos-pos-03114-2021-08-14,1,yes,2021-08-14,2021-07-15,2021-08-13,16.155,39.785,114.0,positives.csv,3114,6
mesogeos-pos-03121-2021-08-14,1,yes,2021-08-14,2021-07-15,2021-08-13,14.7252,40.7919,144.0,positives.csv,3121,3
mesogeos-pos-03647-2021-08-14,1,yes,2021-08-14,2021-07-15,2021-08-13,13.7082,41.3356,294.0,positives.csv,3647,9
mesogeos-pos-03649-2021-08-14,1,yes,2021-08-14,2021-07-15,2021-08-13,13.7082,41.6881,371.0,positives.csv,3649,5
mesogeos-pos-03655-2021-08-14,1,yes,2021-08-14,2021-07-15,2021-08-13,15.4904,40.5805,78.0,positives.csv,3655,9
mesogeos-pos-03662-2021-08-14,1,yes,2021-08-14,2021-07-15,2021-08-13,14.8561,40.7718,44.0,positives.csv,3662,9
mesogeos-pos-03703-2021-08-14,1,yes,2021-08-14,2021-07-15,2021-08-13,13.527,41.3759,72.0,positives.csv,3703,9
mesogeos-pos-04157-2021-08-14,1,yes,2021-08-14,2021-07-15,2021-08-13,15.6918,40.5704,56.0,positives.csv,4157,4
mesogeos-pos-05949-2021-08-14,1,yes,2021-08-14,2021-07-15,2021-08-13,17.464,43.3998,217.0,positives.csv,5949,2
mesogeos-pos-05950-2021-08-14,1,yes,2021-08-14,2021-07-15,2021-08-13,19.0347,42.6245,43.0,positives.csv,5950,2
mesogeos-pos-05974-2021-08-14,1,yes,2021-08-14,2021-07-15,2021-08-13,17.4438,43.1883,112.0,positives.csv,5974,7
mesogeos-pos-05975-2021-08-14,1,yes,2021-08-14,2021-07-15,2021-08-13,17.6452,43.1078,91.0,positives.csv,5975,1
mesogeos-pos-06013-2021-08-14,1,yes,2021-08-14,2021-07-15,2021-08-13,18.1889,43.0172,58.0,positives.csv,6013,3
mesogeos-pos-06032-2021-08-14,1,yes,2021-08-14,2021-07-15,2021-08-13,17.8365,43.4401,429.0,positives.csv,6032,3
mesogeos-pos-08437-2021-08-14,1,yes,2021-08-14,2021-07-15,2021-08-13,-5.42282,35.113,2128.0,positives.csv,8437,9
mesogeos-neg-15572-2021-08-14,0,no,2021-08-14,2021-07-15,2021-08-13,-1.15357,39.6441,,negatives.csv,15572,2
mesogeos-neg-15573-2021-08-14,0,no,2021-08-14,2021-07-15,2021-08-13,9.12685,35.254,,negatives.csv,15573,9
mesogeos-neg-15574-2021-08-14,0,no,2021-08-14,2021-07-15,2021-08-13,12.7114,43.4099,,negatives.csv,15574,8
mesogeos-neg-15575-2021-08-14,0,no,2021-08-14,2021-07-15,2021-08-13,-1.77785,40.3388,,negatives.csv,15575,3
mesogeos-neg-15576-2021-08-14,0,no,2021-08-14,2021-07-15,2021-08-13,-2.80489,41.7485,,negatives.csv,15576,9
mesogeos-pos-00629-2021-08-15,1,yes,2021-08-15,2021-07-16,2021-08-14,-4.89923,38.1539,115.0,positives.csv,629,4
mesogeos-pos-02936-2021-08-15,1,yes,2021-08-15,2021-07-16,2021-08-14,14.6748,40.7718,123.0,positives.csv,2936,3
mesogeos-pos-02947-2021-08-15,1,yes,2021-08-15,2021-07-16,2021-08-14,16.2154,38.7379,41.0,positives.csv,2947,8
mesogeos-pos-02949-2021-08-15,1,yes,2021-08-15,2021-07-16,2021-08-14,15.8227,39.9461,42.0,positives.csv,2949,3
mesogeos-pos-02961-2021-08-15,1,yes,2021-08-15,2021-07-16,2021-08-14,16.2859,39.0097,42.0,positives.csv,2961,2
mesogeos-pos-02962-2021-08-15,1,yes,2021-08-15,2021-07-16,2021-08-14,16.3564,39.1305,35.0,positives.csv,2962,3
mesogeos-pos-03016-2021-08-15,1,yes,2021-08-15,2021-07-16,2021-08-14,14.3224,37.4088,113.0,positives.csv,3016,6
mesogeos-pos-03100-2021-08-15,1,yes,2021-08-15,2021-07-16,2021-08-14,16.8095,39.4225,33.0,positives.csv,3100,9
mesogeos-pos-03101-2021-08-15,1,yes,2021-08-15,2021-07-16,2021-08-14,14.0405,41.3759,165.0,positives.csv,3101,4
mesogeos-pos-03106-2021-08-15,1,yes,2021-08-15,2021-07-16,2021-08-14,13.5572,37.741,682.0,positives.csv,3106,4
mesogeos-pos-03659-2021-08-15,1,yes,2021-08-15,2021-07-16,2021-08-14,15.9838,40.7919,235.0,positives.csv,3659,0
mesogeos-pos-03661-2021-08-15,1,yes,2021-08-15,2021-07-16,2021-08-14,12.6409,43.3696,48.0,positives.csv,3661,8
mesogeos-pos-03668-2021-08-15,1,yes,2021-08-15,2021-07-16,2021-08-14,13.668,41.4162,102.0,positives.csv,3668,4
mesogeos-pos-03690-2021-08-15,1,yes,2021-08-15,2021-07-16,2021-08-14,13.9197,41.4968,176.0,positives.csv,3690,5
mesogeos-pos-03693-2021-08-15,1,yes,2021-08-15,2021-07-16,2021-08-14,13.1242,42.2721,71.0,positives.csv,3693,4
mesogeos-pos-03695-2021-08-15,1,yes,2021-08-15,2021-07-16,2021-08-14,14.5238,41.0436,405.0,positives.csv,3695,3
mesogeos-pos-03701-2021-08-15,1,yes,2021-08-15,2021-07-16,2021-08-14,13.4968,41.3356,229.0,positives.csv,3701,2
mesogeos-pos-03702-2021-08-15,1,yes,2021-08-15,2021-07-16,2021-08-14,13.376,41.4162,198.0,positives.csv,3702,4
mesogeos-pos-03899-2021-08-15,1,yes,2021-08-15,2021-07-16,2021-08-14,-0.378263,39.8555,525.0,positives.csv,3899,7
mesogeos-pos-06021-2021-08-15,1,yes,2021-08-15,2021-07-16,2021-08-14,16.1248,44.0039,145.0,positives.csv,6021,1
mesogeos-pos-06027-2021-08-15,1,yes,2021-08-15,2021-07-16,2021-08-14,19.367,42.5439,202.0,positives.csv,6027,6
mesogeos-pos-06029-2021-08-15,1,yes,2021-08-15,2021-07-16,2021-08-14,18.2393,43.0272,543.0,positives.csv,6029,1
mesogeos-pos-06043-2021-08-15,1,yes,2021-08-15,2021-07-16,2021-08-14,19.5986,42.2016,131.0,positives.csv,6043,8
mesogeos-pos-08420-2021-08-15,1,yes,2021-08-15,2021-07-16,2021-08-14,2.03829,36.4925,85.0,positives.csv,8420,8
mesogeos-pos-08438-2021-08-15,1,yes,2021-08-15,2021-07-16,2021-08-14,9.81154,36.2105,932.0,positives.csv,8438,8
mesogeos-neg-15577-2021-08-15,0,no,2021-08-15,2021-07-16,2021-08-14,23.0321,37.5296,,negatives.csv,15577,6
mesogeos-neg-15578-2021-08-15,0,no,2021-08-15,2021-07-16,2021-08-14,-6.76199,39.3521,,negatives.csv,15578,9
mesogeos-neg-15579-2021-08-15,0,no,2021-08-15,2021-07-16,2021-08-14,10.5667,34.6599,,negatives.csv,15579,6
mesogeos-neg-15580-2021-08-15,0,no,2021-08-15,2021-07-16,2021-08-14,28.0364,39.9562,,negatives.csv,15580,2
mesogeos-neg-15581-2021-08-15,0,no,2021-08-15,2021-07-16,2021-08-14,-3.00626,39.0399,,negatives.csv,15581,7
mesogeos-pos-00650-2021-08-16,1,yes,2021-08-16,2021-07-17,2021-08-15,-6.09744,41.4263,93.0,positives.csv,650,6
mesogeos-pos-00653-2021-08-16,1,yes,2021-08-16,2021-07-17,2021-08-15,-4.98985,38.2445,545.0,positives.csv,653,1
mesogeos-pos-03107-2021-08-16,1,yes,2021-08-16,2021-07-17,2021-08-15,13.7284,37.5396,206.0,positives.csv,3107,4
mesogeos-pos-03116-2021-08-16,1,yes,2021-08-16,2021-07-17,2021-08-15,16.2053,39.1205,53.0,positives.csv,3116,9
mesogeos-pos-03654-2021-08-16,1,yes,2021-08-16,2021-07-17,2021-08-15,13.5773,41.5672,40.0,positives.csv,3654,7
mesogeos-pos-03677-2021-08-16,1,yes,2021-08-16,2021-07-17,2021-08-15,12.1576,43.0474,68.0,positives.csv,3677,5
mesogeos-pos-03698-2021-08-16,1,yes,2021-08-16,2021-07-17,2021-08-15,9.60009,44.2154,118.0,positives.csv,3698,2
mesogeos-pos-03700-2021-08-16,1,yes,2021-08-16,2021-07-17,2021-08-15,13.2148,41.4665,129.0,positives.csv,3700,4
mesogeos-pos-03890-2021-08-16,1,yes,2021-08-16,2021-07-17,2021-08-15,6.49884,43.279,6626.0,positives.csv,3890,3
mesogeos-pos-04418-2021-08-16,1,yes,2021-08-16,2021-07-17,2021-08-15,-7.5373,37.2174,7414.0,positives.csv,4418,5
mesogeos-pos-04431-2021-08-16,1,yes,2021-08-16,2021-07-17,2021-08-15,-6.70158,37.3081,36.0,positives.csv,4431,5
mesogeos-pos-04796-2021-08-16,1,yes,2021-08-16,2021-07-17,2021-08-15,23.3342,38.1539,10175.0,positives.csv,4796,8
mesogeos-pos-04811-2021-08-16,1,yes,2021-08-16,2021-07-17,2021-08-15,22.6998,41.6176,147.0,positives.csv,4811,5
mesogeos-pos-06022-2021-08-16,1,yes,2021-08-16,2021-07-17,2021-08-15,17.8869,43.2185,691.0,positives.csv,6022,3
mesogeos-pos-06034-2021-08-16,1,yes,2021-08-16,2021-07-17,2021-08-15,18.8937,42.6446,1318.0,positives.csv,6034,9
mesogeos-pos-06035-2021-08-16,1,yes,2021-08-16,2021-07-17,2021-08-15,18.8333,42.4231,128.0,positives.csv,6035,2
mesogeos-neg-15582-2021-08-16,0,no,2021-08-16,2021-07-17,2021-08-15,-3.30833,37.2678,,negatives.csv,15582,6
mesogeos-neg-15583-2021-08-16,0,no,2021-08-16,2021-07-17,2021-08-15,21.7936,39.2715,,negatives.csv,15583,5
mesogeos-neg-15584-2021-08-16,0,no,2021-08-16,2021-07-17,2021-08-15,3.12574,44.3966,,negatives.csv,15584,8
mesogeos-neg-15585-2021-08-16,0,no,2021-08-16,2021-07-17,2021-08-15,27.2007,39.7347,,negatives.csv,15585,8
mesogeos-neg-15586-2021-08-16,0,no,2021-08-16,2021-07-17,2021-08-15,-4.4562,34.0155,,negatives.csv,15586,0
mesogeos-pos-00623-2021-08-17,1,yes,2021-08-17,2021-07-18,2021-08-16,-5.69468,39.2212,496.0,positives.csv,623,8
mesogeos-pos-00654-2021-08-17,1,yes,2021-08-17,2021-07-18,2021-08-16,-6.68144,40.8121,1489.0,positives.csv,654,2
mesogeos-pos-00655-2021-08-17,1,yes,2021-08-17,2021-07-18,2021-08-16,-6.64116,40.7819,261.0,positives.csv,655,8
mesogeos-pos-03033-2021-08-17,1,yes,2021-08-17,2021-07-18,2021-08-16,16.6182,39.5635,140.0,positives.csv,3033,4
mesogeos-pos-03108-2021-08-17,1,yes,2021-08-17,2021-07-18,2021-08-16,13.7485,37.4289,384.0,positives.csv,3108,6
mesogeos-pos-03110-2021-08-17,1,yes,2021-08-17,2021-07-18,2021-08-16,12.8222,37.7813,92.0,positives.csv,3110,1
mesogeos-pos-03113-2021-08-17,1,yes,2021-08-17,2021-07-18,2021-08-16,15.1783,37.2074,79.0,positives.csv,3113,3
mesogeos-pos-03696-2021-08-17,1,yes,2021-08-17,2021-07-18,2021-08-16,15.2488,41.1947,75.0,positives.csv,3696,5
mesogeos-pos-03896-2021-08-17,1,yes,2021-08-17,2021-07-18,2021-08-16,5.07912,44.1248,266.0,positives.csv,3896,0
mesogeos-pos-03898-2021-08-17,1,yes,2021-08-17,2021-07-18,2021-08-16,2.88408,43.1179,38.0,positives.csv,3898,7
mesogeos-pos-04430-2021-08-17,1,yes,2021-08-17,2021-07-18,2021-08-16,-6.73178,37.298,231.0,positives.csv,4430,2
mesogeos-pos-05948-2021-08-17,1,yes,2021-08-17,2021-07-18,2021-08-16,19.5986,42.1009,239.0,positives.csv,5948,8
mesogeos-pos-06012-2021-08-17,1,yes,2021-08-17,2021-07-18,2021-08-16,17.8264,43.3797,56.0,positives.csv,6012,5
mesogeos-pos-08370-2021-08-17,1,yes,2021-08-17,2021-07-18,2021-08-16,6.76064,35.405,158.0,positives.csv,8370,5
mesogeos-neg-15587-2021-08-17,0,no,2021-08-17,2021-07-18,2021-08-16,-0.871643,38.8587,,negatives.csv,15587,0
mesogeos-neg-15588-2021-08-17,0,no,2021-08-17,2021-07-18,2021-08-16,4.87774,45.0813,,negatives.csv,15588,1
mesogeos-neg-15589-2021-08-17,0,no,2021-08-17,2021-07-18,2021-08-16,-6.52034,31.8507,,negatives.csv,15589,9
mesogeos-neg-15590-2021-08-17,0,no,2021-08-17,2021-07-18,2021-08-16,-4.13399,42.5339,,negatives.csv,15590,2
mesogeos-neg-15591-2021-08-17,0,no,2021-08-17,2021-07-18,2021-08-16,1.67581,35.9085,,negatives.csv,15591,6
mesogeos-neg-15592-2021-08-17,0,no,2021-08-17,2021-07-18,2021-08-16,0.185599,42.2016,,negatives.csv,15592,1
mesogeos-pos-00652-2021-08-18,1,yes,2021-08-18,2021-07-19,2021-08-17,-2.8653,38.2646,45.0,positives.csv,652,8
mesogeos-pos-03027-2021-08-18,1,yes,2021-08-18,2021-07-19,2021-08-17,16.8397,39.493,117.0,positives.csv,3027,3
mesogeos-pos-03897-2021-08-18,1,yes,2021-08-18,2021-07-19,2021-08-17,3.56877,43.5307,248.0,positives.csv,3897,8
mesogeos-pos-04426-2021-08-18,1,yes,2021-08-18,2021-07-19,2021-08-17,-7.02378,39.2212,809.0,positives.csv,4426,3
mesogeos-pos-04429-2021-08-18,1,yes,2021-08-18,2021-07-19,2021-08-17,-8.50392,37.3785,940.0,positives.csv,4429,0
mesogeos-pos-05953-2021-08-18,1,yes,2021-08-18,2021-07-19,2021-08-17,19.9006,40.4798,40.0,positives.csv,5953,8
mesogeos-neg-15593-2021-08-18,0,no,2021-08-18,2021-07-19,2021-08-17,-5.63427,35.1231,,negatives.csv,15593,5
mesogeos-neg-15594-2021-08-18,0,no,2021-08-18,2021-07-19,2021-08-17,8.66367,35.6769,,negatives.csv,15594,2
mesogeos-neg-15595-2021-08-18,0,no,2021-08-18,2021-07-19,2021-08-17,-0.640057,40.8322,,negatives.csv,15595,3
mesogeos-neg-15596-2021-08-18,0,no,2021-08-18,2021-07-19,2021-08-17,-1.48585,41.9398,,negatives.csv,15596,1
mesogeos-neg-15597-2021-08-18,0,no,2021-08-18,2021-07-19,2021-08-17,-3.37882,40.2683,,negatives.csv,15597,4
mesogeos-neg-15598-2021-08-18,0,no,2021-08-18,2021-07-19,2021-08-17,12.0569,43.3897,,negatives.csv,15598,4
mesogeos-pos-03117-2021-08-19,1,yes,2021-08-19,2021-07-20,2021-08-18,16.8699,39.4628,117.0,positives.csv,3117,5
mesogeos-pos-06020-2021-08-19,1,yes,2021-08-19,2021-07-20,2021-08-18,16.1248,43.9737,414.0,positives.csv,6020,2
mesogeos-pos-06518-2021-08-19,1,yes,2021-08-19,2021-07-20,2021-08-18,20.2229,42.0505,51.0,positives.csv,6518,0
mesogeos-neg-15599-2021-08-19,0,no,2021-08-19,2021-07-20,2021-08-18,0.900496,41.3759,,negatives.csv,15599,8
mesogeos-neg-15600-2021-08-19,0,no,2021-08-19,2021-07-20,2021-08-18,-4.72806,34.7103,,negatives.csv,15600,2
mesogeos-neg-15601-2021-08-19,0,no,2021-08-19,2021-07-20,2021-08-18,8.74423,35.2943,,negatives.csv,15601,3
mesogeos-neg-15602-2021-08-19,0,no,2021-08-19,2021-07-20,2021-08-18,-8.58448,38.7882,,negatives.csv,15602,9
mesogeos-neg-15603-2021-08-19,0,no,2021-08-19,2021-07-20,2021-08-18,-7.35606,41.819,,negatives.csv,15603,0
mesogeos-neg-15604-2021-08-19,0,no,2021-08-19,2021-07-20,2021-08-18,-5.27178,34.1867,,negatives.csv,15604,8
mesogeos-pos-03699-2021-08-20,1,yes,2021-08-20,2021-07-21,2021-08-19,11.2917,42.7856,47.0,positives.csv,3699,1
mesogeos-pos-04882-2021-08-20,1,yes,2021-08-20,2021-07-21,2021-08-19,28.9023,37.0261,43.0,positives.csv,4882,0
mesogeos-pos-05976-2021-08-20,1,yes,2021-08-20,2021-07-21,2021-08-19,19.7697,40.2885,199.0,positives.csv,5976,9
mesogeos-pos-05991-2021-08-20,1,yes,2021-08-20,2021-07-21,2021-08-19,16.1147,43.8025,47.0,positives.csv,5991,8
mesogeos-neg-15605-2021-08-20,0,no,2021-08-20,2021-07-21,2021-08-19,-0.519229,40.7617,,negatives.csv,15605,7
mesogeos-neg-15606-2021-08-20,0,no,2021-08-20,2021-07-21,2021-08-19,29.3957,39.9159,,negatives.csv,15606,0
mesogeos-neg-15607-2021-08-20,0,no,2021-08-20,2021-07-21,2021-08-19,28.9829,39.926,,negatives.csv,15607,8
mesogeos-neg-15608-2021-08-20,0,no,2021-08-20,2021-07-21,2021-08-19,-2.69413,42.4734,,negatives.csv,15608,8
mesogeos-neg-15609-2021-08-20,0,no,2021-08-20,2021-07-21,2021-08-19,-1.38516,41.6276,,negatives.csv,15609,5
mesogeos-pos-01615-2021-08-21,1,yes,2021-08-21,2021-07-22,2021-08-20,-3.0264,42.2519,86.0,positives.csv,1615,9
mesogeos-pos-06025-2021-08-21,1,yes,2021-08-21,2021-07-22,2021-08-20,19.5583,42.1714,66.0,positives.csv,6025,7
mesogeos-pos-08402-2021-08-21,1,yes,2021-08-21,2021-07-22,2021-08-20,2.24974,36.4623,73.0,positives.csv,8402,3
mesogeos-pos-08435-2021-08-21,1,yes,2021-08-21,2021-07-22,2021-08-20,6.32767,36.8449,110.0,positives.csv,8435,5
mesogeos-neg-15610-2021-08-21,0,no,2021-08-21,2021-07-22,2021-08-20,-6.51027,37.439,,negatives.csv,15610,6
mesogeos-neg-15611-2021-08-21,0,no,2021-08-21,2021-07-22,2021-08-20,-9.06779,30.7129,,negatives.csv,15611,0
mesogeos-neg-15612-2021-08-21,0,no,2021-08-21,2021-07-22,2021-08-20,30.4328,37.2577,,negatives.csv,15612,3
mesogeos-neg-15613-2021-08-21,0,no,2021-08-21,2021-07-22,2021-08-20,13.7586,37.8216,,negatives.csv,15613,9
mesogeos-neg-15614-2021-08-21,0,no,2021-08-21,2021-07-22,2021-08-20,8.08974,36.3213,,negatives.csv,15614,3
mesogeos-pos-06028-2021-08-22,1,yes,2021-08-22,2021-07-23,2021-08-21,19.3569,42.4936,360.0,positives.csv,6028,0
mesogeos-neg-15615-2021-08-22,0,no,2021-08-22,2021-07-23,2021-08-21,-2.62364,42.5137,,negatives.csv,15615,1
mesogeos-neg-15616-2021-08-22,0,no,2021-08-22,2021-07-23,2021-08-21,29.6877,39.3621,,negatives.csv,15616,5
mesogeos-neg-15617-2021-08-22,0,no,2021-08-22,2021-07-23,2021-08-21,11.3622,44.3966,,negatives.csv,15617,5
mesogeos-neg-15618-2021-08-22,0,no,2021-08-22,2021-07-23,2021-08-21,20.7062,40.1676,,negatives.csv,15618,5
mesogeos-neg-15619-2021-08-22,0,no,2021-08-22,2021-07-23,2021-08-21,-4.70792,42.6446,,negatives.csv,15619,1
mesogeos-pos-01617-2021-08-23,1,yes,2021-08-23,2021-07-24,2021-08-22,-4.34544,42.1412,52.0,positives.csv,1617,2
mesogeos-pos-03704-2021-08-23,1,yes,2021-08-23,2021-07-24,2021-08-22,13.4766,41.3759,125.0,positives.csv,3704,2
mesogeos-pos-04806-2021-08-23,1,yes,2021-08-23,2021-07-24,2021-08-22,26.8684,39.634,42.0,positives.csv,4806,3
mesogeos-pos-04923-2021-08-23,1,yes,2021-08-23,2021-07-24,2021-08-22,-3.25799,36.9154,31.0,positives.csv,4923,1
mesogeos-pos-05951-2021-08-23,1,yes,2021-08-23,2021-07-24,2021-08-22,19.5281,41.9398,32.0,positives.csv,5951,9
mesogeos-pos-06018-2021-08-23,1,yes,2021-08-23,2021-07-24,2021-08-22,19.8805,40.3086,31.0,positives.csv,6018,4
mesogeos-pos-06019-2021-08-23,1,yes,2021-08-23,2021-07-24,2021-08-22,19.5482,40.3892,31.0,positives.csv,6019,8
mesogeos-pos-06033-2021-08-23,1,yes,2021-08-23,2021-07-24,2021-08-22,19.6389,41.1846,437.0,positives.csv,6033,2
mesogeos-pos-06044-2021-08-23,1,yes,2021-08-23,2021-07-24,2021-08-22,18.3601,42.6245,2067.0,positives.csv,6044,8
mesogeos-neg-15620-2021-08-23,0,no,2021-08-23,2021-07-24,2021-08-22,29.0835,39.1305,,negatives.csv,15620,0
mesogeos-neg-15621-2021-08-23,0,no,2021-08-23,2021-07-24,2021-08-22,-7.9602,40.3288,,negatives.csv,15621,2
mesogeos-neg-15622-2021-08-23,0,no,2021-08-23,2021-07-24,2021-08-22,8.51264,34.7505,,negatives.csv,15622,1
mesogeos-neg-15623-2021-08-23,0,no,2021-08-23,2021-07-24,2021-08-22,-0.317849,40.1676,,negatives.csv,15623,8
mesogeos-neg-15624-2021-08-23,0,no,2021-08-23,2021-07-24,2021-08-22,-4.12392,37.3282,,negatives.csv,15624,4
mesogeos-neg-15625-2021-08-23,0,no,2021-08-23,2021-07-24,2021-08-22,-1.06295,34.67,,negatives.csv,15625,8
mesogeos-pos-02955-2021-08-24,1,yes,2021-08-24,2021-07-25,2021-08-23,15.138,37.882,31.0,positives.csv,2955,1
mesogeos-pos-05954-2021-08-24,1,yes,2021-08-24,2021-07-25,2021-08-23,19.075,42.4332,44.0,positives.csv,5954,1
mesogeos-pos-08344-2021-08-24,1,yes,2021-08-24,2021-07-25,2021-08-23,9.74105,37.0664,97.0,positives.csv,8344,1
mesogeos-neg-15626-2021-08-24,0,no,2021-08-24,2021-07-25,2021-08-23,10.9695,44.2657,,negatives.csv,15626,3
mesogeos-neg-15627-2021-08-24,0,no,2021-08-24,2021-07-25,2021-08-23,-5.34227,32.0017,,negatives.csv,15627,6
mesogeos-neg-15628-2021-08-24,0,no,2021-08-24,2021-07-25,2021-08-23,0.0144266,40.7516,,negatives.csv,15628,8
mesogeos-neg-15629-2021-08-24,0,no,2021-08-24,2021-07-25,2021-08-23,-3.25799,37.3584,,negatives.csv,15629,8
mesogeos-neg-15630-2021-08-24,0,no,2021-08-24,2021-07-25,2021-08-23,-6.22834,34.529,,negatives.csv,15630,5
mesogeos-pos-00656-2021-08-25,1,yes,2021-08-25,2021-07-26,2021-08-24,-6.01689,42.111,187.0,positives.csv,656,2
mesogeos-pos-06031-2021-08-25,1,yes,2021-08-25,2021-07-26,2021-08-24,19.9107,40.3086,102.0,positives.csv,6031,1
mesogeos-neg-15631-2021-08-25,0,no,2021-08-25,2021-07-26,2021-08-24,26.959,40.3388,,negatives.csv,15631,2
mesogeos-neg-15632-2021-08-25,0,no,2021-08-25,2021-07-26,2021-08-24,27.9659,37.6403,,negatives.csv,15632,1
mesogeos-neg-15633-2021-08-25,0,no,2021-08-25,2021-07-26,2021-08-24,7.85816,34.821,,negatives.csv,15633,3
mesogeos-neg-15634-2021-08-25,0,no,2021-08-25,2021-07-26,2021-08-24,-6.68144,37.2174,,negatives.csv,15634,1
mesogeos-neg-15635-2021-08-25,0,no,2021-08-25,2021-07-26,2021-08-24,-4.51661,38.8083,,negatives.csv,15635,1
mesogeos-pos-03900-2021-08-26,1,yes,2021-08-26,2021-07-27,2021-08-25,2.6827,42.7957,66.0,positives.csv,3900,8
mesogeos-neg-15636-2021-08-26,0,no,2021-08-26,2021-07-27,2021-08-25,-7.2151,38.2948,,negatives.csv,15636,0
mesogeos-neg-15637-2021-08-26,0,no,2021-08-26,2021-07-27,2021-08-25,0.0144266,34.7606,,negatives.csv,15637,4
mesogeos-neg-15638-2021-08-26,0,no,2021-08-26,2021-07-27,2021-08-25,-1.73757,39.4024,,negatives.csv,15638,1
mesogeos-neg-15639-2021-08-26,0,no,2021-08-26,2021-07-27,2021-08-25,-7.18489,42.0606,,negatives.csv,15639,5
mesogeos-neg-15640-2021-08-26,0,no,2021-08-26,2021-07-27,2021-08-25,6.78078,43.6414,,negatives.csv,15640,4
mesogeos-pos-03080-2021-08-27,1,yes,2021-08-27,2021-07-28,2021-08-26,16.4571,39.926,121.0,positives.csv,3080,8
mesogeos-pos-06675-2021-08-27,1,yes,2021-08-27,2021-07-28,2021-08-26,36.0815,35.838,42.0,positives.csv,6675,3
mesogeos-neg-15641-2021-08-27,0,no,2021-08-27,2021-07-28,2021-08-26,-2.95592,38.8083,,negatives.csv,15641,8
mesogeos-neg-15642-2021-08-27,0,no,2021-08-27,2021-07-28,2021-08-26,-2.81495,39.05,,negatives.csv,15642,4
mesogeos-neg-15643-2021-08-27,0,no,2021-08-27,2021-07-28,2021-08-26,29.6776,40.7013,,negatives.csv,15643,4
mesogeos-neg-15644-2021-08-27,0,no,2021-08-27,2021-07-28,2021-08-26,1.73622,36.281,,negatives.csv,15644,1
mesogeos-neg-15645-2021-08-27,0,no,2021-08-27,2021-07-28,2021-08-26,-8.65496,32.9683,,negatives.csv,15645,3
mesogeos-pos-00657-2021-08-28,1,yes,2021-08-28,2021-07-29,2021-08-27,-7.0842,41.0436,42.0,positives.csv,657,8
mesogeos-neg-15646-2021-08-28,0,no,2021-08-28,2021-07-29,2021-08-27,10.3351,34.6096,,negatives.csv,15646,8
mesogeos-neg-15647-2021-08-28,0,no,2021-08-28,2021-07-29,2021-08-27,-5.84571,42.6849,,negatives.csv,15647,4
mesogeos-neg-15648-2021-08-28,0,no,2021-08-28,2021-07-29,2021-08-27,14.846,38.023,,negatives.csv,15648,4
mesogeos-neg-15649-2021-08-28,0,no,2021-08-28,2021-07-29,2021-08-27,-1.15357,38.4257,,negatives.csv,15649,9
mesogeos-neg-15650-2021-08-28,0,no,2021-08-28,2021-07-29,2021-08-27,-8.04075,39.926,,negatives.csv,15650,4
mesogeos-neg-15651-2021-08-29,0,no,2021-08-29,2021-07-30,2021-08-28,-5.72489,37.8316,,negatives.csv,15651,9
mesogeos-neg-15652-2021-08-29,0,no,2021-08-29,2021-07-30,2021-08-28,-5.98668,38.5566,,negatives.csv,15652,4
mesogeos-neg-15653-2021-08-29,0,no,2021-08-29,2021-07-30,2021-08-28,-3.71109,37.6202,,negatives.csv,15653,1
mesogeos-neg-15654-2021-08-29,0,no,2021-08-29,2021-07-30,2021-08-28,-6.15785,35.0929,,negatives.csv,15654,7
mesogeos-neg-15655-2021-08-29,0,no,2021-08-29,2021-07-30,2021-08-28,-4.1944,36.8852,,negatives.csv,15655,4
mesogeos-neg-15656-2021-08-29,0,no,2021-08-29,2021-07-30,2021-08-28,-4.7784,36.5328,,negatives.csv,15656,3
mesogeos-pos-06513-2021-08-30,1,yes,2021-08-30,2021-07-31,2021-08-29,20.9881,40.7617,30.0,positives.csv,6513,1
mesogeos-neg-15657-2021-08-30,0,no,2021-08-30,2021-07-31,2021-08-29,14.0304,41.2551,,negatives.csv,15657,9
mesogeos-neg-15658-2021-08-30,0,no,2021-08-30,2021-07-31,2021-08-29,29.1138,37.4994,,negatives.csv,15658,8
mesogeos-neg-15659-2021-08-30,0,no,2021-08-30,2021-07-31,2021-08-29,21.9547,39.8555,,negatives.csv,15659,1
mesogeos-neg-15660-2021-08-30,0,no,2021-08-30,2021-07-31,2021-08-29,26.9489,40.3187,,negatives.csv,15660,6
mesogeos-neg-15661-2021-08-30,0,no,2021-08-30,2021-07-31,2021-08-29,31.8727,36.8348,,negatives.csv,15661,1
mesogeos-neg-15662-2021-08-30,0,no,2021-08-30,2021-07-31,2021-08-29,16.3966,41.0336,,negatives.csv,15662,6
mesogeos-pos-03120-2021-08-31,1,yes,2021-08-31,2021-08-01,2021-08-30,14.7051,40.7819,53.0,positives.csv,3120,3
mesogeos-neg-15663-2021-08-31,0,no,2021-08-31,2021-08-01,2021-08-30,-7.33592,31.9111,,negatives.csv,15663,9
mesogeos-neg-15664-2021-08-31,0,no,2021-08-31,2021-08-01,2021-08-30,7.59636,35.9991,,negatives.csv,15664,1
mesogeos-neg-15665-2021-08-31,0,no,2021-08-31,2021-08-01,2021-08-30,-6.3693,37.3081,,negatives.csv,15665,1
mesogeos-neg-15666-2021-08-31,0,no,2021-08-31,2021-08-01,2021-08-30,20.968,32.0823,,negatives.csv,15666,1
mesogeos-neg-15667-2021-08-31,0,no,2021-08-31,2021-08-01,2021-08-30,29.3453,38.6271,,negatives.csv,15667,3
mesogeos-pos-03119-2021-09-01,1,yes,2021-09-01,2021-08-02,2021-08-31,13.5169,37.449,99.0,positives.csv,3119,7
mesogeos-pos-04826-2021-09-01,1,yes,2021-09-01,2021-08-02,2021-08-31,23.9786,41.0235,508.0,positives.csv,4826,0
mesogeos-pos-06512-2021-09-01,1,yes,2021-09-01,2021-08-02,2021-08-31,20.8371,40.9027,463.0,positives.csv,6512,9
mesogeos-pos-08440-2021-09-01,1,yes,2021-09-01,2021-08-02,2021-08-31,9.72092,37.298,70.0,positives.csv,8440,2
mesogeos-neg-15668-2021-09-01,0,no,2021-09-01,2021-08-02,2021-08-31,30.755,39.8958,,negatives.csv,15668,0
mesogeos-neg-15669-2021-09-01,0,no,2021-09-01,2021-08-02,2021-08-31,-0.579643,40.4194,,negatives.csv,15669,9
mesogeos-neg-15670-2021-09-01,0,no,2021-09-01,2021-08-02,2021-08-31,35.7693,33.8242,,negatives.csv,15670,3
mesogeos-neg-15671-2021-09-01,0,no,2021-09-01,2021-08-02,2021-08-31,-6.34916,37.7914,,negatives.csv,15671,8
mesogeos-neg-15672-2021-09-01,0,no,2021-09-01,2021-08-02,2021-08-31,-5.50337,37.8719,,negatives.csv,15672,5
mesogeos-neg-15673-2021-09-01,0,no,2021-09-01,2021-08-02,2021-08-31,21.9849,39.8354,,negatives.csv,15673,3
mesogeos-pos-04827-2021-09-02,1,yes,2021-09-02,2021-08-03,2021-09-01,27.5631,37.0261,59.0,positives.csv,4827,3
mesogeos-neg-15674-2021-09-02,0,no,2021-09-02,2021-08-03,2021-09-01,32.3157,36.4019,,negatives.csv,15674,5
mesogeos-neg-15675-2021-09-02,0,no,2021-09-02,2021-08-03,2021-09-01,9.55981,36.7643,,negatives.csv,15675,7
mesogeos-neg-15676-2021-09-02,0,no,2021-09-02,2021-08-03,2021-09-01,-2.53302,39.8756,,negatives.csv,15676,9
mesogeos-neg-15677-2021-09-02,0,no,2021-09-02,2021-08-03,2021-09-01,-0.70047,34.7807,,negatives.csv,15677,9
mesogeos-neg-15678-2021-09-02,0,no,2021-09-02,2021-08-03,2021-09-01,-5.73496,37.5396,,negatives.csv,15678,6
mesogeos-neg-15679-2021-09-03,0,no,2021-09-03,2021-08-04,2021-09-02,5.38119,43.9234,,negatives.csv,15679,2
mesogeos-neg-15680-2021-09-03,0,no,2021-09-03,2021-08-04,2021-09-02,8.0696,35.4554,,negatives.csv,15680,0
mesogeos-neg-15681-2021-09-03,0,no,2021-09-03,2021-08-04,2021-09-02,-5.08047,40.359,,negatives.csv,15681,9
mesogeos-neg-15682-2021-09-03,0,no,2021-09-03,2021-08-04,2021-09-02,11.2816,42.997,,negatives.csv,15682,9
mesogeos-neg-15683-2021-09-03,0,no,2021-09-03,2021-08-04,2021-09-02,-6.78213,41.0537,,negatives.csv,15683,1
mesogeos-neg-15684-2021-09-03,0,no,2021-09-03,2021-08-04,2021-09-02,-1.92888,41.6981,,negatives.csv,15684,0
mesogeos-neg-15685-2021-09-04,0,no,2021-09-04,2021-08-05,2021-09-03,-3.79164,36.8046,,negatives.csv,15685,7
mesogeos-neg-15686-2021-09-04,0,no,2021-09-04,2021-08-05,2021-09-03,9.01609,40.4395,,negatives.csv,15686,9
mesogeos-neg-15687-2021-09-04,0,no,2021-09-04,2021-08-05,2021-09-03,-6.14778,33.5423,,negatives.csv,15687,6
mesogeos-neg-15688-2021-09-04,0,no,2021-09-04,2021-08-05,2021-09-03,-5.7853,41.4766,,negatives.csv,15688,4
mesogeos-neg-15689-2021-09-04,0,no,2021-09-04,2021-08-05,2021-09-03,-0.982402,40.067,,negatives.csv,15689,8
mesogeos-neg-15690-2021-09-05,0,no,2021-09-05,2021-08-06,2021-09-04,6.04574,44.3362,,negatives.csv,15690,8
mesogeos-neg-15691-2021-09-05,0,no,2021-09-05,2021-08-06,2021-09-04,-4.94958,33.7134,,negatives.csv,15691,4
mesogeos-neg-15692-2021-09-05,0,no,2021-09-05,2021-08-06,2021-09-04,22.5991,37.59,,negatives.csv,15692,2
mesogeos-neg-15693-2021-09-05,0,no,2021-09-05,2021-08-06,2021-09-04,-0.861574,42.2016,,negatives.csv,15693,0
mesogeos-neg-15694-2021-09-05,0,no,2021-09-05,2021-08-06,2021-09-04,5.59264,43.873,,negatives.csv,15694,5
mesogeos-neg-15695-2021-09-05,0,no,2021-09-05,2021-08-06,2021-09-04,8.53278,35.989,,negatives.csv,15695,7
mesogeos-pos-01598-2021-09-06,1,yes,2021-09-06,2021-08-07,2021-09-05,-7.32585,42.4634,1792.0,positives.csv,1598,0
mesogeos-pos-08443-2021-09-06,1,yes,2021-09-06,2021-08-07,2021-09-05,9.17719,36.5227,66.0,positives.csv,8443,0
mesogeos-neg-15696-2021-09-06,0,no,2021-09-06,2021-08-07,2021-09-05,9.19733,40.4395,,negatives.csv,15696,7
mesogeos-neg-15697-2021-09-06,0,no,2021-09-06,2021-08-07,2021-09-05,-5.83565,37.2275,,negatives.csv,15697,2
mesogeos-neg-15698-2021-09-06,0,no,2021-09-06,2021-08-07,2021-09-05,-8.69523,38.466,,negatives.csv,15698,3
mesogeos-neg-15699-2021-09-06,0,no,2021-09-06,2021-08-07,2021-09-05,6.14643,35.6265,,negatives.csv,15699,8
mesogeos-neg-15700-2021-09-06,0,no,2021-09-06,2021-08-07,2021-09-05,-3.11702,42.1613,,negatives.csv,15700,2
mesogeos-pos-03705-2021-09-07,1,yes,2021-09-07,2021-08-08,2021-09-06,15.1682,40.5603,39.0,positives.csv,3705,2
mesogeos-pos-08442-2021-09-07,1,yes,2021-09-07,2021-08-08,2021-09-06,2.73305,36.0293,47.0,positives.csv,8442,1
mesogeos-neg-15701-2021-09-07,0,no,2021-09-07,2021-08-08,2021-09-06,-1.06295,41.094,,negatives.csv,15701,4
mesogeos-neg-15702-2021-09-07,0,no,2021-09-07,2021-08-08,2021-09-06,27.9256,39.1104,,negatives.csv,15702,6
mesogeos-neg-15703-2021-09-07,0,no,2021-09-07,2021-08-08,2021-09-06,22.6293,37.5094,,negatives.csv,15703,8
mesogeos-neg-15704-2021-09-07,0,no,2021-09-07,2021-08-08,2021-09-06,6.1565,43.4199,,negatives.csv,15704,2
mesogeos-neg-15705-2021-09-07,0,no,2021-09-07,2021-08-08,2021-09-06,2.3907,43.1078,,negatives.csv,15705,8
mesogeos-pos-04432-2021-09-08,1,yes,2021-09-08,2021-08-09,2021-09-07,-5.18116,36.5227,9296.0,positives.csv,4432,6
mesogeos-pos-06699-2021-09-08,1,yes,2021-09-08,2021-08-09,2021-09-07,35.8499,34.2874,37.0,positives.csv,6699,8
mesogeos-neg-15706-2021-09-08,0,no,2021-09-08,2021-08-09,2021-09-07,20.2329,41.0537,,negatives.csv,15706,0
mesogeos-neg-15707-2021-09-08,0,no,2021-09-08,2021-08-09,2021-09-07,16.296,39.3823,,negatives.csv,15707,2
mesogeos-neg-15708-2021-09-08,0,no,2021-09-08,2021-08-09,2021-09-07,-2.7344,37.9928,,negatives.csv,15708,8
mesogeos-neg-15709-2021-09-08,0,no,2021-09-08,2021-08-09,2021-09-07,30.171,40.1475,,negatives.csv,15709,6
mesogeos-neg-15710-2021-09-08,0,no,2021-09-08,2021-08-09,2021-09-07,17.8063,42.987,,negatives.csv,15710,4
mesogeos-pos-03706-2021-09-09,1,yes,2021-09-09,2021-08-10,2021-09-08,13.5169,41.3054,60.0,positives.csv,3706,5
mesogeos-pos-03707-2021-09-09,1,yes,2021-09-09,2021-08-10,2021-09-08,15.2186,41.3054,156.0,positives.csv,3707,5
mesogeos-pos-04830-2021-09-09,1,yes,2021-09-09,2021-08-10,2021-09-08,29.3755,36.3213,60.0,positives.csv,4830,2
mesogeos-pos-08441-2021-09-09,1,yes,2021-09-09,2021-08-10,2021-09-08,2.75319,36.0092,31.0,positives.csv,8441,5
mesogeos-neg-15711-2021-09-09,0,no,2021-09-09,2021-08-10,2021-09-08,-0.40847,34.7304,,negatives.csv,15711,6
mesogeos-neg-15712-2021-09-09,0,no,2021-09-09,2021-08-10,2021-09-08,-5.74503,36.5932,,negatives.csv,15712,8
mesogeos-neg-15713-2021-09-09,0,no,2021-09-09,2021-08-10,2021-09-08,1.62546,41.4665,,negatives.csv,15713,5
mesogeos-neg-15714-2021-09-09,0,no,2021-09-09,2021-08-10,2021-09-08,30.9463,37.2879,,negatives.csv,15714,8
mesogeos-neg-15715-2021-09-09,0,no,2021-09-09,2021-08-10,2021-09-08,-3.47951,35.1634,,negatives.csv,15715,1
mesogeos-neg-15716-2021-09-09,0,no,2021-09-09,2021-08-10,2021-09-08,-6.6613,38.0431,,negatives.csv,15716,1
mesogeos-neg-15717-2021-09-10,0,no,2021-09-10,2021-08-11,2021-09-09,15.2085,40.5503,,negatives.csv,15717,1
mesogeos-neg-15718-2021-09-10,0,no,2021-09-10,2021-08-11,2021-09-09,0.799806,41.1745,,negatives.csv,15718,2
mesogeos-neg-15719-2021-09-10,0,no,2021-09-10,2021-08-11,2021-09-09,22.72,37.8316,,negatives.csv,15719,8
mesogeos-neg-15720-2021-09-10,0,no,2021-09-10,2021-08-11,2021-09-09,13.8995,32.6663,,negatives.csv,15720,1
mesogeos-neg-15721-2021-09-10,0,no,2021-09-10,2021-08-11,2021-09-09,21.9346,37.7914,,negatives.csv,15721,9
mesogeos-neg-15722-2021-09-11,0,no,2021-09-11,2021-08-12,2021-09-10,12.9631,43.581,,negatives.csv,15722,2
mesogeos-neg-15723-2021-09-11,0,no,2021-09-11,2021-08-12,2021-09-10,-1.96916,39.3319,,negatives.csv,15723,0
mesogeos-neg-15724-2021-09-11,0,no,2021-09-11,2021-08-12,2021-09-10,34.1986,36.6939,,negatives.csv,15724,0
mesogeos-neg-15725-2021-09-11,0,no,2021-09-11,2021-08-12,2021-09-10,34.8027,37.3181,,negatives.csv,15725,8
mesogeos-neg-15726-2021-09-11,0,no,2021-09-11,2021-08-12,2021-09-10,5.96519,35.2036,,negatives.csv,15726,6
mesogeos-neg-15727-2021-09-12,0,no,2021-09-12,2021-08-13,2021-09-11,6.59953,43.5005,,negatives.csv,15727,5
mesogeos-neg-15728-2021-09-12,0,no,2021-09-12,2021-08-13,2021-09-11,15.9234,40.1374,,negatives.csv,15728,7
mesogeos-neg-15729-2021-09-12,0,no,2021-09-12,2021-08-13,2021-09-11,9.64036,36.5126,,negatives.csv,15729,8
mesogeos-neg-15730-2021-09-12,0,no,2021-09-12,2021-08-13,2021-09-11,11.7448,42.6547,,negatives.csv,15730,8
mesogeos-neg-15731-2021-09-12,0,no,2021-09-12,2021-08-13,2021-09-11,24.4418,41.0638,,negatives.csv,15731,2
mesogeos-neg-15732-2021-09-12,0,no,2021-09-12,2021-08-13,2021-09-11,36.0211,33.8343,,negatives.csv,15732,5
mesogeos-pos-03708-2021-09-13,1,yes,2021-09-13,2021-08-14,2021-09-12,14.0808,42.2016,108.0,positives.csv,3708,2
mesogeos-pos-06036-2021-09-13,1,yes,2021-09-13,2021-08-14,2021-09-12,18.199,42.7856,1786.0,positives.csv,6036,9
mesogeos-neg-15733-2021-09-13,0,no,2021-09-13,2021-08-14,2021-09-12,14.1311,41.0336,,negatives.csv,15733,2
mesogeos-neg-15734-2021-09-13,0,no,2021-09-13,2021-08-14,2021-09-12,3.51843,43.8227,,negatives.csv,15734,7
mesogeos-neg-15735-2021-09-13,0,no,2021-09-13,2021-08-14,2021-09-12,15.712,41.7384,,negatives.csv,15735,2
mesogeos-neg-15736-2021-09-13,0,no,2021-09-13,2021-08-14,2021-09-12,-1.2744,41.97,,negatives.csv,15736,0
mesogeos-neg-15737-2021-09-13,0,no,2021-09-13,2021-08-14,2021-09-12,-7.36613,32.0823,,negatives.csv,15737,5
mesogeos-neg-15738-2021-09-13,0,no,2021-09-13,2021-08-14,2021-09-12,12.218,43.7119,,negatives.csv,15738,9
mesogeos-pos-06037-2021-09-14,1,yes,2021-09-14,2021-08-15,2021-09-13,16.0543,43.9334,77.0,positives.csv,6037,6
mesogeos-neg-15739-2021-09-14,0,no,2021-09-14,2021-08-15,2021-09-13,1.57512,35.8279,,negatives.csv,15739,8
mesogeos-neg-15740-2021-09-14,0,no,2021-09-14,2021-08-15,2021-09-13,21.5419,40.218,,negatives.csv,15740,2
mesogeos-neg-15741-2021-09-14,0,no,2021-09-14,2021-08-15,2021-09-13,21.5117,38.6372,,negatives.csv,15741,3
mesogeos-neg-15742-2021-09-14,0,no,2021-09-14,2021-08-15,2021-09-13,6.30753,43.8428,,negatives.csv,15742,9
mesogeos-neg-15743-2021-09-14,0,no,2021-09-14,2021-08-15,2021-09-13,-6.16792,41.6478,,negatives.csv,15743,6
mesogeos-pos-06515-2021-09-15,1,yes,2021-09-15,2021-08-16,2021-09-14,20.2229,41.3457,41.0,positives.csv,6515,9
mesogeos-pos-06516-2021-09-15,1,yes,2021-09-15,2021-08-16,2021-09-14,20.5753,40.8423,193.0,positives.csv,6516,1
mesogeos-neg-15744-2021-09-15,0,no,2021-09-15,2021-08-16,2021-09-14,14.5037,37.2678,,negatives.csv,15744,9
mesogeos-neg-15745-2021-09-15,0,no,2021-09-15,2021-08-16,2021-09-14,-2.97606,37.7712,,negatives.csv,15745,2
mesogeos-neg-15746-2021-09-15,0,no,2021-09-15,2021-08-16,2021-09-14,22.0655,39.1104,,negatives.csv,15746,5
mesogeos-neg-15747-2021-09-15,0,no,2021-09-15,2021-08-16,2021-09-14,-0.710539,39.8253,,negatives.csv,15747,2
mesogeos-neg-15748-2021-09-15,0,no,2021-09-15,2021-08-16,2021-09-14,5.45167,44.6785,,negatives.csv,15748,2
mesogeos-pos-03122-2021-09-16,1,yes,2021-09-16,2021-08-17,2021-09-15,13.6377,37.5699,303.0,positives.csv,3122,4
mesogeos-pos-03123-2021-09-16,1,yes,2021-09-16,2021-08-17,2021-09-15,13.668,37.5094,211.0,positives.csv,3123,3
mesogeos-pos-03709-2021-09-16,1,yes,2021-09-16,2021-08-17,2021-09-15,13.8794,42.2217,116.0,positives.csv,3709,1
mesogeos-pos-06694-2021-09-16,1,yes,2021-09-16,2021-08-17,2021-09-15,34.9034,32.4246,43.0,positives.csv,6694,9
mesogeos-pos-08444-2021-09-16,1,yes,2021-09-16,2021-08-17,2021-09-15,8.85498,36.2911,142.0,positives.csv,8444,2
mesogeos-neg-15749-2021-09-16,0,no,2021-09-16,2021-08-17,2021-09-15,5.60271,43.2185,,negatives.csv,15749,1
mesogeos-neg-15750-2021-09-16,0,no,2021-09-16,2021-08-17,2021-09-15,-2.65385,37.7209,,negatives.csv,15750,5
mesogeos-neg-15751-2021-09-16,0,no,2021-09-16,2021-08-17,2021-09-15,-4.58709,40.0972,,negatives.csv,15751,3
mesogeos-neg-15752-2021-09-16,0,no,2021-09-16,2021-08-17,2021-09-15,-4.12392,38.1539,,negatives.csv,15752,3
mesogeos-neg-15753-2021-09-16,0,no,2021-09-16,2021-08-17,2021-09-15,-1.36502,42.121,,negatives.csv,15753,5
mesogeos-pos-03125-2021-09-17,1,yes,2021-09-17,2021-08-18,2021-09-16,15.138,37.8719,48.0,positives.csv,3125,2
mesogeos-pos-06514-2021-09-17,1,yes,2021-09-17,2021-08-18,2021-09-16,20.6055,40.943,31.0,positives.csv,6514,2
mesogeos-neg-15754-2021-09-17,0,no,2021-09-17,2021-08-18,2021-09-16,11.4628,43.5408,,negatives.csv,15754,0
mesogeos-neg-15755-2021-09-17,0,no,2021-09-17,2021-08-18,2021-09-16,-4.85896,42.7554,,negatives.csv,15755,8
mesogeos-neg-15756-2021-09-17,0,no,2021-09-17,2021-08-18,2021-09-16,27.7645,37.8115,,negatives.csv,15756,7
mesogeos-neg-15757-2021-09-17,0,no,2021-09-17,2021-08-18,2021-09-16,-6.96337,37.9424,,negatives.csv,15757,6
mesogeos-neg-15758-2021-09-17,0,no,2021-09-17,2021-08-18,2021-09-16,28.5197,37.147,,negatives.csv,15758,1
mesogeos-neg-15759-2021-09-17,0,no,2021-09-17,2021-08-18,2021-09-16,19.9309,40.0368,,negatives.csv,15759,9
mesogeos-pos-03124-2021-09-18,1,yes,2021-09-18,2021-08-19,2021-09-17,13.6478,37.4792,100.0,positives.csv,3124,0
mesogeos-neg-15760-2021-09-18,0,no,2021-09-18,2021-08-19,2021-09-17,5.36105,44.2456,,negatives.csv,15760,6
mesogeos-neg-15761-2021-09-18,0,no,2021-09-18,2021-08-19,2021-09-17,-3.37882,38.5365,,negatives.csv,15761,6
mesogeos-neg-15762-2021-09-18,0,no,2021-09-18,2021-08-19,2021-09-17,-1.89868,38.7781,,negatives.csv,15762,9
mesogeos-neg-15763-2021-09-18,0,no,2021-09-18,2021-08-19,2021-09-17,35.7089,32.5756,,negatives.csv,15763,8
mesogeos-neg-15764-2021-09-18,0,no,2021-09-18,2021-08-19,2021-09-17,-5.14089,33.7839,,negatives.csv,15764,0
mesogeos-neg-15765-2021-09-18,0,no,2021-09-18,2021-08-19,2021-09-17,3.18615,39.5031,,negatives.csv,15765,6
mesogeos-pos-04973-2021-09-19,1,yes,2021-09-19,2021-08-20,2021-09-18,32.4667,34.9318,530.0,positives.csv,4973,9
mesogeos-neg-15766-2021-09-19,0,no,2021-09-19,2021-08-20,2021-09-18,3.13581,43.7321,,negatives.csv,15766,1
mesogeos-neg-15767-2021-09-19,0,no,2021-09-19,2021-08-20,2021-09-18,25.2473,35.2439,,negatives.csv,15767,4
mesogeos-neg-15768-2021-09-19,0,no,2021-09-19,2021-08-20,2021-09-18,0.397048,34.6901,,negatives.csv,15768,8
mesogeos-neg-15769-2021-09-19,0,no,2021-09-19,2021-08-20,2021-09-18,-6.42972,39.2111,,negatives.csv,15769,9
mesogeos-neg-15770-2021-09-19,0,no,2021-09-19,2021-08-20,2021-09-18,8.50257,36.3213,,negatives.csv,15770,6
mesogeos-neg-15771-2021-09-19,0,no,2021-09-19,2021-08-20,2021-09-18,0.195668,40.9631,,negatives.csv,15771,7
mesogeos-neg-15772-2021-09-20,0,no,2021-09-20,2021-08-21,2021-09-19,22.2568,37.8316,,negatives.csv,15772,9
mesogeos-neg-15773-2021-09-20,0,no,2021-09-20,2021-08-21,2021-09-19,9.19733,40.1475,,negatives.csv,15773,9
mesogeos-neg-15774-2021-09-20,0,no,2021-09-20,2021-08-21,2021-09-19,8.15016,36.6133,,negatives.csv,15774,5
mesogeos-neg-15775-2021-09-20,0,no,2021-09-20,2021-08-21,2021-09-19,16.2154,39.9159,,negatives.csv,15775,4
mesogeos-neg-15776-2021-09-20,0,no,2021-09-20,2021-08-21,2021-09-19,14.252,37.5396,,negatives.csv,15776,8
mesogeos-neg-15777-2021-09-20,0,no,2021-09-20,2021-08-21,2021-09-19,4.37429,35.2943,,negatives.csv,15777,7
mesogeos-pos-03710-2021-09-21,1,yes,2021-09-21,2021-08-22,2021-09-20,16.588,40.3791,241.0,positives.csv,3710,5
mesogeos-neg-15778-2021-09-21,0,no,2021-09-21,2021-08-22,2021-09-20,20.2027,42.0304,,negatives.csv,15778,6
mesogeos-neg-15779-2021-09-21,0,no,2021-09-21,2021-08-22,2021-09-20,-7.98034,39.7448,,negatives.csv,15779,7
mesogeos-neg-15780-2021-09-21,0,no,2021-09-21,2021-08-22,2021-09-20,-2.37192,42.4734,,negatives.csv,15780,9
mesogeos-neg-15781-2021-09-21,0,no,2021-09-21,2021-08-22,2021-09-20,20.4645,40.7617,,negatives.csv,15781,9
mesogeos-neg-15782-2021-09-21,0,no,2021-09-21,2021-08-22,2021-09-20,-9.09799,30.8236,,negatives.csv,15782,1
mesogeos-neg-15783-2021-09-22,0,no,2021-09-22,2021-08-23,2021-09-21,9.98271,34.7002,,negatives.csv,15783,4
mesogeos-neg-15784-2021-09-22,0,no,2021-09-22,2021-08-23,2021-09-21,-1.8584,38.5264,,negatives.csv,15784,8
mesogeos-neg-15785-2021-09-22,0,no,2021-09-22,2021-08-23,2021-09-21,-0.962264,42.5943,,negatives.csv,15785,3
mesogeos-neg-15786-2021-09-22,0,no,2021-09-22,2021-08-23,2021-09-21,31.5605,37.5699,,negatives.csv,15786,6
mesogeos-neg-15787-2021-09-22,0,no,2021-09-22,2021-08-23,2021-09-21,-2.50282,40.8624,,negatives.csv,15787,4
mesogeos-neg-15788-2021-09-22,0,no,2021-09-22,2021-08-23,2021-09-21,22.1964,39.3823,,negatives.csv,15788,1
mesogeos-pos-04797-2021-09-23,1,yes,2021-09-23,2021-08-24,2021-09-22,29.3655,36.3314,56.0,positives.csv,4797,8
mesogeos-pos-06038-2021-09-23,1,yes,2021-09-23,2021-08-24,2021-09-22,19.7093,41.5169,41.0,positives.csv,6038,7
mesogeos-neg-15789-2021-09-23,0,no,2021-09-23,2021-08-24,2021-09-22,1.13208,34.8412,,negatives.csv,15789,7
mesogeos-neg-15790-2021-09-23,0,no,2021-09-23,2021-08-24,2021-09-22,4.19305,36.1199,,negatives.csv,15790,1
mesogeos-neg-15791-2021-09-23,0,no,2021-09-23,2021-08-24,2021-09-22,28.9829,37.006,,negatives.csv,15791,2
mesogeos-neg-15792-2021-09-23,0,no,2021-09-23,2021-08-24,2021-09-22,-6.38944,40.2381,,negatives.csv,15792,2
mesogeos-neg-15793-2021-09-23,0,no,2021-09-23,2021-08-24,2021-09-22,-3.78158,41.1443,,negatives.csv,15793,4
mesogeos-neg-15794-2021-09-23,0,no,2021-09-23,2021-08-24,2021-09-22,28.0968,37.5094,,negatives.csv,15794,8
mesogeos-neg-15795-2021-09-24,0,no,2021-09-24,2021-08-25,2021-09-23,0.739393,41.6981,,negatives.csv,15795,9
mesogeos-neg-15796-2021-09-24,0,no,2021-09-24,2021-08-25,2021-09-23,29.6978,38.4056,,negatives.csv,15796,0
mesogeos-neg-15797-2021-09-24,0,no,2021-09-24,2021-08-25,2021-09-23,31.5907,39.4729,,negatives.csv,15797,7
mesogeos-neg-15798-2021-09-24,0,no,2021-09-24,2021-08-25,2021-09-23,-1.9893,40.8725,,negatives.csv,15798,0
mesogeos-neg-15799-2021-09-24,0,no,2021-09-24,2021-08-25,2021-09-23,-0.579643,42.4936,,negatives.csv,15799,2
mesogeos-pos-03126-2021-09-25,1,yes,2021-09-25,2021-08-26,2021-09-24,13.1041,37.7108,109.0,positives.csv,3126,8
mesogeos-pos-06517-2021-09-25,1,yes,2021-09-25,2021-08-26,2021-09-24,20.4444,40.5603,85.0,positives.csv,6517,0
mesogeos-neg-15800-2021-09-25,0,no,2021-09-25,2021-08-26,2021-09-24,22.2568,37.6303,,negatives.csv,15800,9
mesogeos-neg-15801-2021-09-25,0,no,2021-09-25,2021-08-26,2021-09-24,-5.83565,42.2117,,negatives.csv,15801,7
mesogeos-neg-15802-2021-09-25,0,no,2021-09-25,2021-08-26,2021-09-24,35.8096,32.9583,,negatives.csv,15802,0
mesogeos-neg-15803-2021-09-25,0,no,2021-09-25,2021-08-26,2021-09-24,-3.96282,34.6499,,negatives.csv,15803,9
mesogeos-neg-15804-2021-09-25,0,no,2021-09-25,2021-08-26,2021-09-24,12.8624,32.5354,,negatives.csv,15804,1
mesogeos-pos-06700-2021-09-26,1,yes,2021-09-26,2021-08-27,2021-09-25,35.3867,33.1999,51.0,positives.csv,6700,3
mesogeos-neg-15805-2021-09-26,0,no,2021-09-26,2021-08-27,2021-09-25,16.9907,39.2816,,negatives.csv,15805,7
mesogeos-neg-15806-2021-09-26,0,no,2021-09-26,2021-08-27,2021-09-25,21.4513,39.2916,,negatives.csv,15806,9
mesogeos-neg-15807-2021-09-26,0,no,2021-09-26,2021-08-27,2021-09-25,3.64933,36.5126,,negatives.csv,15807,9
mesogeos-neg-15808-2021-09-26,0,no,2021-09-26,2021-08-27,2021-09-25,15.2991,41.0235,,negatives.csv,15808,2
mesogeos-neg-15809-2021-09-26,0,no,2021-09-26,2021-08-27,2021-09-25,-8.66503,40.0267,,negatives.csv,15809,5
mesogeos-pos-06039-2021-09-27,1,yes,2021-09-27,2021-08-28,2021-09-26,19.9006,40.5301,53.0,positives.csv,6039,5
mesogeos-neg-15810-2021-09-27,0,no,2021-09-27,2021-08-28,2021-09-26,-6.9533,37.4994,,negatives.csv,15810,4
mesogeos-neg-15811-2021-09-27,0,no,2021-09-27,2021-08-28,2021-09-26,-7.89979,30.723,,negatives.csv,15811,9
mesogeos-neg-15812-2021-09-27,0,no,2021-09-27,2021-08-28,2021-09-26,27.3718,39.3118,,negatives.csv,15812,7
mesogeos-neg-15813-2021-09-27,0,no,2021-09-27,2021-08-28,2021-09-26,2.89415,35.4956,,negatives.csv,15813,4
mesogeos-neg-15814-2021-09-27,0,no,2021-09-27,2021-08-28,2021-09-26,-7.01372,38.0733,,negatives.csv,15814,8
mesogeos-neg-15815-2021-09-27,0,no,2021-09-27,2021-08-28,2021-09-26,30.1509,39.7347,,negatives.csv,15815,1
mesogeos-neg-15816-2021-09-28,0,no,2021-09-28,2021-08-29,2021-09-27,9.72092,36.3515,,negatives.csv,15816,3
mesogeos-neg-15817-2021-09-28,0,no,2021-09-28,2021-08-29,2021-09-27,5.32077,35.7977,,negatives.csv,15817,4
mesogeos-neg-15818-2021-09-28,0,no,2021-09-28,2021-08-29,2021-09-27,-3.30833,37.2577,,negatives.csv,15818,5
mesogeos-neg-15819-2021-09-28,0,no,2021-09-28,2021-08-29,2021-09-27,-1.45564,41.4162,,negatives.csv,15819,6
mesogeos-neg-15820-2021-09-28,0,no,2021-09-28,2021-08-29,2021-09-27,-4.66765,42.262,,negatives.csv,15820,3
mesogeos-neg-15821-2021-09-28,0,no,2021-09-28,2021-08-29,2021-09-27,30.1207,38.7681,,negatives.csv,15821,3
mesogeos-pos-06197-2021-09-29,1,yes,2021-09-29,2021-08-30,2021-09-28,30.7852,38.4056,713.0,positives.csv,6197,3
mesogeos-pos-06205-2021-09-29,1,yes,2021-09-29,2021-08-30,2021-09-28,30.0502,38.1941,47.0,positives.csv,6205,0
mesogeos-neg-15822-2021-09-29,0,no,2021-09-29,2021-08-30,2021-09-28,9.16712,40.1576,,negatives.csv,15822,8
mesogeos-neg-15823-2021-09-29,0,no,2021-09-29,2021-08-30,2021-09-28,15.9637,40.1878,,negatives.csv,15823,4
mesogeos-neg-15824-2021-09-29,0,no,2021-09-29,2021-08-30,2021-09-28,-3.18751,39.7045,,negatives.csv,15824,5
mesogeos-neg-15825-2021-09-29,0,no,2021-09-29,2021-08-30,2021-09-28,3.00491,42.4835,,negatives.csv,15825,0
mesogeos-neg-15826-2021-09-29,0,no,2021-09-29,2021-08-30,2021-09-28,18.9944,42.413,,negatives.csv,15826,5
mesogeos-neg-15827-2021-09-29,0,no,2021-09-29,2021-08-30,2021-09-28,22.5991,38.9694,,negatives.csv,15827,4
mesogeos-pos-02952-2021-09-30,1,yes,2021-09-30,2021-08-31,2021-09-29,9.04629,39.4326,93.0,positives.csv,2952,8
mesogeos-pos-03127-2021-09-30,1,yes,2021-09-30,2021-08-31,2021-09-29,13.1343,37.7108,47.0,positives.csv,3127,8
mesogeos-pos-03128-2021-09-30,1,yes,2021-09-30,2021-08-31,2021-09-29,14.0103,37.2074,72.0,positives.csv,3128,5
mesogeos-pos-03711-2021-09-30,1,yes,2021-09-30,2021-08-31,2021-09-29,15.1884,41.3054,95.0,positives.csv,3711,5
mesogeos-neg-15828-2021-09-30,0,no,2021-09-30,2021-08-31,2021-09-29,-6.58075,42.0606,,negatives.csv,15828,9
mesogeos-neg-15829-2021-09-30,0,no,2021-09-30,2021-08-31,2021-09-29,-0.750815,41.1645,,negatives.csv,15829,5
mesogeos-neg-15830-2021-09-30,0,no,2021-09-30,2021-08-31,2021-09-29,-3.8722,37.2376,,negatives.csv,15830,0
mesogeos-neg-15831-2021-09-30,0,no,2021-09-30,2021-08-31,2021-09-29,17.6452,42.987,,negatives.csv,15831,4
mesogeos-neg-15832-2021-09-30,0,no,2021-09-30,2021-08-31,2021-09-29,-4.9093,41.1745,,negatives.csv,15832,5
mesogeos-pos-06040-2021-10-01,1,yes,2021-10-01,2021-09-01,2021-09-30,17.9775,43.0373,71.0,positives.csv,6040,2
mesogeos-neg-15833-2021-10-01,0,no,2021-10-01,2021-09-01,2021-09-30,-7.56751,32.1024,,negatives.csv,15833,9
mesogeos-neg-15834-2021-10-01,0,no,2021-10-01,2021-09-01,2021-09-30,-4.97978,34.1967,,negatives.csv,15834,7
mesogeos-neg-15835-2021-10-01,0,no,2021-10-01,2021-09-01,2021-09-30,-5.54365,36.271,,negatives.csv,15835,5
mesogeos-neg-15836-2021-10-01,0,no,2021-10-01,2021-09-01,2021-09-30,-3.22778,41.1141,,negatives.csv,15836,3
mesogeos-neg-15837-2021-10-01,0,no,2021-10-01,2021-09-01,2021-09-30,-6.31896,38.5768,,negatives.csv,15837,0
mesogeos-neg-15838-2021-10-01,0,no,2021-10-01,2021-09-01,2021-09-30,-1.04282,40.3489,,negatives.csv,15838,6
mesogeos-neg-15839-2021-10-02,0,no,2021-10-02,2021-09-02,2021-10-01,-0.629988,38.8688,,negatives.csv,15839,6
mesogeos-neg-15840-2021-10-02,0,no,2021-10-02,2021-09-02,2021-10-01,17.2726,43.2488,,negatives.csv,15840,6
mesogeos-neg-15841-2021-10-02,0,no,2021-10-02,2021-09-02,2021-10-01,-7.86958,38.7076,,negatives.csv,15841,7
mesogeos-neg-15842-2021-10-02,0,no,2021-10-02,2021-09-02,2021-10-01,12.4899,42.1009,,negatives.csv,15842,0
mesogeos-neg-15843-2021-10-02,0,no,2021-10-02,2021-09-02,2021-10-01,-4.3253,38.0431,,negatives.csv,15843,0
mesogeos-neg-15844-2021-10-03,0,no,2021-10-03,2021-09-03,2021-10-02,-6.04709,40.0972,,negatives.csv,15844,2
mesogeos-neg-15845-2021-10-03,0,no,2021-10-03,2021-09-03,2021-10-02,23.5355,40.7718,,negatives.csv,15845,7
mesogeos-neg-15846-2021-10-03,0,no,2021-10-03,2021-09-03,2021-10-02,23.1026,40.9732,,negatives.csv,15846,4
mesogeos-neg-15847-2021-10-03,0,no,2021-10-03,2021-09-03,2021-10-02,31.772,37.2074,,negatives.csv,15847,3
mesogeos-neg-15848-2021-10-03,0,no,2021-10-03,2021-09-03,2021-10-02,15.9133,40.6107,,negatives.csv,15848,7
mesogeos-neg-15849-2021-10-03,0,no,2021-10-03,2021-09-03,2021-10-02,13.8794,45.2928,,negatives.csv,15849,1
mesogeos-neg-15850-2021-10-04,0,no,2021-10-04,2021-09-04,2021-10-03,12.7013,37.9525,,negatives.csv,15850,8
mesogeos-neg-15851-2021-10-04,0,no,2021-10-04,2021-09-04,2021-10-03,-5.71482,35.1533,,negatives.csv,15851,4
mesogeos-neg-15852-2021-10-04,0,no,2021-10-04,2021-09-04,2021-10-03,3.02505,36.4925,,negatives.csv,15852,5
mesogeos-neg-15853-2021-10-04,0,no,2021-10-04,2021-09-04,2021-10-03,-4.42599,36.8449,,negatives.csv,15853,6
mesogeos-neg-15854-2021-10-04,0,no,2021-10-04,2021-09-04,2021-10-03,-6.44985,33.5926,,negatives.csv,15854,4
mesogeos-neg-15855-2021-10-05,0,no,2021-10-05,2021-09-05,2021-10-04,-6.39951,33.2603,,negatives.csv,15855,3
mesogeos-neg-15856-2021-10-05,0,no,2021-10-05,2021-09-05,2021-10-04,-7.99041,39.2916,,negatives.csv,15856,7
mesogeos-neg-15857-2021-10-05,0,no,2021-10-05,2021-09-05,2021-10-04,-9.52089,30.9646,,negatives.csv,15857,0
mesogeos-neg-15858-2021-10-05,0,no,2021-10-05,2021-09-05,2021-10-04,-2.68406,41.6276,,negatives.csv,15858,5
mesogeos-neg-15859-2021-10-05,0,no,2021-10-05,2021-09-05,2021-10-04,1.70601,35.9387,,negatives.csv,15859,8
mesogeos-neg-15860-2021-10-05,0,no,2021-10-05,2021-09-05,2021-10-04,13.6982,42.2721,,negatives.csv,15860,2
mesogeos-pos-04891-2021-10-06,1,yes,2021-10-06,2021-09-06,2021-10-05,28.8419,36.8348,187.0,positives.csv,4891,2
mesogeos-neg-15861-2021-10-06,0,no,2021-10-06,2021-09-06,2021-10-05,29.5769,38.1438,,negatives.csv,15861,2
mesogeos-neg-15862-2021-10-06,0,no,2021-10-06,2021-09-06,2021-10-05,21.7936,37.8014,,negatives.csv,15862,5
mesogeos-neg-15863-2021-10-06,0,no,2021-10-06,2021-09-06,2021-10-05,-7.29565,39.2413,,negatives.csv,15863,1
mesogeos-neg-15864-2021-10-06,0,no,2021-10-06,2021-09-06,2021-10-05,9.18726,35.3345,,negatives.csv,15864,7
mesogeos-neg-15865-2021-10-06,0,no,2021-10-06,2021-09-06,2021-10-05,21.0787,41.1443,,negatives.csv,15865,5
mesogeos-neg-15866-2021-10-06,0,no,2021-10-06,2021-09-06,2021-10-05,30.0401,37.1973,,negatives.csv,15866,7
mesogeos-neg-15867-2021-10-07,0,no,2021-10-07,2021-09-07,2021-10-06,28.3586,39.8756,,negatives.csv,15867,2
mesogeos-neg-15868-2021-10-07,0,no,2021-10-07,2021-09-07,2021-10-06,33.3427,36.3918,,negatives.csv,15868,5
mesogeos-neg-15869-2021-10-07,0,no,2021-10-07,2021-09-07,2021-10-06,30.8557,39.5937,,negatives.csv,15869,9
mesogeos-neg-15870-2021-10-07,0,no,2021-10-07,2021-09-07,2021-10-06,-5.31206,35.4856,,negatives.csv,15870,5
mesogeos-neg-15871-2021-10-07,0,no,2021-10-07,2021-09-07,2021-10-06,-1.55633,40.1878,,negatives.csv,15871,5
mesogeos-pos-06200-2021-10-08,1,yes,2021-10-08,2021-09-08,2021-10-07,30.02,38.174,117.0,positives.csv,6200,6
mesogeos-pos-06679-2021-10-08,1,yes,2021-10-08,2021-09-08,2021-10-07,36.0714,34.4787,45.0,positives.csv,6679,7
mesogeos-neg-15872-2021-10-08,0,no,2021-10-08,2021-09-08,2021-10-07,3.18615,36.5328,,negatives.csv,15872,4
mesogeos-neg-15873-2021-10-08,0,no,2021-10-08,2021-09-08,2021-10-07,6.73043,35.2137,,negatives.csv,15873,4
mesogeos-neg-15874-2021-10-08,0,no,2021-10-08,2021-09-08,2021-10-07,5.34091,34.7203,,negatives.csv,15874,2
mesogeos-neg-15875-2021-10-08,0,no,2021-10-08,2021-09-08,2021-10-07,27.5933,38.2848,,negatives.csv,15875,9
mesogeos-neg-15876-2021-10-08,0,no,2021-10-08,2021-09-08,2021-10-07,2.95457,35.9286,,negatives.csv,15876,1
mesogeos-neg-15877-2021-10-09,0,no,2021-10-09,2021-09-09,2021-10-08,22.8509,37.8619,,negatives.csv,15877,2
mesogeos-neg-15878-2021-10-09,0,no,2021-10-09,2021-09-09,2021-10-08,13.1846,32.5052,,negatives.csv,15878,8
mesogeos-neg-15879-2021-10-09,0,no,2021-10-09,2021-09-09,2021-10-08,-6.72172,31.6292,,negatives.csv,15879,5
mesogeos-neg-15880-2021-10-09,0,no,2021-10-09,2021-09-09,2021-10-08,22.0353,37.3785,,negatives.csv,15880,5
mesogeos-neg-15881-2021-10-09,0,no,2021-10-09,2021-09-09,2021-10-08,20.5551,41.1041,,negatives.csv,15881,3
mesogeos-neg-15882-2021-10-09,0,no,2021-10-09,2021-09-09,2021-10-08,-6.97344,41.1343,,negatives.csv,15882,4
mesogeos-neg-15883-2021-10-10,0,no,2021-10-10,2021-09-10,2021-10-09,21.2197,40.1878,,negatives.csv,15883,9
mesogeos-neg-15884-2021-10-10,0,no,2021-10-10,2021-09-10,2021-10-09,-4.94958,41.4263,,negatives.csv,15884,5
mesogeos-neg-15885-2021-10-10,0,no,2021-10-10,2021-09-10,2021-10-09,30.2818,31.1559,,negatives.csv,15885,4
mesogeos-neg-15886-2021-10-10,0,no,2021-10-10,2021-09-10,2021-10-09,29.144,38.1337,,negatives.csv,15886,0
mesogeos-neg-15887-2021-10-10,0,no,2021-10-10,2021-09-10,2021-10-09,-3.65068,37.1772,,negatives.csv,15887,6
mesogeos-neg-15888-2021-10-10,0,no,2021-10-10,2021-09-10,2021-10-09,31.0269,38.8587,,negatives.csv,15888,2
mesogeos-neg-15889-2021-10-11,0,no,2021-10-11,2021-09-11,2021-10-10,32.0438,37.2174,,negatives.csv,15889,8
mesogeos-neg-15890-2021-10-11,0,no,2021-10-11,2021-09-11,2021-10-10,22.0252,38.4559,,negatives.csv,15890,4
mesogeos-neg-15891-2021-10-11,0,no,2021-10-11,2021-09-11,2021-10-10,-4.0333,34.2672,,negatives.csv,15891,6
mesogeos-neg-15892-2021-10-11,0,no,2021-10-11,2021-09-11,2021-10-10,9.34836,39.7448,,negatives.csv,15892,0
mesogeos-neg-15893-2021-10-11,0,no,2021-10-11,2021-09-11,2021-10-10,9.15705,36.2609,,negatives.csv,15893,9
mesogeos-neg-15894-2021-10-12,0,no,2021-10-12,2021-09-12,2021-10-11,34.5711,37.1168,,negatives.csv,15894,5
mesogeos-neg-15895-2021-10-12,0,no,2021-10-12,2021-09-12,2021-10-11,1.99801,42.0808,,negatives.csv,15895,4
mesogeos-neg-15896-2021-10-12,0,no,2021-10-12,2021-09-12,2021-10-11,-0.640057,34.6901,,negatives.csv,15896,5
mesogeos-neg-15897-2021-10-12,0,no,2021-10-12,2021-09-12,2021-10-11,-5.79537,40.7114,,negatives.csv,15897,3
mesogeos-neg-15898-2021-10-12,0,no,2021-10-12,2021-09-12,2021-10-11,-3.95275,40.3489,,negatives.csv,15898,0
mesogeos-neg-15899-2021-10-13,0,no,2021-10-13,2021-09-13,2021-10-12,29.3151,37.157,,negatives.csv,15899,6
mesogeos-neg-15900-2021-10-13,0,no,2021-10-13,2021-09-13,2021-10-12,1.78657,34.378,,negatives.csv,15900,0
mesogeos-neg-15901-2021-10-13,0,no,2021-10-13,2021-09-13,2021-10-12,13.0537,42.3828,,negatives.csv,15901,5
mesogeos-neg-15902-2021-10-13,0,no,2021-10-13,2021-09-13,2021-10-12,-4.55689,39.2715,,negatives.csv,15902,7
mesogeos-neg-15903-2021-10-13,0,no,2021-10-13,2021-09-13,2021-10-12,-8.55427,38.5063,,negatives.csv,15903,5
mesogeos-pos-03115-2021-10-14,1,yes,2021-10-14,2021-09-14,2021-10-13,8.60326,40.3086,59.0,positives.csv,3115,8
mesogeos-pos-06701-2021-10-14,1,yes,2021-10-14,2021-09-14,2021-10-13,35.8197,34.0759,49.0,positives.csv,6701,6
mesogeos-neg-15904-2021-10-14,0,no,2021-10-14,2021-09-14,2021-10-13,-6.90296,41.2853,,negatives.csv,15904,9
mesogeos-neg-15905-2021-10-14,0,no,2021-10-14,2021-09-14,2021-10-13,23.1429,38.5163,,negatives.csv,15905,3
mesogeos-neg-15906-2021-10-14,0,no,2021-10-14,2021-09-14,2021-10-13,11.5837,43.8831,,negatives.csv,15906,7
mesogeos-neg-15907-2021-10-14,0,no,2021-10-14,2021-09-14,2021-10-13,-3.82185,34.6801,,negatives.csv,15907,0
mesogeos-neg-15908-2021-10-14,0,no,2021-10-14,2021-09-14,2021-10-13,3.11567,44.0643,,negatives.csv,15908,0
mesogeos-neg-15909-2021-10-14,0,no,2021-10-14,2021-09-14,2021-10-13,3.30698,35.979,,negatives.csv,15909,4
mesogeos-pos-06202-2021-10-15,1,yes,2021-10-15,2021-09-15,2021-10-14,30.2314,38.0632,428.0,positives.csv,6202,2
mesogeos-neg-15910-2021-10-15,0,no,2021-10-15,2021-09-15,2021-10-14,0.0949784,35.4654,,negatives.csv,15910,6
mesogeos-neg-15911-2021-10-15,0,no,2021-10-15,2021-09-15,2021-10-14,-3.12709,33.9652,,negatives.csv,15911,5
mesogeos-neg-15912-2021-10-15,0,no,2021-10-15,2021-09-15,2021-10-14,5.46174,44.457,,negatives.csv,15912,6
mesogeos-neg-15913-2021-10-15,0,no,2021-10-15,2021-09-15,2021-10-14,-6.18806,36.7643,,negatives.csv,15913,3
mesogeos-neg-15914-2021-10-15,0,no,2021-10-15,2021-09-15,2021-10-14,-2.80489,39.6642,,negatives.csv,15914,8
mesogeos-neg-15915-2021-10-15,0,no,2021-10-15,2021-09-15,2021-10-14,-4.11385,33.8041,,negatives.csv,15915,9
mesogeos-neg-15916-2021-10-16,0,no,2021-10-16,2021-09-16,2021-10-15,-0.70047,40.3791,,negatives.csv,15916,2
mesogeos-neg-15917-2021-10-16,0,no,2021-10-16,2021-09-16,2021-10-15,-6.24847,42.0002,,negatives.csv,15917,7
mesogeos-neg-15918-2021-10-16,0,no,2021-10-16,2021-09-16,2021-10-15,2.02822,42.2217,,negatives.csv,15918,7
mesogeos-neg-15919-2021-10-16,0,no,2021-10-16,2021-09-16,2021-10-15,9.98271,44.3362,,negatives.csv,15919,1
mesogeos-neg-15920-2021-10-16,0,no,2021-10-16,2021-09-16,2021-10-15,-1.65702,40.359,,negatives.csv,15920,1
mesogeos-neg-15921-2021-10-16,0,no,2021-10-16,2021-09-16,2021-10-15,-0.327918,42.3023,,negatives.csv,15921,5
mesogeos-neg-15922-2021-10-17,0,no,2021-10-17,2021-09-17,2021-10-16,19.6489,41.9801,,negatives.csv,15922,9
mesogeos-neg-15923-2021-10-17,0,no,2021-10-17,2021-09-17,2021-10-16,28.8318,39.0097,,negatives.csv,15923,3
mesogeos-neg-15924-2021-10-17,0,no,2021-10-17,2021-09-17,2021-10-16,-5.18116,39.7951,,negatives.csv,15924,5
mesogeos-neg-15925-2021-10-17,0,no,2021-10-17,2021-09-17,2021-10-16,17.0713,39.201,,negatives.csv,15925,6
mesogeos-neg-15926-2021-10-17,0,no,2021-10-17,2021-09-17,2021-10-16,29.7078,36.2005,,negatives.csv,15926,1
mesogeos-neg-15927-2021-10-18,0,no,2021-10-18,2021-09-18,2021-10-17,23.4449,41.1242,,negatives.csv,15927,1
mesogeos-neg-15928-2021-10-18,0,no,2021-10-18,2021-09-18,2021-10-17,-5.46309,40.1475,,negatives.csv,15928,8
mesogeos-neg-15929-2021-10-18,0,no,2021-10-18,2021-09-18,2021-10-17,9.09664,40.7718,,negatives.csv,15929,6
mesogeos-neg-15930-2021-10-18,0,no,2021-10-18,2021-09-18,2021-10-17,-1.93895,40.1173,,negatives.csv,15930,9
mesogeos-neg-15931-2021-10-18,0,no,2021-10-18,2021-09-18,2021-10-17,-4.67771,35.1432,,negatives.csv,15931,6
mesogeos-neg-15932-2021-10-18,0,no,2021-10-18,2021-09-18,2021-10-17,7.00229,36.422,,negatives.csv,15932,9
mesogeos-neg-15933-2021-10-19,0,no,2021-10-19,2021-09-19,2021-10-18,-2.88544,36.8046,,negatives.csv,15933,9
mesogeos-neg-15934-2021-10-19,0,no,2021-10-19,2021-09-19,2021-10-18,28.1371,37.9525,,negatives.csv,15934,7
mesogeos-neg-15935-2021-10-19,0,no,2021-10-19,2021-09-19,2021-10-18,30.4831,37.5598,,negatives.csv,15935,5
mesogeos-neg-15936-2021-10-19,0,no,2021-10-19,2021-09-19,2021-10-18,-4.79854,38.4962,,negatives.csv,15936,8
mesogeos-neg-15937-2021-10-19,0,no,2021-10-19,2021-09-19,2021-10-18,3.07539,34.6901,,negatives.csv,15937,1
mesogeos-neg-15938-2021-10-19,0,no,2021-10-19,2021-09-19,2021-10-18,-6.52034,41.4968,,negatives.csv,15938,1
mesogeos-neg-15939-2021-10-20,0,no,2021-10-20,2021-09-20,2021-10-19,-6.25854,40.4093,,negatives.csv,15939,2
mesogeos-neg-15940-2021-10-20,0,no,2021-10-20,2021-09-20,2021-10-19,-4.99992,37.3785,,negatives.csv,15940,2
mesogeos-neg-15941-2021-10-20,0,no,2021-10-20,2021-09-20,2021-10-19,-5.09054,37.6403,,negatives.csv,15941,6
mesogeos-neg-15942-2021-10-20,0,no,2021-10-20,2021-09-20,2021-10-19,8.45222,36.1703,,negatives.csv,15942,8
mesogeos-neg-15943-2021-10-20,0,no,2021-10-20,2021-09-20,2021-10-19,11.1708,44.4168,,negatives.csv,15943,1
mesogeos-pos-08351-2021-10-21,1,yes,2021-10-21,2021-09-21,2021-10-20,4.4045,36.865,124.0,positives.csv,8351,2
mesogeos-neg-15944-2021-10-21,0,no,2021-10-21,2021-09-21,2021-10-20,27.4524,37.9726,,negatives.csv,15944,9
mesogeos-neg-15945-2021-10-21,0,no,2021-10-21,2021-09-21,2021-10-20,25.5191,41.1846,,negatives.csv,15945,9
mesogeos-neg-15946-2021-10-21,0,no,2021-10-21,2021-09-21,2021-10-20,32.0942,37.2275,,negatives.csv,15946,5
mesogeos-neg-15947-2021-10-21,0,no,2021-10-21,2021-09-21,2021-10-20,-2.53302,42.4835,,negatives.csv,15947,1
mesogeos-neg-15948-2021-10-21,0,no,2021-10-21,2021-09-21,2021-10-20,21.5922,38.8486,,negatives.csv,15948,5
mesogeos-neg-15949-2021-10-21,0,no,2021-10-21,2021-09-21,2021-10-20,-1.4053,34.5693,,negatives.csv,15949,6
mesogeos-neg-15950-2021-10-22,0,no,2021-10-22,2021-09-22,2021-10-21,35.7089,37.8216,,negatives.csv,15950,5
mesogeos-neg-15951-2021-10-22,0,no,2021-10-22,2021-09-22,2021-10-21,-5.76516,39.634,,negatives.csv,15951,6
mesogeos-neg-15952-2021-10-22,0,no,2021-10-22,2021-09-22,2021-10-21,4.07222,36.3616,,negatives.csv,15952,0
mesogeos-neg-15953-2021-10-22,0,no,2021-10-22,2021-09-22,2021-10-21,11.4729,42.8863,,negatives.csv,15953,0
mesogeos-neg-15954-2021-10-22,0,no,2021-10-22,2021-09-22,2021-10-21,31.6612,37.2174,,negatives.csv,15954,9
mesogeos-neg-15955-2021-10-22,0,no,2021-10-22,2021-09-22,2021-10-21,-4.79854,40.0468,,negatives.csv,15955,2
mesogeos-neg-15956-2021-10-23,0,no,2021-10-23,2021-09-23,2021-10-22,-8.59454,37.4994,,negatives.csv,15956,6
mesogeos-neg-15957-2021-10-23,0,no,2021-10-23,2021-09-23,2021-10-22,14.6144,37.9021,,negatives.csv,15957,5
mesogeos-neg-15958-2021-10-23,0,no,2021-10-23,2021-09-23,2021-10-22,1.90739,36.3918,,negatives.csv,15958,9
mesogeos-neg-15959-2021-10-23,0,no,2021-10-23,2021-09-23,2021-10-22,35.86,37.1369,,negatives.csv,15959,3
mesogeos-neg-15960-2021-10-23,0,no,2021-10-23,2021-09-23,2021-10-22,20.4142,40.651,,negatives.csv,15960,5
mesogeos-neg-15961-2021-10-23,0,no,2021-10-23,2021-09-23,2021-10-22,-5.96654,35.2137,,negatives.csv,15961,5
mesogeos-neg-15962-2021-10-24,0,no,2021-10-24,2021-09-24,2021-10-23,14.6547,41.6377,,negatives.csv,15962,9
mesogeos-neg-15963-2021-10-24,0,no,2021-10-24,2021-09-24,2021-10-23,-7.15468,41.8391,,negatives.csv,15963,1
mesogeos-neg-15964-2021-10-24,0,no,2021-10-24,2021-09-24,2021-10-23,-0.227229,40.9329,,negatives.csv,15964,7
mesogeos-neg-15965-2021-10-24,0,no,2021-10-24,2021-09-24,2021-10-23,22.8509,40.7919,,negatives.csv,15965,5
mesogeos-neg-15966-2021-10-24,0,no,2021-10-24,2021-09-24,2021-10-23,-1.07302,40.5603,,negatives.csv,15966,5
mesogeos-neg-15967-2021-10-25,0,no,2021-10-25,2021-09-25,2021-10-24,-1.1133,39.1003,,negatives.csv,15967,7
mesogeos-neg-15968-2021-10-25,0,no,2021-10-25,2021-09-25,2021-10-24,-8.0911,39.6642,,negatives.csv,15968,7
mesogeos-neg-15969-2021-10-25,0,no,2021-10-25,2021-09-25,2021-10-24,1.29319,35.113,,negatives.csv,15969,4
mesogeos-neg-15970-2021-10-25,0,no,2021-10-25,2021-09-25,2021-10-24,-5.41275,36.3817,,negatives.csv,15970,7
mesogeos-neg-15971-2021-10-25,0,no,2021-10-25,2021-09-25,2021-10-24,0.195668,40.802,,negatives.csv,15971,1
mesogeos-pos-00658-2021-10-26,1,yes,2021-10-26,2021-09-26,2021-10-25,-8.11123,41.0134,49.0,positives.csv,658,6
mesogeos-pos-01618-2021-10-26,1,yes,2021-10-26,2021-09-26,2021-10-25,-7.55744,40.4496,75.0,positives.csv,1618,6
mesogeos-neg-15972-2021-10-26,0,no,2021-10-26,2021-09-26,2021-10-25,35.578,37.3181,,negatives.csv,15972,3
mesogeos-neg-15973-2021-10-26,0,no,2021-10-26,2021-09-26,2021-10-25,-3.76144,39.6139,,negatives.csv,15973,8
mesogeos-neg-15974-2021-10-26,0,no,2021-10-26,2021-09-26,2021-10-25,28.7815,37.8921,,negatives.csv,15974,5
mesogeos-neg-15975-2021-10-26,0,no,2021-10-26,2021-09-26,2021-10-25,-6.01689,40.802,,negatives.csv,15975,7
mesogeos-neg-15976-2021-10-26,0,no,2021-10-26,2021-09-26,2021-10-25,-4.83882,37.147,,negatives.csv,15976,7
mesogeos-neg-15977-2021-10-27,0,no,2021-10-27,2021-09-27,2021-10-26,-6.27868,42.695,,negatives.csv,15977,0
mesogeos-neg-15978-2021-10-27,0,no,2021-10-27,2021-09-27,2021-10-26,9.94243,35.1332,,negatives.csv,15978,5
mesogeos-neg-15979-2021-10-27,0,no,2021-10-27,2021-09-27,2021-10-26,-5.90613,37.7612,,negatives.csv,15979,4
mesogeos-neg-15980-2021-10-27,0,no,2021-10-27,2021-09-27,2021-10-26,15.6918,44.1348,,negatives.csv,15980,0
mesogeos-neg-15981-2021-10-27,0,no,2021-10-27,2021-09-27,2021-10-26,13.0235,37.731,,negatives.csv,15981,7
mesogeos-neg-15982-2021-10-28,0,no,2021-10-28,2021-09-28,2021-10-27,-1.90875,34.6297,,negatives.csv,15982,3
mesogeos-neg-15983-2021-10-28,0,no,2021-10-28,2021-09-28,2021-10-27,29.0735,37.2074,,negatives.csv,15983,0
mesogeos-neg-15984-2021-10-28,0,no,2021-10-28,2021-09-28,2021-10-27,12.7416,41.7988,,negatives.csv,15984,6
mesogeos-neg-15985-2021-10-28,0,no,2021-10-28,2021-09-28,2021-10-27,-3.36875,40.0065,,negatives.csv,15985,1
mesogeos-neg-15986-2021-10-28,0,no,2021-10-28,2021-09-28,2021-10-27,-6.82241,41.3356,,negatives.csv,15986,4
mesogeos-neg-15987-2021-10-29,0,no,2021-10-29,2021-09-29,2021-10-28,22.3273,38.0129,,negatives.csv,15987,7
mesogeos-neg-15988-2021-10-29,0,no,2021-10-29,2021-09-29,2021-10-28,-0.398401,39.9562,,negatives.csv,15988,4
mesogeos-neg-15989-2021-10-29,0,no,2021-10-29,2021-09-29,2021-10-28,2.33029,41.8794,,negatives.csv,15989,8
mesogeos-neg-15990-2021-10-29,0,no,2021-10-29,2021-09-29,2021-10-28,-4.11385,38.6372,,negatives.csv,15990,8
mesogeos-neg-15991-2021-10-29,0,no,2021-10-29,2021-09-29,2021-10-28,13.4263,41.6579,,negatives.csv,15991,8
mesogeos-neg-15992-2021-10-30,0,no,2021-10-30,2021-09-30,2021-10-29,-3.71109,39.0097,,negatives.csv,15992,5
mesogeos-neg-15993-2021-10-30,0,no,2021-10-30,2021-09-30,2021-10-29,-2.80489,40.4798,,negatives.csv,15993,9
mesogeos-neg-15994-2021-10-30,0,no,2021-10-30,2021-09-30,2021-10-29,-6.08737,39.1205,,negatives.csv,15994,7
mesogeos-neg-15995-2021-10-30,0,no,2021-10-30,2021-09-30,2021-10-29,-4.95965,39.5434,,negatives.csv,15995,8
mesogeos-neg-15996-2021-10-30,0,no,2021-10-30,2021-09-30,2021-10-29,-5.61413,40.4999,,negatives.csv,15996,6
mesogeos-neg-15997-2021-10-31,0,no,2021-10-31,2021-10-01,2021-10-30,4.38436,44.6685,,negatives.csv,15997,4
mesogeos-neg-15998-2021-10-31,0,no,2021-10-31,2021-10-01,2021-10-30,-3.00626,42.2217,,negatives.csv,15998,6
mesogeos-neg-15999-2021-10-31,0,no,2021-10-31,2021-10-01,2021-10-30,-4.95965,39.2816,,negatives.csv,15999,8
mesogeos-neg-16000-2021-10-31,0,no,2021-10-31,2021-10-01,2021-10-30,-3.20764,36.855,,negatives.csv,16000,1
mesogeos-neg-16001-2021-10-31,0,no,2021-10-31,2021-10-01,2021-10-30,-0.770953,40.8825,,negatives.csv,16001,1
mesogeos-neg-16002-2021-10-31,0,no,2021-10-31,2021-10-01,2021-10-30,7.21374,43.8529,,negatives.csv,16002,4
mesogeos-neg-16003-2021-11-01,0,no,2021-11-01,2021-10-02,2021-10-31,-6.29882,41.1242,,negatives.csv,16003,5
mesogeos-neg-16004-2021-11-01,0,no,2021-11-01,2021-10-02,2021-10-31,30.0401,38.4257,,negatives.csv,16004,3
mesogeos-neg-16005-2021-11-01,0,no,2021-11-01,2021-10-02,2021-10-31,30.2616,40.1072,,negatives.csv,16005,6
mesogeos-neg-16006-2021-11-01,0,no,2021-11-01,2021-10-02,2021-10-31,-0.972333,35.4252,,negatives.csv,16006,5
mesogeos-neg-16007-2021-11-01,0,no,2021-11-01,2021-10-02,2021-10-31,-7.20503,31.9111,,negatives.csv,16007,8
mesogeos-neg-16008-2021-11-01,0,no,2021-11-01,2021-10-02,2021-10-31,19.8201,40.4294,,negatives.csv,16008,6
mesogeos-neg-16009-2021-11-02,0,no,2021-11-02,2021-10-03,2021-11-01,6.30753,35.4151,,negatives.csv,16009,9
mesogeos-neg-16010-2021-11-03,0,no,2021-11-03,2021-10-04,2021-11-02,-8.29248,39.926,,negatives.csv,16010,0
mesogeos-neg-16011-2021-11-04,0,no,2021-11-04,2021-10-05,2021-11-03,12.6711,37.731,,negatives.csv,16011,9
mesogeos-neg-16012-2021-11-05,0,no,2021-11-05,2021-10-06,2021-11-04,0.477599,41.3961,,negatives.csv,16012,6
mesogeos-pos-06562-2021-11-06,1,yes,2021-11-06,2021-10-07,2021-11-05,24.5022,35.2439,50.0,positives.csv,6562,3
mesogeos-neg-16013-2021-11-06,0,no,2021-11-06,2021-10-07,2021-11-05,9.83167,36.2911,,negatives.csv,16013,2
mesogeos-neg-16014-2021-11-06,0,no,2021-11-06,2021-10-07,2021-11-05,5.67319,43.571,,negatives.csv,16014,0
mesogeos-pos-06201-2021-11-07,1,yes,2021-11-07,2021-10-08,2021-11-06,29.9797,38.174,193.0,positives.csv,6201,4
mesogeos-neg-16015-2021-11-07,0,no,2021-11-07,2021-10-08,2021-11-06,21.3304,39.1406,,negatives.csv,16015,0
mesogeos-neg-16016-2021-11-08,0,no,2021-11-08,2021-10-09,2021-11-07,12.5,42.6446,,negatives.csv,16016,3
mesogeos-neg-16017-2021-11-08,0,no,2021-11-08,2021-10-09,2021-11-07,30.5435,36.9859,,negatives.csv,16017,5
mesogeos-neg-16018-2021-11-09,0,no,2021-11-09,2021-10-10,2021-11-08,23.1227,40.6208,,negatives.csv,16018,2
mesogeos-neg-16019-2021-11-09,0,no,2021-11-09,2021-10-10,2021-11-08,13.6377,41.6377,,negatives.csv,16019,9
mesogeos-neg-16020-2021-11-10,0,no,2021-11-10,2021-10-11,2021-11-09,-3.89233,40.7819,,negatives.csv,16020,6
mesogeos-neg-16021-2021-11-11,0,no,2021-11-11,2021-10-12,2021-11-10,-2.02957,42.0505,,negatives.csv,16021,1
mesogeos-neg-16022-2021-11-12,0,no,2021-11-12,2021-10-13,2021-11-11,21.5822,40.4294,,negatives.csv,16022,1
mesogeos-pos-06677-2021-11-13,1,yes,2021-11-13,2021-10-14,2021-11-12,35.2156,33.1697,79.0,positives.csv,6677,9
mesogeos-pos-06678-2021-11-13,1,yes,2021-11-13,2021-10-14,2021-11-12,35.2458,32.9583,95.0,positives.csv,6678,4
mesogeos-neg-16023-2021-11-13,0,no,2021-11-13,2021-10-14,2021-11-12,16.3866,41.0134,,negatives.csv,16023,2
mesogeos-neg-16024-2021-11-14,0,no,2021-11-14,2021-10-15,2021-11-13,-4.01316,41.2954,,negatives.csv,16024,1
mesogeos-neg-16025-2021-11-15,0,no,2021-11-15,2021-10-16,2021-11-14,-1.78792,38.8788,,negatives.csv,16025,6
mesogeos-neg-16026-2021-11-16,0,no,2021-11-16,2021-10-17,2021-11-15,1.56505,36.0293,,negatives.csv,16026,7
mesogeos-pos-06203-2021-11-17,1,yes,2021-11-17,2021-10-18,2021-11-16,30.2515,38.0431,458.0,positives.csv,6203,8
mesogeos-neg-16027-2021-11-17,0,no,2021-11-17,2021-10-18,2021-11-16,-0.569574,39.0299,,negatives.csv,16027,2
mesogeos-pos-06204-2021-11-18,1,yes,2021-11-18,2021-10-19,2021-11-17,30.8053,38.4156,193.0,positives.csv,6204,1
mesogeos-neg-16028-2021-11-18,0,no,2021-11-18,2021-10-19,2021-11-17,-8.93689,39.5534,,negatives.csv,16028,1
mesogeos-neg-16029-2021-11-18,0,no,2021-11-18,2021-10-19,2021-11-17,-0.50916,40.3489,,negatives.csv,16029,0
mesogeos-neg-16030-2021-11-19,0,no,2021-11-19,2021-10-20,2021-11-18,-5.18116,37.5497,,negatives.csv,16030,8
mesogeos-neg-16031-2021-11-20,0,no,2021-11-20,2021-10-21,2021-11-19,3.08546,42.0808,,negatives.csv,16031,0
mesogeos-neg-16032-2021-11-21,0,no,2021-11-21,2021-10-22,2021-11-20,-5.86585,34.7707,,negatives.csv,16032,3
mesogeos-neg-16033-2021-11-22,0,no,2021-11-22,2021-10-23,2021-11-21,-3.36875,39.0198,,negatives.csv,16033,0
mesogeos-neg-16034-2021-11-23,0,no,2021-11-23,2021-10-24,2021-11-22,-4.88916,33.5725,,negatives.csv,16034,0
mesogeos-neg-16035-2021-11-24,0,no,2021-11-24,2021-10-25,2021-11-23,-3.77151,34.7807,,negatives.csv,16035,8
mesogeos-neg-16036-2021-11-25,0,no,2021-11-25,2021-10-26,2021-11-24,9.85181,44.6383,,negatives.csv,16036,9
mesogeos-neg-16037-2021-11-25,0,no,2021-11-25,2021-10-26,2021-11-24,-5.28185,34.4183,,negatives.csv,16037,9
mesogeos-neg-16038-2021-11-26,0,no,2021-11-26,2021-10-27,2021-11-25,8.85498,42.1915,,negatives.csv,16038,1
mesogeos-neg-16039-2021-11-27,0,no,2021-11-27,2021-10-28,2021-11-26,-0.861574,40.8825,,negatives.csv,16039,6
mesogeos-neg-16040-2021-11-28,0,no,2021-11-28,2021-10-29,2021-11-27,-4.65758,39.2413,,negatives.csv,16040,0
mesogeos-neg-16041-2021-11-29,0,no,2021-11-29,2021-10-30,2021-11-28,22.7099,40.6409,,negatives.csv,16041,2
mesogeos-neg-16042-2021-11-29,0,no,2021-11-29,2021-10-30,2021-11-28,-6.88282,39.9059,,negatives.csv,16042,5
mesogeos-neg-16043-2021-11-30,0,no,2021-11-30,2021-10-31,2021-11-29,4.31388,43.7723,,negatives.csv,16043,0
mesogeos-neg-16044-2021-12-01,0,no,2021-12-01,2021-11-01,2021-11-30,-6.22834,39.4427,,negatives.csv,16044,5
mesogeos-neg-16045-2021-12-01,0,no,2021-12-01,2021-11-01,2021-11-30,-4.78847,40.7315,,negatives.csv,16045,5
mesogeos-neg-16046-2021-12-02,0,no,2021-12-02,2021-11-02,2021-12-01,23.0019,37.5799,,negatives.csv,16046,8
mesogeos-neg-16047-2021-12-03,0,no,2021-12-03,2021-11-03,2021-12-02,11.1608,43.3797,,negatives.csv,16047,0
mesogeos-neg-16048-2021-12-04,0,no,2021-12-04,2021-11-04,2021-12-03,10.7983,44.0744,,negatives.csv,16048,5
mesogeos-neg-16049-2021-12-05,0,no,2021-12-05,2021-11-05,2021-12-04,-6.11758,33.6228,,negatives.csv,16049,6
mesogeos-neg-16050-2021-12-05,0,no,2021-12-05,2021-11-05,2021-12-04,7.71719,35.3144,,negatives.csv,16050,9
mesogeos-neg-16051-2021-12-06,0,no,2021-12-06,2021-11-06,2021-12-05,5.32077,44.1751,,negatives.csv,16051,3
mesogeos-neg-16052-2021-12-07,0,no,2021-12-07,2021-11-07,2021-12-06,15.7019,40.8926,,negatives.csv,16052,3
mesogeos-neg-16053-2021-12-08,0,no,2021-12-08,2021-11-08,2021-12-07,15.5408,40.5805,,negatives.csv,16053,9
mesogeos-neg-16054-2021-12-09,0,no,2021-12-09,2021-11-09,2021-12-08,-7.44668,33.0086,,negatives.csv,16054,3
mesogeos-neg-16055-2021-12-09,0,no,2021-12-09,2021-11-09,2021-12-08,8.52271,36.0897,,negatives.csv,16055,3
mesogeos-neg-16056-2021-12-10,0,no,2021-12-10,2021-11-10,2021-12-09,-1.06295,42.121,,negatives.csv,16056,3
mesogeos-neg-16057-2021-12-11,0,no,2021-12-11,2021-11-11,2021-12-10,20.8169,39.785,,negatives.csv,16057,5
mesogeos-neg-16058-2021-12-12,0,no,2021-12-12,2021-11-12,2021-12-11,-6.44985,33.7134,,negatives.csv,16058,5
mesogeos-neg-16059-2021-12-13,0,no,2021-12-13,2021-11-13,2021-12-12,12.1274,42.0203,,negatives.csv,16059,9
mesogeos-neg-16060-2021-12-14,0,no,2021-12-14,2021-11-14,2021-12-13,-7.32585,41.4464,,negatives.csv,16060,6
mesogeos-pos-01599-2021-12-15,1,yes,2021-12-15,2021-11-15,2021-12-14,-5.4933,40.1374,233.0,positives.csv,1599,4
mesogeos-neg-16061-2021-12-15,0,no,2021-12-15,2021-11-15,2021-12-14,-0.559505,40.3086,,negatives.csv,16061,5
mesogeos-neg-16062-2021-12-16,0,no,2021-12-16,2021-11-16,2021-12-15,5.83429,35.4755,,negatives.csv,16062,5
mesogeos-neg-16063-2021-12-17,0,no,2021-12-17,2021-11-17,2021-12-16,-4.63744,39.2212,,negatives.csv,16063,0
mesogeos-neg-16064-2021-12-18,0,no,2021-12-18,2021-11-18,2021-12-17,-5.35234,39.5031,,negatives.csv,16064,8
mesogeos-neg-16065-2021-12-19,0,no,2021-12-19,2021-11-19,2021-12-18,-5.15096,38.7983,,negatives.csv,16065,9
mesogeos-neg-16066-2021-12-20,0,no,2021-12-20,2021-11-20,2021-12-19,20.384,41.9297,,negatives.csv,16066,5
mesogeos-neg-16067-2021-12-20,0,no,2021-12-20,2021-11-20,2021-12-19,-8.2522,32.8475,,negatives.csv,16067,6
mesogeos-neg-16068-2021-12-21,0,no,2021-12-21,2021-11-21,2021-12-20,22.871,36.8952,,negatives.csv,16068,3
mesogeos-neg-16069-2021-12-22,0,no,2021-12-22,2021-11-22,2021-12-21,6.58947,35.9991,,negatives.csv,16069,0
mesogeos-neg-16070-2021-12-22,0,no,2021-12-22,2021-11-22,2021-12-21,-1.33482,38.0834,,negatives.csv,16070,5
mesogeos-neg-16071-2021-12-23,0,no,2021-12-23,2021-11-23,2021-12-22,-2.25109,37.3987,,negatives.csv,16071,7
mesogeos-neg-16072-2021-12-24,0,no,2021-12-24,2021-11-24,2021-12-23,23.9786,40.9631,,negatives.csv,16072,8
mesogeos-neg-16073-2021-12-25,0,no,2021-12-25,2021-11-25,2021-12-24,-5.6242,39.9763,,negatives.csv,16073,8
mesogeos-neg-16074-2021-12-26,0,no,2021-12-26,2021-11-26,2021-12-25,-1.22406,39.7951,,negatives.csv,16074,4
mesogeos-neg-16075-2021-12-27,0,no,2021-12-27,2021-11-27,2021-12-26,22.5186,41.1745,,negatives.csv,16075,2
mesogeos-neg-16076-2021-12-28,0,no,2021-12-28,2021-11-28,2021-12-27,-2.71426,39.7347,,negatives.csv,16076,9
mesogeos-neg-16077-2021-12-29,0,no,2021-12-29,2021-11-29,2021-12-28,29.3655,37.8719,,negatives.csv,16077,5
mesogeos-neg-16078-2021-12-30,0,no,2021-12-30,2021-11-30,2021-12-29,3.77015,43.9234,,negatives.csv,16078,1
mesogeos-neg-16079-2021-12-31,0,no,2021-12-31,2021-12-01,2021-12-30,20.9982,39.775,,negatives.csv,16079,7
mesogeos-neg-16080-2022-01-01,0,no,2022-01-01,2021-12-02,2021-12-31,-5.66447,38.4358,,negatives.csv,16080,5
mesogeos-neg-16081-2022-01-02,0,no,2022-01-02,2021-12-03,2022-01-01,-3.23785,42.3526,,negatives.csv,16081,4
mesogeos-pos-08446-2022-01-03,1,yes,2022-01-03,2021-12-04,2022-01-02,4.57567,36.6737,108.0,positives.csv,8446,5
mesogeos-neg-16082-2022-01-03,0,no,2022-01-03,2021-12-04,2022-01-02,-5.31206,41.3054,,negatives.csv,16082,7
mesogeos-neg-16083-2022-01-04,0,no,2022-01-04,2021-12-05,2022-01-03,-1.1133,38.7983,,negatives.csv,16083,0
mesogeos-pos-06519-2022-01-05,1,yes,2022-01-05,2021-12-06,2022-01-04,22.4783,37.8619,124.0,positives.csv,6519,3
mesogeos-neg-16084-2022-01-05,0,no,2022-01-05,2021-12-06,2022-01-04,12.5,43.7019,,negatives.csv,16084,1
mesogeos-neg-16085-2022-01-08,0,no,2022-01-08,2021-12-09,2022-01-07,4.25346,44.1952,,negatives.csv,16085,2
mesogeos-neg-16086-2022-01-09,0,no,2022-01-09,2021-12-10,2022-01-08,21.0686,38.6674,,negatives.csv,16086,4
mesogeos-neg-16087-2022-01-11,0,no,2022-01-11,2021-12-12,2022-01-10,2.20946,34.2169,,negatives.csv,16087,9
mesogeos-neg-16088-2022-01-12,0,no,2022-01-12,2021-12-13,2022-01-11,-0.156746,41.3659,,negatives.csv,16088,4
mesogeos-pos-01619-2022-01-14,1,yes,2022-01-14,2021-12-15,2022-01-13,-6.44985,41.6377,43.0,positives.csv,1619,7
mesogeos-neg-16089-2022-01-14,0,no,2022-01-14,2021-12-15,2022-01-13,1.15222,35.9286,,negatives.csv,16089,8
mesogeos-pos-06047-2022-01-15,1,yes,2022-01-15,2021-12-16,2022-01-14,19.2965,42.3023,44.0,positives.csv,6047,8
mesogeos-neg-16090-2022-01-15,0,no,2022-01-15,2021-12-16,2022-01-14,-5.88599,40.5201,,negatives.csv,16090,8
mesogeos-neg-16091-2022-01-16,0,no,2022-01-16,2021-12-17,2022-01-15,-0.851505,39.5534,,negatives.csv,16091,3
mesogeos-pos-04433-2022-01-17,1,yes,2022-01-17,2021-12-18,2022-01-16,-8.44351,39.6441,42.0,positives.csv,4433,0
mesogeos-pos-03902-2022-01-18,1,yes,2022-01-18,2021-12-19,2022-01-17,6.99222,43.8126,170.0,positives.csv,3902,1
mesogeos-pos-06048-2022-01-19,1,yes,2022-01-19,2021-12-20,2022-01-18,18.9844,42.6245,808.0,positives.csv,6048,9
mesogeos-neg-16092-2022-01-19,0,no,2022-01-19,2021-12-20,2022-01-18,8.97581,35.6265,,negatives.csv,16092,3
mesogeos-pos-01620-2022-01-20,1,yes,2022-01-20,2021-12-21,2022-01-19,-6.42972,42.4231,49.0,positives.csv,1620,5
mesogeos-neg-16093-2022-01-20,0,no,2022-01-20,2021-12-21,2022-01-19,3.05526,43.8428,,negatives.csv,16093,1
mesogeos-neg-16094-2022-01-24,0,no,2022-01-24,2021-12-25,2022-01-23,-2.40213,38.909,,negatives.csv,16094,1
mesogeos-neg-16095-2022-01-25,0,no,2022-01-25,2021-12-26,2022-01-24,11.6743,42.8561,,negatives.csv,16095,1
mesogeos-neg-16096-2022-01-26,0,no,2022-01-26,2021-12-27,2022-01-25,28.3687,39.8756,,negatives.csv,16096,2
mesogeos-pos-06580-2022-01-27,1,yes,2022-01-27,2021-12-28,2022-01-26,9.08657,42.0203,89.0,positives.csv,6580,5
mesogeos-pos-01621-2022-01-28,1,yes,2022-01-28,2021-12-29,2022-01-27,-6.98351,41.9901,44.0,positives.csv,1621,5
mesogeos-pos-01622-2022-01-28,1,yes,2022-01-28,2021-12-29,2022-01-27,-7.01372,41.9297,75.0,positives.csv,1622,2
mesogeos-pos-01623-2022-01-28,1,yes,2022-01-28,2021-12-29,2022-01-27,-6.80227,41.9599,2386.0,positives.csv,1623,9
mesogeos-pos-06049-2022-01-28,1,yes,2022-01-28,2021-12-29,2022-01-27,17.615,43.0574,188.0,positives.csv,6049,4
mesogeos-neg-16097-2022-01-28,0,no,2022-01-28,2021-12-29,2022-01-27,26.8684,39.6541,,negatives.csv,16097,0
mesogeos-pos-03904-2022-01-29,1,yes,2022-01-29,2021-12-30,2022-01-28,3.59898,43.5508,43.0,positives.csv,3904,2
mesogeos-pos-04924-2022-01-29,1,yes,2022-01-29,2021-12-30,2022-01-28,-3.49964,36.9556,143.0,positives.csv,4924,1
mesogeos-neg-16098-2022-01-29,0,no,2022-01-29,2021-12-30,2022-01-28,20.7263,39.9663,,negatives.csv,16098,0
mesogeos-pos-01624-2022-01-30,1,yes,2022-01-30,2021-12-31,2022-01-29,-6.70158,42.2821,86.0,positives.csv,1624,1
mesogeos-pos-01625-2022-01-30,1,yes,2022-01-30,2021-12-31,2022-01-29,-7.13454,42.0304,60.0,positives.csv,1625,3
mesogeos-neg-16099-2022-01-31,0,no,2022-01-31,2022-01-01,2022-01-30,15.8328,44.0845,,negatives.csv,16099,0
mesogeos-pos-01626-2022-02-05,1,yes,2022-02-05,2022-01-06,2022-02-04,-6.75192,41.9801,105.0,positives.csv,1626,4
mesogeos-pos-01627-2022-02-05,1,yes,2022-02-05,2022-01-06,2022-02-04,-7.65813,41.3961,52.0,positives.csv,1627,8
mesogeos-pos-03906-2022-02-05,1,yes,2022-02-05,2022-01-06,2022-02-04,2.35043,42.6849,33.0,positives.csv,3906,5
mesogeos-neg-16100-2022-02-05,0,no,2022-02-05,2022-01-06,2022-02-04,11.6743,44.1348,,negatives.csv,16100,6
mesogeos-pos-01687-2022-02-07,1,yes,2022-02-07,2022-01-08,2022-02-06,-6.73178,42.3023,38.0,positives.csv,1687,5
mesogeos-neg-16101-2022-02-07,0,no,2022-02-07,2022-01-08,2022-02-06,9.01609,35.4453,,negatives.csv,16101,0
mesogeos-pos-01629-2022-02-08,1,yes,2022-02-08,2022-01-09,2022-02-07,-6.72172,42.2318,125.0,positives.csv,1629,8
mesogeos-neg-16102-2022-02-09,0,no,2022-02-09,2022-01-10,2022-02-08,-5.69468,34.9016,,negatives.csv,16102,3
mesogeos-pos-03905-2022-02-10,1,yes,2022-02-10,2022-01-11,2022-02-09,6.32767,44.2254,179.0,positives.csv,3905,6
mesogeos-pos-03913-2022-02-10,1,yes,2022-02-10,2022-01-11,2022-02-09,4.48505,44.7088,87.0,positives.csv,3913,0
mesogeos-pos-01628-2022-02-11,1,yes,2022-02-11,2022-01-12,2022-02-10,-6.71165,41.2249,66.0,positives.csv,1628,9
mesogeos-pos-01631-2022-02-11,1,yes,2022-02-11,2022-01-12,2022-02-10,-6.94323,42.0808,38.0,positives.csv,1631,6
mesogeos-neg-16103-2022-02-16,0,no,2022-02-16,2022-01-17,2022-02-15,-6.92309,41.245,,negatives.csv,16103,7
mesogeos-neg-16104-2022-02-17,0,no,2022-02-17,2022-01-18,2022-02-16,35.86,34.086,,negatives.csv,16104,7
mesogeos-neg-16105-2022-02-19,0,no,2022-02-19,2022-01-20,2022-02-18,7.1634,35.9286,,negatives.csv,16105,3
mesogeos-pos-00661-2022-02-21,1,yes,2022-02-21,2022-01-22,2022-02-20,-1.46571,42.4734,54.0,positives.csv,661,8
mesogeos-neg-16106-2022-02-22,0,no,2022-02-22,2022-01-23,2022-02-21,15.8328,40.5301,,negatives.csv,16106,9
mesogeos-neg-16107-2022-02-23,0,no,2022-02-23,2022-01-24,2022-02-22,-0.962264,42.3627,,negatives.csv,16107,7
mesogeos-pos-06053-2022-02-25,1,yes,2022-02-25,2022-01-26,2022-02-24,16.4067,43.7019,61.0,positives.csv,6053,5
mesogeos-pos-06581-2022-02-25,1,yes,2022-02-25,2022-01-26,2022-02-24,9.11678,41.819,39.0,positives.csv,6581,2
mesogeos-pos-01630-2022-02-26,1,yes,2022-02-26,2022-01-27,2022-02-25,-6.96337,42.0606,499.0,positives.csv,1630,6
mesogeos-neg-16108-2022-02-27,0,no,2022-02-27,2022-01-28,2022-02-26,23.4449,41.0235,,negatives.csv,16108,2
mesogeos-neg-16109-2022-02-28,0,no,2022-02-28,2022-01-29,2022-02-27,-2.04971,39.0802,,negatives.csv,16109,4
mesogeos-pos-06052-2022-03-01,1,yes,2022-03-01,2022-01-30,2022-02-28,17.615,43.0776,590.0,positives.csv,6052,2
mesogeos-pos-03134-2022-03-02,1,yes,2022-03-02,2022-01-31,2022-03-01,9.26781,40.0569,33.0,positives.csv,3134,7
mesogeos-pos-03911-2022-03-02,1,yes,2022-03-02,2022-01-31,2022-03-01,6.83112,43.9133,92.0,positives.csv,3911,9
mesogeos-neg-16110-2022-03-02,0,no,2022-03-02,2022-01-31,2022-03-01,-8.1213,30.9948,,negatives.csv,16110,4
mesogeos-neg-16111-2022-03-02,0,no,2022-03-02,2022-01-31,2022-03-01,14.6144,37.9223,,negatives.csv,16111,2
mesogeos-neg-16112-2022-03-02,0,no,2022-03-02,2022-01-31,2022-03-01,2.72298,42.4734,,negatives.csv,16112,2
mesogeos-neg-16113-2022-03-02,0,no,2022-03-02,2022-01-31,2022-03-01,35.0947,37.1772,,negatives.csv,16113,4
mesogeos-neg-16114-2022-03-02,0,no,2022-03-02,2022-01-31,2022-03-01,19.1455,42.3425,,negatives.csv,16114,8
mesogeos-neg-16115-2022-03-03,0,no,2022-03-03,2022-02-01,2022-03-02,28.6808,38.4056,,negatives.csv,16115,7
mesogeos-neg-16116-2022-03-03,0,no,2022-03-03,2022-02-01,2022-03-02,2.48132,42.8762,,negatives.csv,16116,5
mesogeos-neg-16117-2022-03-03,0,no,2022-03-03,2022-02-01,2022-03-02,-8.11123,39.7246,,negatives.csv,16117,9
mesogeos-neg-16118-2022-03-03,0,no,2022-03-03,2022-02-01,2022-03-02,-2.97606,41.4766,,negatives.csv,16118,4
mesogeos-neg-16119-2022-03-03,0,no,2022-03-03,2022-02-01,2022-03-02,9.35843,39.3823,,negatives.csv,16119,5
mesogeos-neg-16120-2022-03-04,0,no,2022-03-04,2022-02-02,2022-03-03,11.0198,43.1682,,negatives.csv,16120,3
mesogeos-neg-16121-2022-03-04,0,no,2022-03-04,2022-02-02,2022-03-03,31.3994,39.5132,,negatives.csv,16121,2
mesogeos-neg-16122-2022-03-04,0,no,2022-03-04,2022-02-02,2022-03-03,16.598,43.8227,,negatives.csv,16122,4
mesogeos-neg-16123-2022-03-04,0,no,2022-03-04,2022-02-02,2022-03-03,0.799806,42.0103,,negatives.csv,16123,8
mesogeos-neg-16124-2022-03-04,0,no,2022-03-04,2022-02-02,2022-03-03,12.7013,43.5408,,negatives.csv,16124,5
mesogeos-neg-16125-2022-03-04,0,no,2022-03-04,2022-02-02,2022-03-03,-4.69785,34.1162,,negatives.csv,16125,6
mesogeos-neg-16126-2022-03-05,0,no,2022-03-05,2022-02-03,2022-03-04,35.6082,33.4416,,negatives.csv,16126,0
mesogeos-neg-16127-2022-03-05,0,no,2022-03-05,2022-02-03,2022-03-04,29.3957,38.8385,,negatives.csv,16127,6
mesogeos-neg-16128-2022-03-05,0,no,2022-03-05,2022-02-03,2022-03-04,-0.176884,42.1714,,negatives.csv,16128,1
mesogeos-neg-16129-2022-03-05,0,no,2022-03-05,2022-02-03,2022-03-04,16.155,38.3754,,negatives.csv,16129,7
mesogeos-neg-16130-2022-03-05,0,no,2022-03-05,2022-02-03,2022-03-04,11.5031,44.3261,,negatives.csv,16130,2
mesogeos-neg-16131-2022-03-05,0,no,2022-03-05,2022-02-03,2022-03-04,34.7624,31.5788,,negatives.csv,16131,5
mesogeos-neg-16132-2022-03-06,0,no,2022-03-06,2022-02-04,2022-03-05,-0.287643,42.1009,,negatives.csv,16132,1
mesogeos-neg-16133-2022-03-06,0,no,2022-03-06,2022-02-04,2022-03-05,19.9309,41.9197,,negatives.csv,16133,3
mesogeos-neg-16134-2022-03-06,0,no,2022-03-06,2022-02-04,2022-03-05,29.7884,38.909,,negatives.csv,16134,1
mesogeos-neg-16135-2022-03-06,0,no,2022-03-06,2022-02-04,2022-03-05,6.29746,35.979,,negatives.csv,16135,6
mesogeos-neg-16136-2022-03-06,0,no,2022-03-06,2022-02-04,2022-03-05,7.80781,36.7744,,negatives.csv,16136,8
mesogeos-neg-16137-2022-03-07,0,no,2022-03-07,2022-02-05,2022-03-06,2.87401,39.775,,negatives.csv,16137,3
mesogeos-neg-16138-2022-03-07,0,no,2022-03-07,2022-02-05,2022-03-06,0.0647714,42.4332,,negatives.csv,16138,4
mesogeos-neg-16139-2022-03-07,0,no,2022-03-07,2022-02-05,2022-03-06,1.70601,42.0606,,negatives.csv,16139,4
mesogeos-neg-16140-2022-03-07,0,no,2022-03-07,2022-02-05,2022-03-06,-0.720608,38.7781,,negatives.csv,16140,7
mesogeos-neg-16141-2022-03-07,0,no,2022-03-07,2022-02-05,2022-03-06,-2.37192,41.9801,,negatives.csv,16141,6
mesogeos-neg-16142-2022-03-07,0,no,2022-03-07,2022-02-05,2022-03-06,23.012,38.5667,,negatives.csv,16142,4
mesogeos-neg-16143-2022-03-08,0,no,2022-03-08,2022-02-06,2022-03-07,-7.86958,38.4358,,negatives.csv,16143,3
mesogeos-neg-16144-2022-03-08,0,no,2022-03-08,2022-02-06,2022-03-07,-5.51344,41.6075,,negatives.csv,16144,4
mesogeos-neg-16145-2022-03-08,0,no,2022-03-08,2022-02-06,2022-03-07,8.76436,35.5057,,negatives.csv,16145,6
mesogeos-neg-16146-2022-03-08,0,no,2022-03-08,2022-02-06,2022-03-07,-7.3762,39.6642,,negatives.csv,16146,7
mesogeos-neg-16147-2022-03-08,0,no,2022-03-08,2022-02-06,2022-03-07,-7.28558,39.8354,,negatives.csv,16147,1
mesogeos-neg-16148-2022-03-08,0,no,2022-03-08,2022-02-06,2022-03-07,-6.80227,37.6705,,negatives.csv,16148,9
mesogeos-neg-16149-2022-03-09,0,no,2022-03-09,2022-02-07,2022-03-08,32.9601,36.9053,,negatives.csv,16149,4
mesogeos-neg-16150-2022-03-09,0,no,2022-03-09,2022-02-07,2022-03-08,-2.37192,34.8412,,negatives.csv,16150,7
mesogeos-neg-16151-2022-03-09,0,no,2022-03-09,2022-02-07,2022-03-08,6.83112,36.422,,negatives.csv,16151,4
mesogeos-neg-16152-2022-03-09,0,no,2022-03-09,2022-02-07,2022-03-08,1.11194,35.9185,,negatives.csv,16152,6
mesogeos-neg-16153-2022-03-09,0,no,2022-03-09,2022-02-07,2022-03-08,-3.07675,40.0267,,negatives.csv,16153,6
mesogeos-neg-16154-2022-03-10,0,no,2022-03-10,2022-02-08,2022-03-09,29.0835,37.298,,negatives.csv,16154,7
mesogeos-neg-16155-2022-03-10,0,no,2022-03-10,2022-02-08,2022-03-09,-3.37882,35.1734,,negatives.csv,16155,8
mesogeos-neg-16156-2022-03-10,0,no,2022-03-10,2022-02-08,2022-03-09,5.61277,35.8078,,negatives.csv,16156,4
mesogeos-neg-16157-2022-03-10,0,no,2022-03-10,2022-02-08,2022-03-09,0.346703,41.4766,,negatives.csv,16157,1
mesogeos-neg-16158-2022-03-10,0,no,2022-03-10,2022-02-08,2022-03-09,13.9902,37.3081,,negatives.csv,16158,6
mesogeos-neg-16159-2022-03-10,0,no,2022-03-10,2022-02-08,2022-03-09,21.7634,38.9493,,negatives.csv,16159,5
mesogeos-neg-16160-2022-03-11,0,no,2022-03-11,2022-02-09,2022-03-10,21.6627,32.5555,,negatives.csv,16160,2
mesogeos-neg-16161-2022-03-11,0,no,2022-03-11,2022-02-09,2022-03-10,11.5333,43.3192,,negatives.csv,16161,2
mesogeos-neg-16162-2022-03-11,0,no,2022-03-11,2022-02-09,2022-03-10,28.6204,37.4994,,negatives.csv,16162,5
mesogeos-neg-16163-2022-03-11,0,no,2022-03-11,2022-02-09,2022-03-10,35.9002,37.006,,negatives.csv,16163,3
mesogeos-neg-16164-2022-03-11,0,no,2022-03-11,2022-02-09,2022-03-10,30.1609,36.7543,,negatives.csv,16164,9
mesogeos-neg-16165-2022-03-11,0,no,2022-03-11,2022-02-09,2022-03-10,-7.5071,41.9398,,negatives.csv,16165,2
mesogeos-neg-16166-2022-03-12,0,no,2022-03-12,2022-02-10,2022-03-11,-0.0661252,40.8624,,negatives.csv,16166,2
mesogeos-neg-16167-2022-03-12,0,no,2022-03-12,2022-02-10,2022-03-11,0.0849094,41.1041,,negatives.csv,16167,6
mesogeos-neg-16168-2022-03-12,0,no,2022-03-12,2022-02-10,2022-03-11,-2.92571,38.4761,,negatives.csv,16168,2
mesogeos-neg-16169-2022-03-12,0,no,2022-03-12,2022-02-10,2022-03-11,1.50463,36.3616,,negatives.csv,16169,8
mesogeos-neg-16170-2022-03-12,0,no,2022-03-12,2022-02-10,2022-03-11,-3.13716,38.9996,,negatives.csv,16170,6
mesogeos-neg-16171-2022-03-12,0,no,2022-03-12,2022-02-10,2022-03-11,28.6103,39.3521,,negatives.csv,16171,2
mesogeos-pos-06051-2022-03-13,1,yes,2022-03-13,2022-02-11,2022-03-12,18.2191,42.7957,178.0,positives.csv,6051,8
mesogeos-pos-06054-2022-03-13,1,yes,2022-03-13,2022-02-11,2022-03-12,17.6351,43.0776,44.0,positives.csv,6054,8
mesogeos-pos-06056-2022-03-13,1,yes,2022-03-13,2022-02-11,2022-03-12,19.0448,42.4533,43.0,positives.csv,6056,9
mesogeos-pos-06064-2022-03-13,1,yes,2022-03-13,2022-02-11,2022-03-12,18.1285,43.0474,151.0,positives.csv,6064,3
mesogeos-neg-16172-2022-03-13,0,no,2022-03-13,2022-02-11,2022-03-12,32.4063,36.3716,,negatives.csv,16172,3
mesogeos-neg-16173-2022-03-13,0,no,2022-03-13,2022-02-11,2022-03-12,14.6547,37.9726,,negatives.csv,16173,2
mesogeos-neg-16174-2022-03-13,0,no,2022-03-13,2022-02-11,2022-03-12,-8.59454,38.033,,negatives.csv,16174,7
mesogeos-neg-16175-2022-03-13,0,no,2022-03-13,2022-02-11,2022-03-12,0.0647714,42.1412,,negatives.csv,16175,6
mesogeos-neg-16176-2022-03-13,0,no,2022-03-13,2022-02-11,2022-03-12,-5.83565,33.643,,negatives.csv,16176,2
mesogeos-neg-16177-2022-03-13,0,no,2022-03-13,2022-02-11,2022-03-12,-8.3831,32.2132,,negatives.csv,16177,0
mesogeos-neg-16178-2022-03-14,0,no,2022-03-14,2022-02-12,2022-03-13,-5.9464,33.9752,,negatives.csv,16178,6
mesogeos-neg-16179-2022-03-14,0,no,2022-03-14,2022-02-12,2022-03-13,-5.12075,41.9499,,negatives.csv,16179,5
mesogeos-neg-16180-2022-03-14,0,no,2022-03-14,2022-02-12,2022-03-13,-6.52034,38.315,,negatives.csv,16180,4
mesogeos-neg-16181-2022-03-14,0,no,2022-03-14,2022-02-12,2022-03-13,-1.8282,42.0103,,negatives.csv,16181,4
mesogeos-neg-16182-2022-03-14,0,no,2022-03-14,2022-02-12,2022-03-13,-6.48006,37.8719,,negatives.csv,16182,6
mesogeos-neg-16183-2022-03-14,0,no,2022-03-14,2022-02-12,2022-03-13,-6.85261,37.9928,,negatives.csv,16183,1
mesogeos-pos-03713-2022-03-15,1,yes,2022-03-15,2022-02-13,2022-03-14,13.4968,41.4263,79.0,positives.csv,3713,2
mesogeos-neg-16184-2022-03-15,0,no,2022-03-15,2022-02-13,2022-03-14,-4.55689,34.3276,,negatives.csv,16184,9
mesogeos-neg-16185-2022-03-15,0,no,2022-03-15,2022-02-13,2022-03-14,-1.36502,41.4061,,negatives.csv,16185,4
mesogeos-neg-16186-2022-03-15,0,no,2022-03-15,2022-02-13,2022-03-14,35.8902,31.7701,,negatives.csv,16186,7
mesogeos-neg-16187-2022-03-15,0,no,2022-03-15,2022-02-13,2022-03-14,-5.35234,39.5937,,negatives.csv,16187,7
mesogeos-neg-16188-2022-03-15,0,no,2022-03-15,2022-02-13,2022-03-14,-1.65702,41.4162,,negatives.csv,16188,9
mesogeos-neg-16189-2022-03-15,0,no,2022-03-15,2022-02-13,2022-03-14,7.92864,44.598,,negatives.csv,16189,7
mesogeos-neg-16190-2022-03-16,0,no,2022-03-16,2022-02-14,2022-03-15,-5.18116,34.0054,,negatives.csv,16190,4
mesogeos-neg-16191-2022-03-16,0,no,2022-03-16,2022-02-14,2022-03-15,34.9034,37.3685,,negatives.csv,16191,7
mesogeos-neg-16192-2022-03-16,0,no,2022-03-16,2022-02-14,2022-03-15,-8.35289,30.9143,,negatives.csv,16192,7
mesogeos-neg-16193-2022-03-16,0,no,2022-03-16,2022-02-14,2022-03-15,-1.8282,40.6711,,negatives.csv,16193,4
mesogeos-neg-16194-2022-03-16,0,no,2022-03-16,2022-02-14,2022-03-15,-5.53358,32.777,,negatives.csv,16194,7
mesogeos-pos-06063-2022-03-17,1,yes,2022-03-17,2022-02-15,2022-03-16,18.1889,43.0474,779.0,positives.csv,6063,3
mesogeos-neg-16195-2022-03-17,0,no,2022-03-17,2022-02-15,2022-03-16,21.2801,39.5937,,negatives.csv,16195,2
mesogeos-neg-16196-2022-03-17,0,no,2022-03-17,2022-02-15,2022-03-16,-0.619919,40.369,,negatives.csv,16196,4
mesogeos-neg-16197-2022-03-17,0,no,2022-03-17,2022-02-15,2022-03-16,-8.48379,37.9223,,negatives.csv,16197,6
mesogeos-neg-16198-2022-03-17,0,no,2022-03-17,2022-02-15,2022-03-16,5.24022,44.4872,,negatives.csv,16198,1
mesogeos-neg-16199-2022-03-17,0,no,2022-03-17,2022-02-15,2022-03-16,31.0369,38.3452,,negatives.csv,16199,0
mesogeos-neg-16200-2022-03-17,0,no,2022-03-17,2022-02-15,2022-03-16,14.4735,32.4649,,negatives.csv,16200,2
mesogeos-neg-16201-2022-03-18,0,no,2022-03-18,2022-02-16,2022-03-17,5.65305,43.3192,,negatives.csv,16201,7
mesogeos-neg-16202-2022-03-18,0,no,2022-03-18,2022-02-16,2022-03-17,28.6204,40.218,,negatives.csv,16202,8
mesogeos-neg-16203-2022-03-18,0,no,2022-03-18,2022-02-16,2022-03-17,28.5197,38.6976,,negatives.csv,16203,9
mesogeos-neg-16204-2022-03-18,0,no,2022-03-18,2022-02-16,2022-03-17,13.1242,41.7686,,negatives.csv,16204,9
mesogeos-neg-16205-2022-03-18,0,no,2022-03-18,2022-02-16,2022-03-17,-6.46999,37.6001,,negatives.csv,16205,1
mesogeos-neg-16206-2022-03-18,0,no,2022-03-18,2022-02-16,2022-03-17,32.799,36.3716,,negatives.csv,16206,1
mesogeos-pos-03715-2022-03-19,1,yes,2022-03-19,2022-02-17,2022-03-18,10.6875,43.9737,46.0,positives.csv,3715,4
mesogeos-pos-06085-2022-03-19,1,yes,2022-03-19,2022-02-17,2022-03-18,18.4608,42.9265,426.0,positives.csv,6085,7
mesogeos-neg-16207-2022-03-19,0,no,2022-03-19,2022-02-17,2022-03-18,31.6209,39.493,,negatives.csv,16207,4
mesogeos-neg-16208-2022-03-19,0,no,2022-03-19,2022-02-17,2022-03-18,29.3856,37.439,,negatives.csv,16208,9
mesogeos-neg-16209-2022-03-19,0,no,2022-03-19,2022-02-17,2022-03-18,3.5587,44.5275,,negatives.csv,16209,4
mesogeos-neg-16210-2022-03-19,0,no,2022-03-19,2022-02-17,2022-03-18,15.9838,40.067,,negatives.csv,16210,5
mesogeos-neg-16211-2022-03-19,0,no,2022-03-19,2022-02-17,2022-03-18,-7.97027,39.2514,,negatives.csv,16211,0
mesogeos-neg-16212-2022-03-19,0,no,2022-03-19,2022-02-17,2022-03-18,-5.95647,34.529,,negatives.csv,16212,0
mesogeos-pos-06060-2022-03-20,1,yes,2022-03-20,2022-02-18,2022-03-19,17.2827,43.4401,64.0,positives.csv,6060,7
mesogeos-pos-06061-2022-03-20,1,yes,2022-03-20,2022-02-18,2022-03-19,17.3532,43.2387,54.0,positives.csv,6061,5
mesogeos-pos-06062-2022-03-20,1,yes,2022-03-20,2022-02-18,2022-03-19,18.2695,42.9467,827.0,positives.csv,6062,7
mesogeos-pos-06531-2022-03-20,1,yes,2022-03-20,2022-02-18,2022-03-19,20.243,42.262,554.0,positives.csv,6531,5
mesogeos-neg-16213-2022-03-20,0,no,2022-03-20,2022-02-18,2022-03-19,-6.92309,40.0166,,negatives.csv,16213,4
mesogeos-neg-16214-2022-03-20,0,no,2022-03-20,2022-02-18,2022-03-19,6.91167,36.6636,,negatives.csv,16214,1
mesogeos-neg-16215-2022-03-20,0,no,2022-03-20,2022-02-18,2022-03-19,30.7047,38.8486,,negatives.csv,16215,5
mesogeos-neg-16216-2022-03-20,0,no,2022-03-20,2022-02-18,2022-03-19,5.25029,35.2339,,negatives.csv,16216,9
mesogeos-neg-16217-2022-03-20,0,no,2022-03-20,2022-02-18,2022-03-19,5.37112,43.7321,,negatives.csv,16217,2
mesogeos-neg-16218-2022-03-20,0,no,2022-03-20,2022-02-18,2022-03-19,8.35154,44.7692,,negatives.csv,16218,6
mesogeos-pos-06057-2022-03-21,1,yes,2022-03-21,2022-02-19,2022-03-20,20.092,40.4999,31.0,positives.csv,6057,6
mesogeos-pos-06058-2022-03-21,1,yes,2022-03-21,2022-02-19,2022-03-20,17.3935,43.4099,133.0,positives.csv,6058,3
mesogeos-pos-06076-2022-03-21,1,yes,2022-03-21,2022-02-19,2022-03-20,18.4608,42.5943,2167.0,positives.csv,6076,0
mesogeos-pos-06092-2022-03-21,1,yes,2022-03-21,2022-02-19,2022-03-20,18.7528,42.5137,147.0,positives.csv,6092,3
mesogeos-pos-06097-2022-03-21,1,yes,2022-03-21,2022-02-19,2022-03-20,18.3198,42.987,4594.0,positives.csv,6097,0
mesogeos-pos-06532-2022-03-21,1,yes,2022-03-21,2022-02-19,2022-03-20,20.2833,42.121,67.0,positives.csv,6532,7
mesogeos-neg-16219-2022-03-21,0,no,2022-03-21,2022-02-19,2022-03-20,-5.48323,32.6864,,negatives.csv,16219,2
mesogeos-neg-16220-2022-03-21,0,no,2022-03-21,2022-02-19,2022-03-20,-5.23151,37.3081,,negatives.csv,16220,4
mesogeos-neg-16221-2022-03-21,0,no,2022-03-21,2022-02-19,2022-03-20,3.69967,36.0293,,negatives.csv,16221,6
mesogeos-neg-16222-2022-03-21,0,no,2022-03-21,2022-02-19,2022-03-20,-4.38571,42.3123,,negatives.csv,16222,6
mesogeos-neg-16223-2022-03-21,0,no,2022-03-21,2022-02-19,2022-03-20,29.2749,39.1003,,negatives.csv,16223,5
mesogeos-pos-06059-2022-03-22,1,yes,2022-03-22,2022-02-20,2022-03-21,17.2928,43.4501,43.0,positives.csv,6059,0
mesogeos-pos-06065-2022-03-22,1,yes,2022-03-22,2022-02-20,2022-03-21,18.1688,42.8963,291.0,positives.csv,6065,7
mesogeos-pos-06069-2022-03-22,1,yes,2022-03-22,2022-02-20,2022-03-21,19.0045,42.4936,626.0,positives.csv,6069,7
mesogeos-pos-06071-2022-03-22,1,yes,2022-03-22,2022-02-20,2022-03-21,18.1688,42.9467,1802.0,positives.csv,6071,5
mesogeos-pos-06083-2022-03-22,1,yes,2022-03-22,2022-02-20,2022-03-21,18.4507,43.0071,281.0,positives.csv,6083,5
mesogeos-pos-06086-2022-03-22,1,yes,2022-03-22,2022-02-20,2022-03-21,18.491,42.7856,264.0,positives.csv,6086,3
mesogeos-pos-06522-2022-03-22,1,yes,2022-03-22,2022-02-20,2022-03-21,21.0082,41.0235,33.0,positives.csv,6522,7
mesogeos-pos-06529-2022-03-22,1,yes,2022-03-22,2022-02-20,2022-03-21,20.384,41.6176,79.0,positives.csv,6529,3
mesogeos-neg-16224-2022-03-22,0,no,2022-03-22,2022-02-20,2022-03-21,9.26781,39.7448,,negatives.csv,16224,1
mesogeos-neg-16225-2022-03-22,0,no,2022-03-22,2022-02-20,2022-03-21,5.80409,44.1952,,negatives.csv,16225,6
mesogeos-neg-16226-2022-03-22,0,no,2022-03-22,2022-02-20,2022-03-21,-4.60723,35.0828,,negatives.csv,16226,0
mesogeos-neg-16227-2022-03-22,0,no,2022-03-22,2022-02-20,2022-03-21,35.4169,32.9784,,negatives.csv,16227,3
mesogeos-neg-16228-2022-03-22,0,no,2022-03-22,2022-02-20,2022-03-21,22.4078,37.2476,,negatives.csv,16228,2
mesogeos-neg-16229-2022-03-22,0,no,2022-03-22,2022-02-20,2022-03-21,-1.93895,37.0563,,negatives.csv,16229,1
mesogeos-pos-03144-2022-03-23,1,yes,2022-03-23,2022-02-21,2022-03-22,15.863,39.8857,42.0,positives.csv,3144,9
mesogeos-pos-03152-2022-03-23,1,yes,2022-03-23,2022-02-21,2022-03-22,13.9499,41.2752,34.0,positives.csv,3152,2
mesogeos-pos-03721-2022-03-23,1,yes,2022-03-23,2022-02-21,2022-03-22,13.5169,41.7283,51.0,positives.csv,3721,2
mesogeos-pos-04893-2022-03-23,1,yes,2022-03-23,2022-02-21,2022-03-22,30.755,38.1438,41.0,positives.csv,4893,8
mesogeos-pos-06055-2022-03-23,1,yes,2022-03-23,2022-02-21,2022-03-22,16.598,43.7723,75.0,positives.csv,6055,9
mesogeos-pos-06073-2022-03-23,1,yes,2022-03-23,2022-02-21,2022-03-22,18.1587,42.8561,156.0,positives.csv,6073,9
mesogeos-pos-06084-2022-03-23,1,yes,2022-03-23,2022-02-21,2022-03-22,18.3702,43.0172,308.0,positives.csv,6084,6
mesogeos-pos-06087-2022-03-23,1,yes,2022-03-23,2022-02-21,2022-03-22,18.6622,42.5439,267.0,positives.csv,6087,6
mesogeos-pos-06089-2022-03-23,1,yes,2022-03-23,2022-02-21,2022-03-22,20.2833,39.8555,220.0,positives.csv,6089,9
mesogeos-pos-06520-2022-03-23,1,yes,2022-03-23,2022-02-21,2022-03-22,19.9309,42.1714,508.0,positives.csv,6520,6
mesogeos-pos-06521-2022-03-23,1,yes,2022-03-23,2022-02-21,2022-03-22,20.092,40.8322,142.0,positives.csv,6521,3
mesogeos-neg-16230-2022-03-23,0,no,2022-03-23,2022-02-21,2022-03-22,20.7968,41.245,,negatives.csv,16230,9
mesogeos-neg-16231-2022-03-23,0,no,2022-03-23,2022-02-21,2022-03-22,21.4009,40.4093,,negatives.csv,16231,9
mesogeos-neg-16232-2022-03-23,0,no,2022-03-23,2022-02-21,2022-03-22,-4.55689,39.493,,negatives.csv,16232,2
mesogeos-neg-16233-2022-03-23,0,no,2022-03-23,2022-02-21,2022-03-22,9.80147,44.6685,,negatives.csv,16233,8
mesogeos-neg-16234-2022-03-23,0,no,2022-03-23,2022-02-21,2022-03-22,-5.84571,42.1311,,negatives.csv,16234,8
mesogeos-neg-16235-2022-03-23,0,no,2022-03-23,2022-02-21,2022-03-22,28.1673,38.7681,,negatives.csv,16235,7
mesogeos-pos-03720-2022-03-24,1,yes,2022-03-24,2022-02-22,2022-03-23,10.6976,44.0039,58.0,positives.csv,3720,5
mesogeos-pos-03723-2022-03-24,1,yes,2022-03-24,2022-02-22,2022-03-23,12.9531,42.0505,119.0,positives.csv,3723,0
mesogeos-pos-03914-2022-03-24,1,yes,2022-03-24,2022-02-22,2022-03-23,7.21374,44.0744,58.0,positives.csv,3914,2
mesogeos-pos-06046-2022-03-24,1,yes,2022-03-24,2022-02-22,2022-03-23,19.0045,42.2217,617.0,positives.csv,6046,3
mesogeos-pos-06074-2022-03-24,1,yes,2022-03-24,2022-02-22,2022-03-23,18.3802,42.8057,167.0,positives.csv,6074,8
mesogeos-pos-06079-2022-03-24,1,yes,2022-03-24,2022-02-22,2022-03-23,17.7761,42.987,67.0,positives.csv,6079,9
mesogeos-pos-06088-2022-03-24,1,yes,2022-03-24,2022-02-22,2022-03-23,19.7496,41.6478,30.0,positives.csv,6088,3
mesogeos-pos-06093-2022-03-24,1,yes,2022-03-24,2022-02-22,2022-03-23,18.632,42.7151,803.0,positives.csv,6093,1
mesogeos-pos-06096-2022-03-24,1,yes,2022-03-24,2022-02-22,2022-03-23,18.2191,42.7957,97.0,positives.csv,6096,6
mesogeos-pos-06523-2022-03-24,1,yes,2022-03-24,2022-02-22,2022-03-23,20.3034,41.7585,68.0,positives.csv,6523,4
mesogeos-pos-06525-2022-03-24,1,yes,2022-03-24,2022-02-22,2022-03-23,19.9107,41.4565,76.0,positives.csv,6525,5
mesogeos-pos-06526-2022-03-24,1,yes,2022-03-24,2022-02-22,2022-03-23,20.4142,41.5974,149.0,positives.csv,6526,3
mesogeos-pos-06528-2022-03-24,1,yes,2022-03-24,2022-02-22,2022-03-23,20.4746,41.4968,47.0,positives.csv,6528,2
mesogeos-pos-06530-2022-03-24,1,yes,2022-03-24,2022-02-22,2022-03-23,20.0617,41.5672,155.0,positives.csv,6530,5
mesogeos-pos-06533-2022-03-24,1,yes,2022-03-24,2022-02-22,2022-03-23,19.8906,41.3961,168.0,positives.csv,6533,0
mesogeos-pos-06534-2022-03-24,1,yes,2022-03-24,2022-02-22,2022-03-23,19.9711,41.1443,98.0,positives.csv,6534,4
mesogeos-neg-16236-2022-03-24,0,no,2022-03-24,2022-02-22,2022-03-23,-5.41275,31.1962,,negatives.csv,16236,6
mesogeos-neg-16237-2022-03-24,0,no,2022-03-24,2022-02-22,2022-03-23,6.3176,36.3314,,negatives.csv,16237,0
mesogeos-neg-16238-2022-03-24,0,no,2022-03-24,2022-02-22,2022-03-23,-0.660195,40.651,,negatives.csv,16238,2
mesogeos-neg-16239-2022-03-24,0,no,2022-03-24,2022-02-22,2022-03-23,31.2484,38.7479,,negatives.csv,16239,9
mesogeos-neg-16240-2022-03-24,0,no,2022-03-24,2022-02-22,2022-03-23,-6.37937,34.3981,,negatives.csv,16240,2
mesogeos-pos-06070-2022-03-25,1,yes,2022-03-25,2022-02-23,2022-03-24,18.2493,43.0776,646.0,positives.csv,6070,8
mesogeos-pos-06072-2022-03-25,1,yes,2022-03-25,2022-02-23,2022-03-24,18.2191,42.846,239.0,positives.csv,6072,7
mesogeos-pos-06094-2022-03-25,1,yes,2022-03-25,2022-02-23,2022-03-24,18.6017,42.6648,314.0,positives.csv,6094,0
mesogeos-pos-06098-2022-03-25,1,yes,2022-03-25,2022-02-23,2022-03-24,17.6955,43.279,342.0,positives.csv,6098,7
mesogeos-pos-06524-2022-03-25,1,yes,2022-03-25,2022-02-23,2022-03-24,19.8906,41.8794,138.0,positives.csv,6524,6
mesogeos-neg-16241-2022-03-25,0,no,2022-03-25,2022-02-23,2022-03-24,22.5085,37.0664,,negatives.csv,16241,7
mesogeos-neg-16242-2022-03-25,0,no,2022-03-25,2022-02-23,2022-03-24,-4.91937,36.7039,,negatives.csv,16242,3
mesogeos-neg-16243-2022-03-25,0,no,2022-03-25,2022-02-23,2022-03-24,14.2217,41.386,,negatives.csv,16243,8
mesogeos-neg-16244-2022-03-25,0,no,2022-03-25,2022-02-23,2022-03-24,35.7996,33.1798,,negatives.csv,16244,0
mesogeos-neg-16245-2022-03-25,0,no,2022-03-25,2022-02-23,2022-03-24,-4.40585,41.7485,,negatives.csv,16245,0
mesogeos-neg-16246-2022-03-25,0,no,2022-03-25,2022-02-23,2022-03-24,29.0131,39.6743,,negatives.csv,16246,0
mesogeos-pos-03719-2022-03-26,1,yes,2022-03-26,2022-02-24,2022-03-25,9.90216,44.7088,86.0,positives.csv,3719,3
mesogeos-pos-03909-2022-03-26,1,yes,2022-03-26,2022-02-24,2022-03-25,6.59953,43.6817,201.0,positives.csv,3909,1
mesogeos-pos-06091-2022-03-26,1,yes,2022-03-26,2022-02-24,2022-03-25,16.3262,43.7824,46.0,positives.csv,6091,5
mesogeos-pos-06095-2022-03-26,1,yes,2022-03-26,2022-02-24,2022-03-25,18.5715,42.7151,124.0,positives.csv,6095,5
mesogeos-pos-06527-2022-03-26,1,yes,2022-03-26,2022-02-24,2022-03-25,20.3638,41.5874,149.0,positives.csv,6527,0
mesogeos-neg-16247-2022-03-26,0,no,2022-03-26,2022-02-24,2022-03-25,-2.81495,36.8449,,negatives.csv,16247,3
mesogeos-neg-16248-2022-03-26,0,no,2022-03-26,2022-02-24,2022-03-25,1.09181,35.2641,,negatives.csv,16248,3
mesogeos-neg-16249-2022-03-26,0,no,2022-03-26,2022-02-24,2022-03-25,22.2266,39.5031,,negatives.csv,16249,2
mesogeos-neg-16250-2022-03-26,0,no,2022-03-26,2022-02-24,2022-03-25,30.171,38.9392,,negatives.csv,16250,2
mesogeos-neg-16251-2022-03-26,0,no,2022-03-26,2022-02-24,2022-03-25,-7.28558,41.245,,negatives.csv,16251,9
mesogeos-neg-16252-2022-03-26,0,no,2022-03-26,2022-02-24,2022-03-25,3.04519,44.1248,,negatives.csv,16252,3
mesogeos-pos-03718-2022-03-27,1,yes,2022-03-27,2022-02-25,2022-03-26,15.3797,40.1979,39.0,positives.csv,3718,8
mesogeos-pos-06066-2022-03-27,1,yes,2022-03-27,2022-02-25,2022-03-26,19.0045,42.5842,174.0,positives.csv,6066,0
mesogeos-neg-16253-2022-03-27,0,no,2022-03-27,2022-02-25,2022-03-26,21.3204,40.4194,,negatives.csv,16253,2
mesogeos-neg-16254-2022-03-27,0,no,2022-03-27,2022-02-25,2022-03-26,16.3866,38.6472,,negatives.csv,16254,6
mesogeos-neg-16255-2022-03-27,0,no,2022-03-27,2022-02-25,2022-03-26,22.8106,37.7813,,negatives.csv,16255,8
mesogeos-neg-16256-2022-03-27,0,no,2022-03-27,2022-02-25,2022-03-26,-4.73813,37.7008,,negatives.csv,16256,7
mesogeos-neg-16257-2022-03-27,0,no,2022-03-27,2022-02-25,2022-03-26,-6.85261,39.7045,,negatives.csv,16257,7
mesogeos-neg-16258-2022-03-27,0,no,2022-03-27,2022-02-25,2022-03-26,0.819944,41.5874,,negatives.csv,16258,4
mesogeos-pos-06582-2022-03-28,1,yes,2022-03-28,2022-02-26,2022-03-27,9.14698,41.8592,200.0,positives.csv,6582,0
mesogeos-neg-16259-2022-03-28,0,no,2022-03-28,2022-02-26,2022-03-27,27.5833,38.8788,,negatives.csv,16259,5
mesogeos-neg-16260-2022-03-28,0,no,2022-03-28,2022-02-26,2022-03-27,-7.39634,40.953,,negatives.csv,16260,6
mesogeos-neg-16261-2022-03-28,0,no,2022-03-28,2022-02-26,2022-03-27,2.08863,36.4119,,negatives.csv,16261,2
mesogeos-neg-16262-2022-03-28,0,no,2022-03-28,2022-02-26,2022-03-27,22.6797,41.4968,,negatives.csv,16262,5
mesogeos-neg-16263-2022-03-28,0,no,2022-03-28,2022-02-26,2022-03-27,28.9929,39.4024,,negatives.csv,16263,7
mesogeos-neg-16264-2022-03-28,0,no,2022-03-28,2022-02-26,2022-03-27,28.5096,39.775,,negatives.csv,16264,9
mesogeos-pos-06068-2022-03-29,1,yes,2022-03-29,2022-02-27,2022-03-28,18.924,42.4835,122.0,positives.csv,6068,7
mesogeos-neg-16265-2022-03-29,0,no,2022-03-29,2022-02-27,2022-03-28,-6.44985,39.1406,,negatives.csv,16265,4
mesogeos-neg-16266-2022-03-29,0,no,2022-03-29,2022-02-27,2022-03-28,23.2939,40.953,,negatives.csv,16266,4
mesogeos-neg-16267-2022-03-29,0,no,2022-03-29,2022-02-27,2022-03-28,-4.59716,37.7914,,negatives.csv,16267,6
mesogeos-neg-16268-2022-03-29,0,no,2022-03-29,2022-02-27,2022-03-28,9.43898,39.785,,negatives.csv,16268,6
mesogeos-neg-16269-2022-03-29,0,no,2022-03-29,2022-02-27,2022-03-28,2.37057,43.9334,,negatives.csv,16269,0
mesogeos-pos-01636-2022-03-30,1,yes,2022-03-30,2022-02-28,2022-03-29,-6.59082,42.3023,46.0,positives.csv,1636,3
mesogeos-neg-16270-2022-03-30,0,no,2022-03-30,2022-02-28,2022-03-29,15.6314,40.9732,,negatives.csv,16270,5
mesogeos-neg-16271-2022-03-30,0,no,2022-03-30,2022-02-28,2022-03-29,9.4994,39.5434,,negatives.csv,16271,1
mesogeos-neg-16272-2022-03-30,0,no,2022-03-30,2022-02-28,2022-03-29,22.2568,39.8958,,negatives.csv,16272,9
mesogeos-neg-16273-2022-03-30,0,no,2022-03-30,2022-02-28,2022-03-29,0.296358,40.3388,,negatives.csv,16273,5
mesogeos-neg-16274-2022-03-30,0,no,2022-03-30,2022-02-28,2022-03-29,13.9499,42.1814,,negatives.csv,16274,9
mesogeos-neg-16275-2022-03-30,0,no,2022-03-30,2022-02-28,2022-03-29,20.1222,40.3187,,negatives.csv,16275,0
mesogeos-neg-16276-2022-03-31,0,no,2022-03-31,2022-03-01,2022-03-30,13.3457,42.8863,,negatives.csv,16276,6
mesogeos-neg-16277-2022-03-31,0,no,2022-03-31,2022-03-01,2022-03-30,13.8794,45.031,,negatives.csv,16277,4
mesogeos-neg-16278-2022-03-31,0,no,2022-03-31,2022-03-01,2022-03-30,1.85705,35.989,,negatives.csv,16278,7
mesogeos-neg-16279-2022-03-31,0,no,2022-03-31,2022-03-01,2022-03-30,8.77443,40.1777,,negatives.csv,16279,7
mesogeos-neg-16280-2022-03-31,0,no,2022-03-31,2022-03-01,2022-03-30,-2.84516,38.033,,negatives.csv,16280,3
mesogeos-neg-16281-2022-03-31,0,no,2022-03-31,2022-03-01,2022-03-30,-3.99302,38.5264,,negatives.csv,16281,1
mesogeos-pos-06206-2022-04-01,1,yes,2022-04-01,2022-03-02,2022-03-31,29.1238,40.0267,160.0,positives.csv,6206,6
mesogeos-neg-16282-2022-04-01,0,no,2022-04-01,2022-03-02,2022-03-31,16.4168,40.3086,,negatives.csv,16282,3
mesogeos-neg-16283-2022-04-01,0,no,2022-04-01,2022-03-02,2022-03-31,15.6717,41.0839,,negatives.csv,16283,4
mesogeos-neg-16284-2022-04-01,0,no,2022-04-01,2022-03-02,2022-03-31,-4.99992,37.9122,,negatives.csv,16284,3
mesogeos-neg-16285-2022-04-01,0,no,2022-04-01,2022-03-02,2022-03-31,21.8641,38.2646,,negatives.csv,16285,4
mesogeos-neg-16286-2022-04-01,0,no,2022-04-01,2022-03-02,2022-03-31,27.8249,40.1676,,negatives.csv,16286,0
mesogeos-neg-16287-2022-04-02,0,no,2022-04-02,2022-03-03,2022-04-01,-6.55054,41.7485,,negatives.csv,16287,3
mesogeos-neg-16288-2022-04-02,0,no,2022-04-02,2022-03-03,2022-04-01,26.8281,40.3187,,negatives.csv,16288,3
mesogeos-neg-16289-2022-04-02,0,no,2022-04-02,2022-03-03,2022-04-01,-6.00682,37.1268,,negatives.csv,16289,2
mesogeos-neg-16290-2022-04-02,0,no,2022-04-02,2022-03-03,2022-04-01,-4.71799,42.695,,negatives.csv,16290,8
mesogeos-neg-16291-2022-04-02,0,no,2022-04-02,2022-03-03,2022-04-01,20.5249,39.3017,,negatives.csv,16291,1
mesogeos-neg-16292-2022-04-02,0,no,2022-04-02,2022-03-03,2022-04-01,22.4783,37.731,,negatives.csv,16292,5
mesogeos-pos-04892-2022-04-03,1,yes,2022-04-03,2022-03-04,2022-04-02,30.7651,38.1337,46.0,positives.csv,4892,0
mesogeos-neg-16293-2022-04-03,0,no,2022-04-03,2022-03-04,2022-04-02,-2.35178,37.6806,,negatives.csv,16293,7
mesogeos-neg-16294-2022-04-03,0,no,2022-04-03,2022-03-04,2022-04-02,19.6389,40.4496,,negatives.csv,16294,6
mesogeos-neg-16295-2022-04-03,0,no,2022-04-03,2022-03-04,2022-04-02,9.18726,42.0505,,negatives.csv,16295,6
mesogeos-neg-16296-2022-04-03,0,no,2022-04-03,2022-03-04,2022-04-02,-0.146677,40.9832,,negatives.csv,16296,0
mesogeos-neg-16297-2022-04-03,0,no,2022-04-03,2022-03-04,2022-04-02,-3.86213,34.7606,,negatives.csv,16297,4
mesogeos-neg-16298-2022-04-03,0,no,2022-04-03,2022-03-04,2022-04-02,29.0533,37.7008,,negatives.csv,16298,9
mesogeos-neg-16299-2022-04-04,0,no,2022-04-04,2022-03-05,2022-04-03,-5.32213,32.5354,,negatives.csv,16299,5
mesogeos-neg-16300-2022-04-04,0,no,2022-04-04,2022-03-05,2022-04-03,-5.02006,34.67,,negatives.csv,16300,7
mesogeos-neg-16301-2022-04-04,0,no,2022-04-04,2022-03-05,2022-04-03,-5.67454,37.0865,,negatives.csv,16301,9
mesogeos-neg-16302-2022-04-04,0,no,2022-04-04,2022-03-05,2022-04-03,-9.34972,38.9191,,negatives.csv,16302,8
mesogeos-neg-16303-2022-04-04,0,no,2022-04-04,2022-03-05,2022-04-03,0.981048,41.4464,,negatives.csv,16303,6
mesogeos-neg-16304-2022-04-04,0,no,2022-04-04,2022-03-05,2022-04-03,13.4867,32.4951,,negatives.csv,16304,8
mesogeos-neg-16305-2022-04-05,0,no,2022-04-05,2022-03-06,2022-04-04,-5.66447,40.1173,,negatives.csv,16305,8
mesogeos-neg-16306-2022-04-05,0,no,2022-04-05,2022-03-06,2022-04-04,9.60009,36.6939,,negatives.csv,16306,7
mesogeos-neg-16307-2022-04-05,0,no,2022-04-05,2022-03-06,2022-04-04,11.0198,43.1481,,negatives.csv,16307,3
mesogeos-neg-16308-2022-04-05,0,no,2022-04-05,2022-03-06,2022-04-04,10.4459,44.1147,,negatives.csv,16308,1
mesogeos-neg-16309-2022-04-05,0,no,2022-04-05,2022-03-06,2022-04-04,30.0401,36.9254,,negatives.csv,16309,0
mesogeos-neg-16310-2022-04-06,0,no,2022-04-06,2022-03-07,2022-04-05,-5.25165,39.926,,negatives.csv,16310,5
mesogeos-neg-16311-2022-04-06,0,no,2022-04-06,2022-03-07,2022-04-05,10.3351,43.9334,,negatives.csv,16311,7
mesogeos-neg-16312-2022-04-06,0,no,2022-04-06,2022-03-07,2022-04-05,6.09609,43.9435,,negatives.csv,16312,0
mesogeos-neg-16313-2022-04-06,0,no,2022-04-06,2022-03-07,2022-04-05,35.4773,37.2376,,negatives.csv,16313,0
mesogeos-neg-16314-2022-04-06,0,no,2022-04-06,2022-03-07,2022-04-05,22.9314,36.8348,,negatives.csv,16314,1
mesogeos-neg-16315-2022-04-06,0,no,2022-04-06,2022-03-07,2022-04-05,7.98905,35.8984,,negatives.csv,16315,2
mesogeos-neg-16316-2022-04-07,0,no,2022-04-07,2022-03-08,2022-04-06,28.3989,39.8454,,negatives.csv,16316,0
mesogeos-neg-16317-2022-04-07,0,no,2022-04-07,2022-03-08,2022-04-06,-4.83882,41.8693,,negatives.csv,16317,1
mesogeos-neg-16318-2022-04-07,0,no,2022-04-07,2022-03-08,2022-04-06,6.12629,43.6717,,negatives.csv,16318,1
mesogeos-neg-16319-2022-04-07,0,no,2022-04-07,2022-03-08,2022-04-06,-4.64751,34.7505,,negatives.csv,16319,8
mesogeos-neg-16320-2022-04-07,0,no,2022-04-07,2022-03-08,2022-04-06,28.1773,37.8014,,negatives.csv,16320,2
mesogeos-neg-16321-2022-04-08,0,no,2022-04-08,2022-03-09,2022-04-07,-1.9893,37.1872,,negatives.csv,16321,8
mesogeos-neg-16322-2022-04-08,0,no,2022-04-08,2022-03-09,2022-04-07,0.246013,35.1835,,negatives.csv,16322,1
mesogeos-neg-16323-2022-04-08,0,no,2022-04-08,2022-03-09,2022-04-07,-2.06985,42.2922,,negatives.csv,16323,5
mesogeos-neg-16324-2022-04-08,0,no,2022-04-08,2022-03-09,2022-04-07,-0.186953,41.2048,,negatives.csv,16324,1
mesogeos-neg-16325-2022-04-08,0,no,2022-04-08,2022-03-09,2022-04-07,10.164,36.1803,,negatives.csv,16325,5
mesogeos-neg-16326-2022-04-08,0,no,2022-04-08,2022-03-09,2022-04-07,-2.13026,39.9965,,negatives.csv,16326,6
mesogeos-pos-03912-2022-04-09,1,yes,2022-04-09,2022-03-10,2022-04-08,6.8714,43.9234,80.0,positives.csv,3912,5
mesogeos-neg-16327-2022-04-09,0,no,2022-04-09,2022-03-10,2022-04-08,-7.30572,33.0489,,negatives.csv,16327,4
mesogeos-neg-16328-2022-04-09,0,no,2022-04-09,2022-03-10,2022-04-08,29.7984,40.8121,,negatives.csv,16328,5
mesogeos-neg-16329-2022-04-09,0,no,2022-04-09,2022-03-10,2022-04-08,-6.00682,37.9928,,negatives.csv,16329,0
mesogeos-neg-16330-2022-04-09,0,no,2022-04-09,2022-03-10,2022-04-08,36.0009,33.9752,,negatives.csv,16330,4
mesogeos-neg-16331-2022-04-09,0,no,2022-04-09,2022-03-10,2022-04-08,-5.74503,41.2954,,negatives.csv,16331,7
mesogeos-neg-16332-2022-04-09,0,no,2022-04-09,2022-03-10,2022-04-08,6.01553,44.5074,,negatives.csv,16332,8
mesogeos-neg-16333-2022-04-10,0,no,2022-04-10,2022-03-11,2022-04-09,28.3082,39.5333,,negatives.csv,16333,3
mesogeos-neg-16334-2022-04-10,0,no,2022-04-10,2022-03-11,2022-04-09,14.111,45.2223,,negatives.csv,16334,4
mesogeos-neg-16335-2022-04-10,0,no,2022-04-10,2022-03-11,2022-04-09,-6.6613,42.111,,negatives.csv,16335,9
mesogeos-neg-16336-2022-04-10,0,no,2022-04-10,2022-03-11,2022-04-09,29.9898,36.6334,,negatives.csv,16336,0
mesogeos-neg-16337-2022-04-10,0,no,2022-04-10,2022-03-11,2022-04-09,-6.82241,39.5031,,negatives.csv,16337,1
mesogeos-neg-16338-2022-04-10,0,no,2022-04-10,2022-03-11,2022-04-09,14.7353,37.5396,,negatives.csv,16338,6
mesogeos-neg-16339-2022-04-11,0,no,2022-04-11,2022-03-12,2022-04-10,-4.20447,32.3239,,negatives.csv,16339,4
mesogeos-neg-16340-2022-04-11,0,no,2022-04-11,2022-03-12,2022-04-10,3.31705,35.9387,,negatives.csv,16340,5
mesogeos-neg-16341-2022-04-11,0,no,2022-04-11,2022-03-12,2022-04-10,28.9929,40.077,,negatives.csv,16341,5
mesogeos-neg-16342-2022-04-11,0,no,2022-04-11,2022-03-12,2022-04-10,4.19305,43.9536,,negatives.csv,16342,9
mesogeos-neg-16343-2022-04-11,0,no,2022-04-11,2022-03-12,2022-04-10,8.55291,40.7819,,negatives.csv,16343,0
mesogeos-neg-16344-2022-04-11,0,no,2022-04-11,2022-03-12,2022-04-10,-5.96654,35.3144,,negatives.csv,16344,9
mesogeos-pos-06702-2022-04-12,1,yes,2022-04-12,2022-03-13,2022-04-11,33.9569,36.3112,55.0,positives.csv,6702,5
mesogeos-neg-16345-2022-04-12,0,no,2022-04-12,2022-03-13,2022-04-11,16.1852,40.4395,,negatives.csv,16345,9
mesogeos-neg-16346-2022-04-12,0,no,2022-04-12,2022-03-13,2022-04-11,-2.88544,37.0664,,negatives.csv,16346,9
mesogeos-neg-16347-2022-04-12,0,no,2022-04-12,2022-03-13,2022-04-11,32.9198,34.7707,,negatives.csv,16347,2
mesogeos-neg-16348-2022-04-12,0,no,2022-04-12,2022-03-13,2022-04-11,17.6855,43.3092,,negatives.csv,16348,0
mesogeos-neg-16349-2022-04-12,0,no,2022-04-12,2022-03-13,2022-04-11,4.47498,36.1602,,negatives.csv,16349,1
mesogeos-neg-16350-2022-04-12,0,no,2022-04-12,2022-03-13,2022-04-11,4.5656,44.2053,,negatives.csv,16350,4
mesogeos-pos-06090-2022-04-13,1,yes,2022-04-13,2022-03-14,2022-04-12,19.8201,41.8592,40.0,positives.csv,6090,6
mesogeos-neg-16351-2022-04-13,0,no,2022-04-13,2022-03-14,2022-04-12,-8.30254,31.4882,,negatives.csv,16351,3
mesogeos-neg-16352-2022-04-13,0,no,2022-04-13,2022-03-14,2022-04-12,0.487668,40.651,,negatives.csv,16352,4
mesogeos-neg-16353-2022-04-13,0,no,2022-04-13,2022-03-14,2022-04-12,30.2213,37.8719,,negatives.csv,16353,4
mesogeos-neg-16354-2022-04-13,0,no,2022-04-13,2022-03-14,2022-04-12,32.1747,36.6032,,negatives.csv,16354,7
mesogeos-neg-16355-2022-04-13,0,no,2022-04-13,2022-03-14,2022-04-12,-2.72433,41.7988,,negatives.csv,16355,3
mesogeos-neg-16356-2022-04-13,0,no,2022-04-13,2022-03-14,2022-04-12,-0.418539,39.2413,,negatives.csv,16356,5
mesogeos-neg-16357-2022-04-14,0,no,2022-04-14,2022-03-15,2022-04-13,-5.50337,36.3616,,negatives.csv,16357,0
mesogeos-neg-16358-2022-04-14,0,no,2022-04-14,2022-03-15,2022-04-13,-8.44351,38.033,,negatives.csv,16358,8
mesogeos-neg-16359-2022-04-14,0,no,2022-04-14,2022-03-15,2022-04-13,-5.56378,33.8443,,negatives.csv,16359,9
mesogeos-neg-16360-2022-04-14,0,no,2022-04-14,2022-03-15,2022-04-13,30.02,37.1369,,negatives.csv,16360,5
mesogeos-neg-16361-2022-04-14,0,no,2022-04-14,2022-03-15,2022-04-13,-5.60406,32.4548,,negatives.csv,16361,5
mesogeos-neg-16362-2022-04-15,0,no,2022-04-15,2022-03-16,2022-04-14,27.0093,40.1072,,negatives.csv,16362,3
mesogeos-neg-16363-2022-04-15,0,no,2022-04-15,2022-03-16,2022-04-14,13.4364,32.7166,,negatives.csv,16363,1
mesogeos-neg-16364-2022-04-15,0,no,2022-04-15,2022-03-16,2022-04-14,3.58891,43.571,,negatives.csv,16364,7
mesogeos-neg-16365-2022-04-15,0,no,2022-04-15,2022-03-16,2022-04-14,8.10988,35.7071,,negatives.csv,16365,7
mesogeos-neg-16366-2022-04-15,0,no,2022-04-15,2022-03-16,2022-04-14,-2.29137,37.147,,negatives.csv,16366,0
mesogeos-neg-16367-2022-04-15,0,no,2022-04-15,2022-03-16,2022-04-14,8.97581,40.4395,,negatives.csv,16367,3
mesogeos-neg-16368-2022-04-16,0,no,2022-04-16,2022-03-17,2022-04-15,-4.39578,42.3627,,negatives.csv,16368,1
mesogeos-neg-16369-2022-04-16,0,no,2022-04-16,2022-03-17,2022-04-15,12.208,42.413,,negatives.csv,16369,1
mesogeos-neg-16370-2022-04-16,0,no,2022-04-16,2022-03-17,2022-04-15,-8.79592,37.59,,negatives.csv,16370,8
mesogeos-neg-16371-2022-04-16,0,no,2022-04-16,2022-03-17,2022-04-15,-8.50392,33.1899,,negatives.csv,16371,6
mesogeos-neg-16372-2022-04-16,0,no,2022-04-16,2022-03-17,2022-04-15,-7.78903,32.4246,,negatives.csv,16372,1
mesogeos-neg-16373-2022-04-16,0,no,2022-04-16,2022-03-17,2022-04-15,27.4927,37.741,,negatives.csv,16373,6
mesogeos-neg-16374-2022-04-17,0,no,2022-04-17,2022-03-18,2022-04-16,7.53595,36.4623,,negatives.csv,16374,5
mesogeos-neg-16375-2022-04-17,0,no,2022-04-17,2022-03-18,2022-04-16,20.2833,42.3728,,negatives.csv,16375,4
mesogeos-neg-16376-2022-04-17,0,no,2022-04-17,2022-03-18,2022-04-16,22.9818,37.7511,,negatives.csv,16376,1
mesogeos-neg-16377-2022-04-17,0,no,2022-04-17,2022-03-18,2022-04-16,30.7751,39.775,,negatives.csv,16377,9
mesogeos-neg-16378-2022-04-17,0,no,2022-04-17,2022-03-18,2022-04-16,0.96091,41.5974,,negatives.csv,16378,5
mesogeos-neg-16379-2022-04-17,0,no,2022-04-17,2022-03-18,2022-04-16,12.2885,31.901,,negatives.csv,16379,4
mesogeos-pos-06050-2022-04-18,1,yes,2022-04-18,2022-03-19,2022-04-17,18.8837,42.6446,227.0,positives.csv,6050,2
mesogeos-neg-16380-2022-04-18,0,no,2022-04-18,2022-03-19,2022-04-17,-5.85578,37.9223,,negatives.csv,16380,3
mesogeos-neg-16381-2022-04-18,0,no,2022-04-18,2022-03-19,2022-04-17,-1.46571,39.926,,negatives.csv,16381,8
mesogeos-neg-16382-2022-04-18,0,no,2022-04-18,2022-03-19,2022-04-17,-2.88544,41.527,,negatives.csv,16382,3
mesogeos-neg-16383-2022-04-18,0,no,2022-04-18,2022-03-19,2022-04-17,-5.67454,37.2476,,negatives.csv,16383,8
mesogeos-neg-16384-2022-04-18,0,no,2022-04-18,2022-03-19,2022-04-17,35.9506,38.0632,,negatives.csv,16384,0
mesogeos-neg-16385-2022-04-18,0,no,2022-04-18,2022-03-19,2022-04-17,27.6739,37.741,,negatives.csv,16385,4
mesogeos-neg-16386-2022-04-19,0,no,2022-04-19,2022-03-20,2022-04-18,10.6976,43.138,,negatives.csv,16386,4
mesogeos-neg-16387-2022-04-19,0,no,2022-04-19,2022-03-20,2022-04-18,20.9075,40.7114,,negatives.csv,16387,6
mesogeos-neg-16388-2022-04-19,0,no,2022-04-19,2022-03-20,2022-04-18,-5.73496,33.4617,,negatives.csv,16388,4
mesogeos-neg-16389-2022-04-19,0,no,2022-04-19,2022-03-20,2022-04-18,-5.47316,37.1671,,negatives.csv,16389,5
mesogeos-neg-16390-2022-04-19,0,no,2022-04-19,2022-03-20,2022-04-18,12.2482,43.4199,,negatives.csv,16390,1
mesogeos-neg-16391-2022-04-19,0,no,2022-04-19,2022-03-20,2022-04-18,22.6193,37.4994,,negatives.csv,16391,1
mesogeos-pos-01639-2022-04-20,1,yes,2022-04-20,2022-03-21,2022-04-19,-7.20503,41.7585,258.0,positives.csv,1639,0
mesogeos-neg-16392-2022-04-20,0,no,2022-04-20,2022-03-21,2022-04-19,-7.80916,37.1872,,negatives.csv,16392,3
mesogeos-neg-16393-2022-04-20,0,no,2022-04-20,2022-03-21,2022-04-19,3.93126,36.4824,,negatives.csv,16393,4
mesogeos-neg-16394-2022-04-20,0,no,2022-04-20,2022-03-21,2022-04-19,-3.29827,36.865,,negatives.csv,16394,6
mesogeos-neg-16395-2022-04-20,0,no,2022-04-20,2022-03-21,2022-04-19,-0.247367,40.5301,,negatives.csv,16395,0
mesogeos-neg-16396-2022-04-20,0,no,2022-04-20,2022-03-21,2022-04-19,23.0724,40.6107,,negatives.csv,16396,0
mesogeos-neg-16397-2022-04-20,0,no,2022-04-20,2022-03-21,2022-04-19,1.11194,35.1634,,negatives.csv,16397,7
mesogeos-neg-16398-2022-04-21,0,no,2022-04-21,2022-03-22,2022-04-20,7.29429,36.3817,,negatives.csv,16398,5
mesogeos-neg-16399-2022-04-21,0,no,2022-04-21,2022-03-22,2022-04-20,10.0633,34.7405,,negatives.csv,16399,4
mesogeos-neg-16400-2022-04-21,0,no,2022-04-21,2022-03-22,2022-04-20,-6.96337,32.2333,,negatives.csv,16400,4
mesogeos-neg-16401-2022-04-21,0,no,2022-04-21,2022-03-22,2022-04-20,-6.93316,33.3711,,negatives.csv,16401,8
mesogeos-neg-16402-2022-04-21,0,no,2022-04-21,2022-03-22,2022-04-20,-5.69468,39.9763,,negatives.csv,16402,8
mesogeos-neg-16403-2022-04-21,0,no,2022-04-21,2022-03-22,2022-04-20,-6.34916,31.8708,,negatives.csv,16403,1
mesogeos-neg-16404-2022-04-22,0,no,2022-04-22,2022-03-23,2022-04-21,27.9961,39.6541,,negatives.csv,16404,9
mesogeos-neg-16405-2022-04-22,0,no,2022-04-22,2022-03-23,2022-04-21,22.7804,38.6976,,negatives.csv,16405,9
mesogeos-neg-16406-2022-04-22,0,no,2022-04-22,2022-03-23,2022-04-21,-2.92571,40.4798,,negatives.csv,16406,8
mesogeos-neg-16407-2022-04-22,0,no,2022-04-22,2022-03-23,2022-04-21,-6.57068,40.2281,,negatives.csv,16407,9
mesogeos-neg-16408-2022-04-22,0,no,2022-04-22,2022-03-23,2022-04-21,6.82105,35.395,,negatives.csv,16408,3
mesogeos-neg-16409-2022-04-22,0,no,2022-04-22,2022-03-23,2022-04-21,-4.92944,38.2646,,negatives.csv,16409,3
mesogeos-neg-16410-2022-04-23,0,no,2022-04-23,2022-03-24,2022-04-22,-6.29882,40.6711,,negatives.csv,16410,1
mesogeos-neg-16411-2022-04-23,0,no,2022-04-23,2022-03-24,2022-04-22,21.552,32.7065,,negatives.csv,16411,5
mesogeos-neg-16412-2022-04-23,0,no,2022-04-23,2022-03-24,2022-04-22,-2.68406,36.8751,,negatives.csv,16412,2
mesogeos-neg-16413-2022-04-23,0,no,2022-04-23,2022-03-24,2022-04-22,-8.32268,30.7129,,negatives.csv,16413,5
mesogeos-neg-16414-2022-04-23,0,no,2022-04-23,2022-03-24,2022-04-22,-1.25426,39.191,,negatives.csv,16414,6
mesogeos-neg-16415-2022-04-24,0,no,2022-04-24,2022-03-25,2022-04-23,5.63291,35.8984,,negatives.csv,16415,3
mesogeos-neg-16416-2022-04-24,0,no,2022-04-24,2022-03-25,2022-04-23,21.0888,32.6965,,negatives.csv,16416,8
mesogeos-neg-16417-2022-04-24,0,no,2022-04-24,2022-03-25,2022-04-23,20.1322,41.8693,,negatives.csv,16417,0
mesogeos-neg-16418-2022-04-24,0,no,2022-04-24,2022-03-25,2022-04-23,22.9415,40.8624,,negatives.csv,16418,0
mesogeos-neg-16419-2022-04-24,0,no,2022-04-24,2022-03-25,2022-04-23,23.012,38.5768,,negatives.csv,16419,9
mesogeos-neg-16420-2022-04-24,0,no,2022-04-24,2022-03-25,2022-04-23,30.0703,38.023,,negatives.csv,16420,4
mesogeos-neg-16421-2022-04-25,0,no,2022-04-25,2022-03-26,2022-04-24,23.2033,38.3653,,negatives.csv,16421,6
mesogeos-neg-16422-2022-04-25,0,no,2022-04-25,2022-03-26,2022-04-24,30.0904,37.9827,,negatives.csv,16422,2
mesogeos-neg-16423-2022-04-25,0,no,2022-04-25,2022-03-26,2022-04-24,20.384,39.5434,,negatives.csv,16423,0
mesogeos-neg-16424-2022-04-25,0,no,2022-04-25,2022-03-26,2022-04-24,-1.86847,39.2816,,negatives.csv,16424,6
mesogeos-neg-16425-2022-04-25,0,no,2022-04-25,2022-03-26,2022-04-24,1.26298,34.9721,,negatives.csv,16425,9
mesogeos-neg-16426-2022-04-25,0,no,2022-04-25,2022-03-26,2022-04-24,21.6526,32.8777,,negatives.csv,16426,2
mesogeos-pos-04832-2022-04-26,1,yes,2022-04-26,2022-03-27,2022-04-25,22.5689,41.5471,46.0,positives.csv,4832,2
mesogeos-pos-04836-2022-04-26,1,yes,2022-04-26,2022-03-27,2022-04-25,22.5488,37.2879,42.0,positives.csv,4836,7
mesogeos-neg-16427-2022-04-26,0,no,2022-04-26,2022-03-27,2022-04-25,23.4248,40.3489,,negatives.csv,16427,6
mesogeos-neg-16428-2022-04-26,0,no,2022-04-26,2022-03-27,2022-04-25,-2.63371,36.855,,negatives.csv,16428,9
mesogeos-neg-16429-2022-04-26,0,no,2022-04-26,2022-03-27,2022-04-25,-9.27923,30.7834,,negatives.csv,16429,0
mesogeos-neg-16430-2022-04-26,0,no,2022-04-26,2022-03-27,2022-04-25,-7.45675,31.4379,,negatives.csv,16430,6
mesogeos-neg-16431-2022-04-26,0,no,2022-04-26,2022-03-27,2022-04-25,30.6946,38.174,,negatives.csv,16431,1
mesogeos-neg-16432-2022-04-26,0,no,2022-04-26,2022-03-27,2022-04-25,-2.74447,38.6774,,negatives.csv,16432,8
mesogeos-neg-16433-2022-04-27,0,no,2022-04-27,2022-03-28,2022-04-26,35.6183,33.653,,negatives.csv,16433,2
mesogeos-neg-16434-2022-04-27,0,no,2022-04-27,2022-03-28,2022-04-26,-3.1573,41.4766,,negatives.csv,16434,4
mesogeos-neg-16435-2022-04-27,0,no,2022-04-27,2022-03-28,2022-04-26,-1.57647,41.6679,,negatives.csv,16435,6
mesogeos-neg-16436-2022-04-27,0,no,2022-04-27,2022-03-28,2022-04-26,-6.57068,31.6896,,negatives.csv,16436,3
mesogeos-neg-16437-2022-04-27,0,no,2022-04-27,2022-03-28,2022-04-26,8.95567,41.7787,,negatives.csv,16437,0
mesogeos-neg-16438-2022-04-27,0,no,2022-04-27,2022-03-28,2022-04-26,11.5635,43.3998,,negatives.csv,16438,4
mesogeos-neg-16439-2022-04-28,0,no,2022-04-28,2022-03-29,2022-04-27,-8.55427,38.3653,,negatives.csv,16439,7
mesogeos-neg-16440-2022-04-28,0,no,2022-04-28,2022-03-29,2022-04-27,-5.11068,39.4628,,negatives.csv,16440,0
mesogeos-neg-16441-2022-04-28,0,no,2022-04-28,2022-03-29,2022-04-27,17.6955,43.0373,,negatives.csv,16441,4
mesogeos-neg-16442-2022-04-28,0,no,2022-04-28,2022-03-29,2022-04-27,17.2827,43.3494,,negatives.csv,16442,7
mesogeos-neg-16443-2022-04-28,0,no,2022-04-28,2022-03-29,2022-04-27,21.0586,39.5132,,negatives.csv,16443,1
mesogeos-neg-16444-2022-04-29,0,no,2022-04-29,2022-03-30,2022-04-28,4.86767,43.5307,,negatives.csv,16444,6
mesogeos-neg-16445-2022-04-29,0,no,2022-04-29,2022-03-30,2022-04-28,7.15333,44.0442,,negatives.csv,16445,0
mesogeos-neg-16446-2022-04-29,0,no,2022-04-29,2022-03-30,2022-04-28,2.56188,43.3595,,negatives.csv,16446,8
mesogeos-neg-16447-2022-04-29,0,no,2022-04-29,2022-03-30,2022-04-28,-6.16792,40.8322,,negatives.csv,16447,2
mesogeos-neg-16448-2022-04-29,0,no,2022-04-29,2022-03-30,2022-04-28,-2.96599,41.1846,,negatives.csv,16448,8
mesogeos-neg-16449-2022-04-30,0,no,2022-04-30,2022-03-31,2022-04-29,-1.28447,34.0659,,negatives.csv,16449,4
mesogeos-neg-16450-2022-04-30,0,no,2022-04-30,2022-03-31,2022-04-29,-6.60089,40.4999,,negatives.csv,16450,5
mesogeos-neg-16451-2022-04-30,0,no,2022-04-30,2022-03-31,2022-04-29,13.819,37.7914,,negatives.csv,16451,5
mesogeos-neg-16452-2022-04-30,0,no,2022-04-30,2022-03-31,2022-04-29,-5.17109,42.5137,,negatives.csv,16452,4
mesogeos-neg-16453-2022-04-30,0,no,2022-04-30,2022-03-31,2022-04-29,28.0666,39.3923,,negatives.csv,16453,0
mesogeos-neg-16454-2022-04-30,0,no,2022-04-30,2022-03-31,2022-04-29,1.13208,35.8682,,negatives.csv,16454,3
mesogeos-neg-16455-2022-05-01,0,no,2022-05-01,2022-04-01,2022-04-30,6.19678,35.5963,,negatives.csv,16455,7
mesogeos-neg-16456-2022-05-01,0,no,2022-05-01,2022-04-01,2022-04-30,0.920634,36.271,,negatives.csv,16456,9
mesogeos-neg-16457-2022-05-01,0,no,2022-05-01,2022-04-01,2022-04-30,1.01125,34.7505,,negatives.csv,16457,7
mesogeos-neg-16458-2022-05-01,0,no,2022-05-01,2022-04-01,2022-04-30,1.75636,36.4824,,negatives.csv,16458,8
mesogeos-neg-16459-2022-05-01,0,no,2022-05-01,2022-04-01,2022-04-30,-4.37565,37.1772,,negatives.csv,16459,4
mesogeos-neg-16460-2022-05-01,0,no,2022-05-01,2022-04-01,2022-04-30,-0.0761942,40.7617,,negatives.csv,16460,1
mesogeos-neg-16461-2022-05-02,0,no,2022-05-02,2022-04-02,2022-05-01,20.5954,40.943,,negatives.csv,16461,1
mesogeos-neg-16462-2022-05-02,0,no,2022-05-02,2022-04-02,2022-05-01,22.1158,40.5503,,negatives.csv,16462,1
mesogeos-neg-16463-2022-05-02,0,no,2022-05-02,2022-04-02,2022-05-01,4.72671,35.8783,,negatives.csv,16463,5
mesogeos-neg-16464-2022-05-02,0,no,2022-05-02,2022-04-02,2022-05-01,-3.89233,37.1671,,negatives.csv,16464,0
mesogeos-neg-16465-2022-05-02,0,no,2022-05-02,2022-04-02,2022-05-01,0.86022,35.9085,,negatives.csv,16465,6
mesogeos-neg-16466-2022-05-02,0,no,2022-05-02,2022-04-02,2022-05-01,7.15333,43.7824,,negatives.csv,16466,9
mesogeos-neg-16467-2022-05-03,0,no,2022-05-03,2022-04-03,2022-05-02,29.6877,37.7511,,negatives.csv,16467,6
mesogeos-neg-16468-2022-05-03,0,no,2022-05-03,2022-04-03,2022-05-02,-0.327918,40.8926,,negatives.csv,16468,5
mesogeos-neg-16469-2022-05-03,0,no,2022-05-03,2022-04-03,2022-05-02,17.7157,43.1481,,negatives.csv,16469,6
mesogeos-neg-16470-2022-05-03,0,no,2022-05-03,2022-04-03,2022-05-02,-8.59454,37.5699,,negatives.csv,16470,6
mesogeos-neg-16471-2022-05-03,0,no,2022-05-03,2022-04-03,2022-05-02,22.6595,37.5699,,negatives.csv,16471,9
mesogeos-neg-16472-2022-05-03,0,no,2022-05-03,2022-04-03,2022-05-02,21.0787,40.0368,,negatives.csv,16472,4
mesogeos-neg-16473-2022-05-04,0,no,2022-05-04,2022-04-04,2022-05-03,-6.53041,37.4188,,negatives.csv,16473,3
mesogeos-neg-16474-2022-05-04,0,no,2022-05-04,2022-04-04,2022-05-03,9.05636,40.9228,,negatives.csv,16474,3
mesogeos-neg-16475-2022-05-04,0,no,2022-05-04,2022-04-04,2022-05-03,6.96202,36.1099,,negatives.csv,16475,9
mesogeos-neg-16476-2022-05-04,0,no,2022-05-04,2022-04-04,2022-05-03,20.9075,39.8152,,negatives.csv,16476,3
mesogeos-neg-16477-2022-05-04,0,no,2022-05-04,2022-04-04,2022-05-03,-4.07358,40.4496,,negatives.csv,16477,1
mesogeos-neg-16478-2022-05-04,0,no,2022-05-04,2022-04-04,2022-05-03,4.79719,44.6181,,negatives.csv,16478,3
mesogeos-neg-16479-2022-05-05,0,no,2022-05-05,2022-04-05,2022-05-04,28.5801,39.5937,,negatives.csv,16479,3
mesogeos-neg-16480-2022-05-05,0,no,2022-05-05,2022-04-05,2022-05-04,15.8026,41.1443,,negatives.csv,16480,5
mesogeos-neg-16481-2022-05-05,0,no,2022-05-05,2022-04-05,2022-05-04,-2.62364,41.97,,negatives.csv,16481,3
mesogeos-neg-16482-2022-05-05,0,no,2022-05-05,2022-04-05,2022-05-04,35.719,33.6933,,negatives.csv,16482,8
mesogeos-neg-16483-2022-05-05,0,no,2022-05-05,2022-04-05,2022-05-04,5.9954,35.2036,,negatives.csv,16483,7
mesogeos-neg-16484-2022-05-05,0,no,2022-05-05,2022-04-05,2022-05-04,-8.86641,38.6774,,negatives.csv,16484,1
mesogeos-pos-08448-2022-05-06,1,yes,2022-05-06,2022-04-06,2022-05-05,9.89209,36.2307,30.0,positives.csv,8448,9
mesogeos-neg-16485-2022-05-06,0,no,2022-05-06,2022-04-06,2022-05-05,23.163,40.651,,negatives.csv,16485,6
mesogeos-neg-16486-2022-05-06,0,no,2022-05-06,2022-04-06,2022-05-05,-7.12447,41.7888,,negatives.csv,16486,3
mesogeos-neg-16487-2022-05-06,0,no,2022-05-06,2022-04-06,2022-05-05,22.3172,38.7379,,negatives.csv,16487,1
mesogeos-neg-16488-2022-05-06,0,no,2022-05-06,2022-04-06,2022-05-05,-1.60668,34.7203,,negatives.csv,16488,6
mesogeos-neg-16489-2022-05-06,0,no,2022-05-06,2022-04-06,2022-05-05,-6.31896,33.4114,,negatives.csv,16489,6
mesogeos-neg-16490-2022-05-06,0,no,2022-05-06,2022-04-06,2022-05-05,20.3034,41.5974,,negatives.csv,16490,0
mesogeos-pos-00665-2022-05-07,1,yes,2022-05-07,2022-04-07,2022-05-06,0.397048,41.4464,40.0,positives.csv,665,2
mesogeos-neg-16491-2022-05-07,0,no,2022-05-07,2022-04-07,2022-05-06,13.0638,42.1009,,negatives.csv,16491,3
mesogeos-neg-16492-2022-05-07,0,no,2022-05-07,2022-04-07,2022-05-06,20.9478,41.2048,,negatives.csv,16492,2
mesogeos-neg-16493-2022-05-07,0,no,2022-05-07,2022-04-07,2022-05-06,19.8503,40.2381,,negatives.csv,16493,6
mesogeos-neg-16494-2022-05-07,0,no,2022-05-07,2022-04-07,2022-05-06,10.0532,44.5678,,negatives.csv,16494,7
mesogeos-neg-16495-2022-05-07,0,no,2022-05-07,2022-04-07,2022-05-06,5.97526,44.3362,,negatives.csv,16495,5
mesogeos-neg-16496-2022-05-08,0,no,2022-05-08,2022-04-08,2022-05-07,8.6234,36.4421,,negatives.csv,16496,8
mesogeos-neg-16497-2022-05-08,0,no,2022-05-08,2022-04-08,2022-05-07,22.3071,40.3892,,negatives.csv,16497,9
mesogeos-neg-16498-2022-05-08,0,no,2022-05-08,2022-04-08,2022-05-07,-2.95592,37.4792,,negatives.csv,16498,5
mesogeos-neg-16499-2022-05-08,0,no,2022-05-08,2022-04-08,2022-05-07,-6.27868,37.5699,,negatives.csv,16499,5
mesogeos-neg-16500-2022-05-08,0,no,2022-05-08,2022-04-08,2022-05-07,-0.619919,34.9217,,negatives.csv,16500,9
mesogeos-neg-16501-2022-05-09,0,no,2022-05-09,2022-04-09,2022-05-08,29.0735,40.1072,,negatives.csv,16501,6
mesogeos-neg-16502-2022-05-09,0,no,2022-05-09,2022-04-09,2022-05-08,9.51954,37.1067,,negatives.csv,16502,4
mesogeos-neg-16503-2022-05-09,0,no,2022-05-09,2022-04-09,2022-05-08,-3.59027,35.1332,,negatives.csv,16503,1
mesogeos-neg-16504-2022-05-09,0,no,2022-05-09,2022-04-09,2022-05-08,21.6325,40.0468,,negatives.csv,16504,4
mesogeos-neg-16505-2022-05-09,0,no,2022-05-09,2022-04-09,2022-05-08,14.846,37.5296,,negatives.csv,16505,5
mesogeos-neg-16506-2022-05-09,0,no,2022-05-09,2022-04-09,2022-05-08,-5.9162,34.2773,,negatives.csv,16506,6
mesogeos-pos-08449-2022-05-10,1,yes,2022-05-10,2022-04-10,2022-05-09,-5.68461,35.2842,35.0,positives.csv,8449,6
mesogeos-neg-16507-2022-05-10,0,no,2022-05-10,2022-04-10,2022-05-09,-8.43344,39.493,,negatives.csv,16507,3
mesogeos-neg-16508-2022-05-10,0,no,2022-05-10,2022-04-10,2022-05-09,-6.31896,32.4548,,negatives.csv,16508,8
mesogeos-neg-16509-2022-05-10,0,no,2022-05-10,2022-04-10,2022-05-09,28.8822,37.5799,,negatives.csv,16509,4
mesogeos-neg-16510-2022-05-10,0,no,2022-05-10,2022-04-10,2022-05-09,-6.02696,38.5063,,negatives.csv,16510,9
mesogeos-neg-16511-2022-05-10,0,no,2022-05-10,2022-04-10,2022-05-09,9.62023,35.3144,,negatives.csv,16511,8
mesogeos-neg-16512-2022-05-10,0,no,2022-05-10,2022-04-10,2022-05-09,-0.368194,34.962,,negatives.csv,16512,8
mesogeos-neg-16513-2022-05-11,0,no,2022-05-11,2022-04-11,2022-05-10,-2.16047,39.4729,,negatives.csv,16513,2
mesogeos-neg-16514-2022-05-11,0,no,2022-05-11,2022-04-11,2022-05-10,8.98588,36.1099,,negatives.csv,16514,9
mesogeos-neg-16515-2022-05-11,0,no,2022-05-11,2022-04-11,2022-05-10,29.9998,36.4119,,negatives.csv,16515,2
mesogeos-neg-16516-2022-05-11,0,no,2022-05-11,2022-04-11,2022-05-10,-6.97344,41.1645,,negatives.csv,16516,9
mesogeos-neg-16517-2022-05-11,0,no,2022-05-11,2022-04-11,2022-05-10,23.1429,41.2652,,negatives.csv,16517,1
mesogeos-neg-16518-2022-05-12,0,no,2022-05-12,2022-04-12,2022-05-11,8.04947,44.165,,negatives.csv,16518,0
mesogeos-neg-16519-2022-05-12,0,no,2022-05-12,2022-04-12,2022-05-11,13.5572,37.6403,,negatives.csv,16519,0
mesogeos-neg-16520-2022-05-12,0,no,2022-05-12,2022-04-12,2022-05-11,3.17608,35.8682,,negatives.csv,16520,3
mesogeos-neg-16521-2022-05-12,0,no,2022-05-12,2022-04-12,2022-05-11,-2.17054,37.2074,,negatives.csv,16521,4
mesogeos-neg-16522-2022-05-12,0,no,2022-05-12,2022-04-12,2022-05-11,35.7593,34.1263,,negatives.csv,16522,1
mesogeos-neg-16523-2022-05-12,0,no,2022-05-12,2022-04-12,2022-05-11,10.1539,35.6064,,negatives.csv,16523,1
mesogeos-neg-16524-2022-05-13,0,no,2022-05-13,2022-04-13,2022-05-12,-2.72433,42.1412,,negatives.csv,16524,3
mesogeos-neg-16525-2022-05-13,0,no,2022-05-13,2022-04-13,2022-05-12,8.01926,44.1046,,negatives.csv,16525,4
mesogeos-neg-16526-2022-05-13,0,no,2022-05-13,2022-04-13,2022-05-12,-4.62737,33.5624,,negatives.csv,16526,3
mesogeos-neg-16527-2022-05-13,0,no,2022-05-13,2022-04-13,2022-05-12,-1.07302,34.9116,,negatives.csv,16527,0
mesogeos-neg-16528-2022-05-13,0,no,2022-05-13,2022-04-13,2022-05-12,-6.57068,37.3584,,negatives.csv,16528,8
mesogeos-neg-16529-2022-05-13,0,no,2022-05-13,2022-04-13,2022-05-12,9.5296,39.5232,,negatives.csv,16529,0
mesogeos-neg-16530-2022-05-14,0,no,2022-05-14,2022-04-14,2022-05-13,-3.98296,34.1867,,negatives.csv,16530,8
mesogeos-neg-16531-2022-05-14,0,no,2022-05-14,2022-04-14,2022-05-13,-4.06351,36.8147,,negatives.csv,16531,1
mesogeos-neg-16532-2022-05-14,0,no,2022-05-14,2022-04-14,2022-05-13,2.64243,43.6817,,negatives.csv,16532,6
mesogeos-neg-16533-2022-05-14,0,no,2022-05-14,2022-04-14,2022-05-13,22.7703,41.4766,,negatives.csv,16533,9
mesogeos-neg-16534-2022-05-14,0,no,2022-05-14,2022-04-14,2022-05-13,-4.65758,40.1676,,negatives.csv,16534,8
mesogeos-neg-16535-2022-05-14,0,no,2022-05-14,2022-04-14,2022-05-13,2.99484,35.8279,,negatives.csv,16535,3
mesogeos-neg-16536-2022-05-15,0,no,2022-05-15,2022-04-15,2022-05-14,-2.74447,39.8253,,negatives.csv,16536,8
mesogeos-neg-16537-2022-05-15,0,no,2022-05-15,2022-04-15,2022-05-14,4.63608,44.4168,,negatives.csv,16537,4
mesogeos-neg-16538-2022-05-15,0,no,2022-05-15,2022-04-15,2022-05-14,6.0256,35.4554,,negatives.csv,16538,9
mesogeos-neg-16539-2022-05-15,0,no,2022-05-15,2022-04-15,2022-05-14,1.21263,34.9922,,negatives.csv,16539,3
mesogeos-neg-16540-2022-05-15,0,no,2022-05-15,2022-04-15,2022-05-14,1.32339,41.4968,,negatives.csv,16540,0
mesogeos-neg-16541-2022-05-15,0,no,2022-05-15,2022-04-15,2022-05-14,8.88519,39.775,,negatives.csv,16541,5
mesogeos-neg-16542-2022-05-16,0,no,2022-05-16,2022-04-16,2022-05-15,5.9954,43.4401,,negatives.csv,16542,9
mesogeos-neg-16543-2022-05-16,0,no,2022-05-16,2022-04-16,2022-05-15,23.4046,40.6409,,negatives.csv,16543,2
mesogeos-neg-16544-2022-05-16,0,no,2022-05-16,2022-04-16,2022-05-15,2.43098,42.1613,,negatives.csv,16544,6
mesogeos-neg-16545-2022-05-16,0,no,2022-05-16,2022-04-16,2022-05-15,21.6526,38.9292,,negatives.csv,16545,0
mesogeos-neg-16546-2022-05-16,0,no,2022-05-16,2022-04-16,2022-05-15,1.99801,36.0394,,negatives.csv,16546,4
mesogeos-pos-00670-2022-05-17,1,yes,2022-05-17,2022-04-17,2022-05-16,-6.30889,38.8587,57.0,positives.csv,670,4
mesogeos-neg-16547-2022-05-17,0,no,2022-05-17,2022-04-17,2022-05-16,-4.04337,36.8449,,negatives.csv,16547,9
mesogeos-neg-16548-2022-05-17,0,no,2022-05-17,2022-04-17,2022-05-16,0.900496,41.6176,,negatives.csv,16548,8
mesogeos-neg-16549-2022-05-17,0,no,2022-05-17,2022-04-17,2022-05-16,-2.64378,40.8423,,negatives.csv,16549,6
mesogeos-neg-16550-2022-05-17,0,no,2022-05-17,2022-04-17,2022-05-16,6.50891,35.4856,,negatives.csv,16550,4
mesogeos-neg-16551-2022-05-17,0,no,2022-05-17,2022-04-17,2022-05-16,-5.25165,40.5201,,negatives.csv,16551,3
mesogeos-neg-16552-2022-05-17,0,no,2022-05-17,2022-04-17,2022-05-16,27.8954,39.2614,,negatives.csv,16552,0
mesogeos-neg-16553-2022-05-18,0,no,2022-05-18,2022-04-18,2022-05-17,-1.5362,41.4363,,negatives.csv,16553,4
mesogeos-neg-16554-2022-05-18,0,no,2022-05-18,2022-04-18,2022-05-17,6.61967,43.9032,,negatives.csv,16554,8
mesogeos-neg-16555-2022-05-18,0,no,2022-05-18,2022-04-18,2022-05-17,4.12257,36.7744,,negatives.csv,16555,1
mesogeos-neg-16556-2022-05-18,0,no,2022-05-18,2022-04-18,2022-05-17,6.54919,44.1046,,negatives.csv,16556,4
mesogeos-neg-16557-2022-05-18,0,no,2022-05-18,2022-04-18,2022-05-17,-4.64751,37.7008,,negatives.csv,16557,2
mesogeos-neg-16558-2022-05-19,0,no,2022-05-19,2022-04-19,2022-05-18,0.0345645,34.7707,,negatives.csv,16558,4
mesogeos-neg-16559-2022-05-19,0,no,2022-05-19,2022-04-19,2022-05-18,-2.30144,41.1846,,negatives.csv,16559,6
mesogeos-neg-16560-2022-05-19,0,no,2022-05-19,2022-04-19,2022-05-18,-6.48006,42.1915,,negatives.csv,16560,5
mesogeos-neg-16561-2022-05-19,0,no,2022-05-19,2022-04-19,2022-05-18,32.5573,36.281,,negatives.csv,16561,9
mesogeos-neg-16562-2022-05-19,0,no,2022-05-19,2022-04-19,2022-05-18,28.7009,39.8756,,negatives.csv,16562,7
mesogeos-neg-16563-2022-05-19,0,no,2022-05-19,2022-04-19,2022-05-18,16.2255,44.0945,,negatives.csv,16563,5
mesogeos-pos-08452-2022-05-20,1,yes,2022-05-20,2022-04-20,2022-05-19,-6.03703,34.8915,1060.0,positives.csv,8452,5
mesogeos-neg-16564-2022-05-20,0,no,2022-05-20,2022-04-20,2022-05-19,-4.33537,37.8115,,negatives.csv,16564,3
mesogeos-neg-16565-2022-05-20,0,no,2022-05-20,2022-04-20,2022-05-19,16.3463,39.9461,,negatives.csv,16565,7
mesogeos-neg-16566-2022-05-20,0,no,2022-05-20,2022-04-20,2022-05-19,-7.39634,40.4496,,negatives.csv,16566,2
mesogeos-neg-16567-2022-05-20,0,no,2022-05-20,2022-04-20,2022-05-19,3.47815,36.1501,,negatives.csv,16567,3
mesogeos-neg-16568-2022-05-20,0,no,2022-05-20,2022-04-20,2022-05-19,13.1444,37.9021,,negatives.csv,16568,2
mesogeos-neg-16569-2022-05-20,0,no,2022-05-20,2022-04-20,2022-05-19,-2.06985,38.5365,,negatives.csv,16569,6
mesogeos-neg-16570-2022-05-21,0,no,2022-05-21,2022-04-21,2022-05-20,2.25981,41.5169,,negatives.csv,16570,0
mesogeos-neg-16571-2022-05-21,0,no,2022-05-21,2022-04-21,2022-05-20,12.5704,43.6414,,negatives.csv,16571,5
mesogeos-neg-16572-2022-05-21,0,no,2022-05-21,2022-04-21,2022-05-20,-8.36296,37.439,,negatives.csv,16572,2
mesogeos-neg-16573-2022-05-21,0,no,2022-05-21,2022-04-21,2022-05-20,-2.83509,38.0733,,negatives.csv,16573,2
mesogeos-neg-16574-2022-05-21,0,no,2022-05-21,2022-04-21,2022-05-20,-6.49013,39.6541,,negatives.csv,16574,7
mesogeos-neg-16575-2022-05-21,0,no,2022-05-21,2022-04-21,2022-05-20,-0.972333,37.8115,,negatives.csv,16575,7
mesogeos-neg-16576-2022-05-22,0,no,2022-05-22,2022-04-22,2022-05-21,0.0244956,40.2784,,negatives.csv,16576,6
mesogeos-neg-16577-2022-05-22,0,no,2022-05-22,2022-04-22,2022-05-21,33.524,34.9419,,negatives.csv,16577,6
mesogeos-neg-16578-2022-05-22,0,no,2022-05-22,2022-04-22,2022-05-21,-3.42916,40.3791,,negatives.csv,16578,4
mesogeos-neg-16579-2022-05-22,0,no,2022-05-22,2022-04-22,2022-05-21,-6.49013,32.8475,,negatives.csv,16579,4
mesogeos-neg-16580-2022-05-22,0,no,2022-05-22,2022-04-22,2022-05-21,10.6775,44.0341,,negatives.csv,16580,0
mesogeos-neg-16581-2022-05-22,0,no,2022-05-22,2022-04-22,2022-05-21,-6.89289,40.0267,,negatives.csv,16581,8
mesogeos-neg-16582-2022-05-23,0,no,2022-05-23,2022-04-23,2022-05-22,22.2266,37.0664,,negatives.csv,16582,1
mesogeos-neg-16583-2022-05-23,0,no,2022-05-23,2022-04-23,2022-05-22,15.1078,40.7013,,negatives.csv,16583,7
mesogeos-neg-16584-2022-05-23,0,no,2022-05-23,2022-04-23,2022-05-22,-8.53413,32.4145,,negatives.csv,16584,2
mesogeos-neg-16585-2022-05-23,0,no,2022-05-23,2022-04-23,2022-05-22,-0.821298,40.4596,,negatives.csv,16585,7
mesogeos-neg-16586-2022-05-23,0,no,2022-05-23,2022-04-23,2022-05-22,-7.30572,42.5439,,negatives.csv,16586,9
mesogeos-neg-16587-2022-05-23,0,no,2022-05-23,2022-04-23,2022-05-22,5.59264,35.8279,,negatives.csv,16587,0
mesogeos-neg-16588-2022-05-24,0,no,2022-05-24,2022-04-24,2022-05-23,4.4045,35.6366,,negatives.csv,16588,3
mesogeos-neg-16589-2022-05-24,0,no,2022-05-24,2022-04-24,2022-05-23,-7.71854,41.9096,,negatives.csv,16589,4
mesogeos-neg-16590-2022-05-24,0,no,2022-05-24,2022-04-24,2022-05-23,0.940772,36.3817,,negatives.csv,16590,8
mesogeos-neg-16591-2022-05-24,0,no,2022-05-24,2022-04-24,2022-05-23,5.65305,44.5577,,negatives.csv,16591,6
mesogeos-neg-16592-2022-05-24,0,no,2022-05-24,2022-04-24,2022-05-23,12.3791,43.4099,,negatives.csv,16592,4
mesogeos-neg-16593-2022-05-24,0,no,2022-05-24,2022-04-24,2022-05-23,0.256082,40.5805,,negatives.csv,16593,4
mesogeos-pos-03147-2022-05-25,1,yes,2022-05-25,2022-04-25,2022-05-24,14.2721,37.2779,98.0,positives.csv,3147,9
mesogeos-pos-08453-2022-05-25,1,yes,2022-05-25,2022-04-25,2022-05-24,-6.28875,33.6329,170.0,positives.csv,8453,2
mesogeos-neg-16594-2022-05-25,0,no,2022-05-25,2022-04-25,2022-05-24,4.10243,44.3664,,negatives.csv,16594,9
mesogeos-neg-16595-2022-05-25,0,no,2022-05-25,2022-04-25,2022-05-24,8.88519,42.0405,,negatives.csv,16595,9
mesogeos-neg-16596-2022-05-25,0,no,2022-05-25,2022-04-25,2022-05-24,2.87401,41.7888,,negatives.csv,16596,7
mesogeos-neg-16597-2022-05-25,0,no,2022-05-25,2022-04-25,2022-05-24,9.5296,44.9504,,negatives.csv,16597,3
mesogeos-neg-16598-2022-05-25,0,no,2022-05-25,2022-04-25,2022-05-24,-5.95647,31.9111,,negatives.csv,16598,9
mesogeos-neg-16599-2022-05-25,0,no,2022-05-25,2022-04-25,2022-05-24,22.0755,40.1274,,negatives.csv,16599,5
mesogeos-neg-16600-2022-05-26,0,no,2022-05-26,2022-04-26,2022-05-25,18.048,43.0172,,negatives.csv,16600,4
mesogeos-neg-16601-2022-05-26,0,no,2022-05-26,2022-04-26,2022-05-25,24.039,41.0336,,negatives.csv,16601,5
mesogeos-neg-16602-2022-05-26,0,no,2022-05-26,2022-04-26,2022-05-25,14.7252,37.1168,,negatives.csv,16602,8
mesogeos-neg-16603-2022-05-26,0,no,2022-05-26,2022-04-26,2022-05-25,17.5143,43.1682,,negatives.csv,16603,6
mesogeos-neg-16604-2022-05-26,0,no,2022-05-26,2022-04-26,2022-05-25,-2.1202,37.2577,,negatives.csv,16604,7
mesogeos-neg-16605-2022-05-26,0,no,2022-05-26,2022-04-26,2022-05-25,-1.34488,34.519,,negatives.csv,16605,0
mesogeos-pos-00678-2022-05-27,1,yes,2022-05-27,2022-04-27,2022-05-26,-6.76199,41.4263,95.0,positives.csv,678,0
mesogeos-pos-01640-2022-05-27,1,yes,2022-05-27,2022-04-27,2022-05-26,-7.56751,41.3961,240.0,positives.csv,1640,6
mesogeos-neg-16606-2022-05-27,0,no,2022-05-27,2022-04-27,2022-05-26,-8.88654,32.5253,,negatives.csv,16606,4
mesogeos-neg-16607-2022-05-27,0,no,2022-05-27,2022-04-27,2022-05-26,6.43843,35.7474,,negatives.csv,16607,8
mesogeos-neg-16608-2022-05-27,0,no,2022-05-27,2022-04-27,2022-05-26,22.5689,37.7612,,negatives.csv,16608,1
mesogeos-neg-16609-2022-05-27,0,no,2022-05-27,2022-04-27,2022-05-26,4.30381,36.2911,,negatives.csv,16609,6
mesogeos-neg-16610-2022-05-27,0,no,2022-05-27,2022-04-27,2022-05-26,6.43843,43.6616,,negatives.csv,16610,6
mesogeos-neg-16611-2022-05-27,0,no,2022-05-27,2022-04-27,2022-05-26,-3.79164,35.0325,,negatives.csv,16611,8
mesogeos-pos-00688-2022-05-28,1,yes,2022-05-28,2022-04-28,2022-05-27,-4.11385,38.6875,48.0,positives.csv,688,4
mesogeos-pos-08568-2022-05-28,1,yes,2022-05-28,2022-04-28,2022-05-27,22.3877,32.7871,32.0,positives.csv,8568,2
mesogeos-neg-16612-2022-05-28,0,no,2022-05-28,2022-04-28,2022-05-27,-6.80227,31.6694,,negatives.csv,16612,8
mesogeos-neg-16613-2022-05-28,0,no,2022-05-28,2022-04-28,2022-05-27,7.75747,36.2508,,negatives.csv,16613,2
mesogeos-neg-16614-2022-05-28,0,no,2022-05-28,2022-04-28,2022-05-27,10.2344,34.7707,,negatives.csv,16614,9
mesogeos-neg-16615-2022-05-28,0,no,2022-05-28,2022-04-28,2022-05-27,29.446,37.741,,negatives.csv,16615,4
mesogeos-neg-16616-2022-05-28,0,no,2022-05-28,2022-04-28,2022-05-27,-3.30833,36.9254,,negatives.csv,16616,2
mesogeos-neg-16617-2022-05-28,0,no,2022-05-28,2022-04-28,2022-05-27,-7.16475,40.8121,,negatives.csv,16617,9
mesogeos-neg-16618-2022-05-29,0,no,2022-05-29,2022-04-29,2022-05-28,14.1915,42.2117,,negatives.csv,16618,1
mesogeos-neg-16619-2022-05-29,0,no,2022-05-29,2022-04-29,2022-05-28,-5.59399,35.7474,,negatives.csv,16619,9
mesogeos-neg-16620-2022-05-29,0,no,2022-05-29,2022-04-29,2022-05-28,-8.35289,38.5264,,negatives.csv,16620,1
mesogeos-neg-16621-2022-05-29,0,no,2022-05-29,2022-04-29,2022-05-28,15.5911,41.7082,,negatives.csv,16621,4
mesogeos-neg-16622-2022-05-29,0,no,2022-05-29,2022-04-29,2022-05-28,-5.88599,39.2111,,negatives.csv,16622,1
mesogeos-neg-16623-2022-05-29,0,no,2022-05-29,2022-04-29,2022-05-28,12.1979,42.6446,,negatives.csv,16623,1
mesogeos-pos-00671-2022-05-30,1,yes,2022-05-30,2022-04-30,2022-05-29,-6.89289,38.9795,65.0,positives.csv,671,6
mesogeos-neg-16624-2022-05-30,0,no,2022-05-30,2022-04-30,2022-05-29,9.93236,36.2911,,negatives.csv,16624,2
mesogeos-neg-16625-2022-05-30,0,no,2022-05-30,2022-04-30,2022-05-29,0.437323,35.1734,,negatives.csv,16625,8
mesogeos-neg-16626-2022-05-30,0,no,2022-05-30,2022-04-30,2022-05-29,21.6829,38.6774,,negatives.csv,16626,8
mesogeos-neg-16627-2022-05-30,0,no,2022-05-30,2022-04-30,2022-05-29,-4.26489,40.2281,,negatives.csv,16627,4
mesogeos-neg-16628-2022-05-30,0,no,2022-05-30,2022-04-30,2022-05-29,-8.14144,37.5598,,negatives.csv,16628,4
mesogeos-neg-16629-2022-05-30,0,no,2022-05-30,2022-04-30,2022-05-29,-4.7482,42.0103,,negatives.csv,16629,6
mesogeos-neg-16630-2022-05-31,0,no,2022-05-31,2022-05-01,2022-05-30,35.5478,32.9281,,negatives.csv,16630,7
mesogeos-neg-16631-2022-05-31,0,no,2022-05-31,2022-05-01,2022-05-30,30.6946,37.3685,,negatives.csv,16631,2
mesogeos-neg-16632-2022-05-31,0,no,2022-05-31,2022-05-01,2022-05-30,-3.08682,38.9795,,negatives.csv,16632,6
mesogeos-neg-16633-2022-05-31,0,no,2022-05-31,2022-05-01,2022-05-30,-5.41275,39.9763,,negatives.csv,16633,4
mesogeos-neg-16634-2022-05-31,0,no,2022-05-31,2022-05-01,2022-05-30,10.9896,35.3748,,negatives.csv,16634,2
mesogeos-neg-16635-2022-06-01,0,no,2022-06-01,2022-05-02,2022-05-31,-8.68517,39.6944,,negatives.csv,16635,7
mesogeos-neg-16636-2022-06-01,0,no,2022-06-01,2022-05-02,2022-05-31,-8.60461,40.1878,,negatives.csv,16636,1
mesogeos-neg-16637-2022-06-01,0,no,2022-06-01,2022-05-02,2022-05-31,7.06271,44.1449,,negatives.csv,16637,1
mesogeos-neg-16638-2022-06-01,0,no,2022-06-01,2022-05-02,2022-05-31,-0.549436,41.8492,,negatives.csv,16638,1
mesogeos-neg-16639-2022-06-01,0,no,2022-06-01,2022-05-02,2022-05-31,8.45222,36.865,,negatives.csv,16639,4
mesogeos-neg-16640-2022-06-02,0,no,2022-06-02,2022-05-03,2022-06-01,11.332,42.554,,negatives.csv,16640,2
mesogeos-neg-16641-2022-06-02,0,no,2022-06-02,2022-05-03,2022-06-01,-2.19068,40.802,,negatives.csv,16641,8
mesogeos-neg-16642-2022-06-02,0,no,2022-06-02,2022-05-03,2022-06-01,-5.16102,40.7214,,negatives.csv,16642,2
mesogeos-neg-16643-2022-06-02,0,no,2022-06-02,2022-05-03,2022-06-01,22.0856,38.5063,,negatives.csv,16643,5
mesogeos-neg-16644-2022-06-02,0,no,2022-06-02,2022-05-03,2022-06-01,-1.59661,35.1533,,negatives.csv,16644,2
mesogeos-neg-16645-2022-06-02,0,no,2022-06-02,2022-05-03,2022-06-01,29.9495,31.0854,,negatives.csv,16645,2
mesogeos-pos-03146-2022-06-03,1,yes,2022-06-03,2022-05-04,2022-06-02,14.1815,37.2779,61.0,positives.csv,3146,7
mesogeos-pos-04835-2022-06-03,1,yes,2022-06-03,2022-05-04,2022-06-02,23.2939,40.7315,60.0,positives.csv,4835,8
mesogeos-pos-06067-2022-06-03,1,yes,2022-06-03,2022-05-04,2022-06-02,19.1354,42.4835,79.0,positives.csv,6067,3
mesogeos-neg-16646-2022-06-03,0,no,2022-06-03,2022-05-04,2022-06-02,21.0384,40.0065,,negatives.csv,16646,6
mesogeos-neg-16647-2022-06-03,0,no,2022-06-03,2022-05-04,2022-06-02,-7.76889,38.4761,,negatives.csv,16647,7
mesogeos-neg-16648-2022-06-03,0,no,2022-06-03,2022-05-04,2022-06-02,34.4,37.4188,,negatives.csv,16648,7
mesogeos-neg-16649-2022-06-03,0,no,2022-06-03,2022-05-04,2022-06-02,-4.99992,42.0808,,negatives.csv,16649,5
mesogeos-neg-16650-2022-06-03,0,no,2022-06-03,2022-05-04,2022-06-02,-0.599781,42.0103,,negatives.csv,16650,1
mesogeos-neg-16651-2022-06-03,0,no,2022-06-03,2022-05-04,2022-06-02,32.8493,35.0627,,negatives.csv,16651,1
mesogeos-neg-16652-2022-06-04,0,no,2022-06-04,2022-05-05,2022-06-03,-5.9162,37.9625,,negatives.csv,16652,0
mesogeos-neg-16653-2022-06-04,0,no,2022-06-04,2022-05-05,2022-06-03,16.598,40.7416,,negatives.csv,16653,6
mesogeos-neg-16654-2022-06-04,0,no,2022-06-04,2022-05-05,2022-06-03,8.37167,36.0394,,negatives.csv,16654,7
mesogeos-neg-16655-2022-06-04,0,no,2022-06-04,2022-05-05,2022-06-03,19.8201,42.0707,,negatives.csv,16655,6
mesogeos-neg-16656-2022-06-04,0,no,2022-06-04,2022-05-05,2022-06-03,-4.56696,41.4464,,negatives.csv,16656,5
mesogeos-neg-16657-2022-06-04,0,no,2022-06-04,2022-05-05,2022-06-03,11.2715,44.3261,,negatives.csv,16657,1
mesogeos-neg-16658-2022-06-05,0,no,2022-06-05,2022-05-06,2022-06-04,21.5218,39.1003,,negatives.csv,16658,1
mesogeos-neg-16659-2022-06-05,0,no,2022-06-05,2022-05-06,2022-06-04,-8.13137,37.6001,,negatives.csv,16659,4
mesogeos-neg-16660-2022-06-05,0,no,2022-06-05,2022-05-06,2022-06-04,0.930703,35.989,,negatives.csv,16660,1
mesogeos-neg-16661-2022-06-05,0,no,2022-06-05,2022-05-06,2022-06-04,-3.09689,42.0908,,negatives.csv,16661,7
mesogeos-neg-16662-2022-06-05,0,no,2022-06-05,2022-05-06,2022-06-04,-6.88282,33.7134,,negatives.csv,16662,8
mesogeos-neg-16663-2022-06-05,0,no,2022-06-05,2022-05-06,2022-06-04,-5.4933,34.0759,,negatives.csv,16663,3
mesogeos-neg-16664-2022-06-06,0,no,2022-06-06,2022-05-07,2022-06-05,-6.13772,37.4893,,negatives.csv,16664,1
mesogeos-neg-16665-2022-06-06,0,no,2022-06-06,2022-05-07,2022-06-05,27.8249,38.2445,,negatives.csv,16665,4
mesogeos-neg-16666-2022-06-06,0,no,2022-06-06,2022-05-07,2022-06-05,-0.398401,34.7908,,negatives.csv,16666,8
mesogeos-neg-16667-2022-06-06,0,no,2022-06-06,2022-05-07,2022-06-05,7.05264,36.5025,,negatives.csv,16667,4
mesogeos-neg-16668-2022-06-06,0,no,2022-06-06,2022-05-07,2022-06-05,23.8376,35.4252,,negatives.csv,16668,0
mesogeos-pos-00675-2022-06-07,1,yes,2022-06-07,2022-05-08,2022-06-06,-5.70475,38.6774,50.0,positives.csv,675,9
mesogeos-neg-16669-2022-06-07,0,no,2022-06-07,2022-05-08,2022-06-06,1.21263,32.9784,,negatives.csv,16669,3
mesogeos-neg-16670-2022-06-07,0,no,2022-06-07,2022-05-08,2022-06-06,35.4169,37.0664,,negatives.csv,16670,0
mesogeos-neg-16671-2022-06-07,0,no,2022-06-07,2022-05-08,2022-06-06,-5.83565,37.3181,,negatives.csv,16671,3
mesogeos-neg-16672-2022-06-07,0,no,2022-06-07,2022-05-08,2022-06-06,30.8456,37.2376,,negatives.csv,16672,3
mesogeos-neg-16673-2022-06-07,0,no,2022-06-07,2022-05-08,2022-06-06,2.71291,42.7856,,negatives.csv,16673,4
mesogeos-neg-16674-2022-06-07,0,no,2022-06-07,2022-05-08,2022-06-06,5.66312,43.3092,,negatives.csv,16674,3
mesogeos-pos-04434-2022-06-08,1,yes,2022-06-08,2022-05-09,2022-06-07,-5.09054,36.5428,5042.0,positives.csv,4434,1
mesogeos-neg-16675-2022-06-08,0,no,2022-06-08,2022-05-09,2022-06-07,19.1253,42.5137,,negatives.csv,16675,1
mesogeos-neg-16676-2022-06-08,0,no,2022-06-08,2022-05-09,2022-06-07,9.41885,42.7252,,negatives.csv,16676,7
mesogeos-neg-16677-2022-06-08,0,no,2022-06-08,2022-05-09,2022-06-07,23.9383,38.0129,,negatives.csv,16677,3
mesogeos-neg-16678-2022-06-08,0,no,2022-06-08,2022-05-09,2022-06-07,-6.39951,42.0002,,negatives.csv,16678,1
mesogeos-neg-16679-2022-06-08,0,no,2022-06-08,2022-05-09,2022-06-07,-0.156746,42.0103,,negatives.csv,16679,2
mesogeos-neg-16680-2022-06-08,0,no,2022-06-08,2022-05-09,2022-06-07,16.6383,43.7119,,negatives.csv,16680,4
mesogeos-neg-16681-2022-06-09,0,no,2022-06-09,2022-05-10,2022-06-08,16.3765,40.4395,,negatives.csv,16681,8
mesogeos-neg-16682-2022-06-09,0,no,2022-06-09,2022-05-10,2022-06-08,-2.07992,34.4787,,negatives.csv,16682,6
mesogeos-neg-16683-2022-06-09,0,no,2022-06-09,2022-05-10,2022-06-08,-2.72433,37.9021,,negatives.csv,16683,9
mesogeos-neg-16684-2022-06-09,0,no,2022-06-09,2022-05-10,2022-06-08,-0.90185,39.7649,,negatives.csv,16684,4
mesogeos-neg-16685-2022-06-09,0,no,2022-06-09,2022-05-10,2022-06-08,-5.44296,40.1878,,negatives.csv,16685,8
mesogeos-neg-16686-2022-06-09,0,no,2022-06-09,2022-05-10,2022-06-08,-5.75509,33.0086,,negatives.csv,16686,2
mesogeos-pos-00680-2022-06-10,1,yes,2022-06-10,2022-05-11,2022-06-09,-1.72751,38.4358,161.0,positives.csv,680,8
mesogeos-neg-16687-2022-06-10,0,no,2022-06-10,2022-05-11,2022-06-09,-3.37882,40.6208,,negatives.csv,16687,7
mesogeos-neg-16688-2022-06-10,0,no,2022-06-10,2022-05-11,2022-06-09,-5.12075,39.6743,,negatives.csv,16688,9
mesogeos-neg-16689-2022-06-10,0,no,2022-06-10,2022-05-11,2022-06-09,7.60643,36.8852,,negatives.csv,16689,8
mesogeos-neg-16690-2022-06-10,0,no,2022-06-10,2022-05-11,2022-06-09,-2.81495,40.4395,,negatives.csv,16690,5
mesogeos-neg-16691-2022-06-10,0,no,2022-06-10,2022-05-11,2022-06-09,10.174,44.2456,,negatives.csv,16691,2
mesogeos-neg-16692-2022-06-10,0,no,2022-06-10,2022-05-11,2022-06-09,-6.87275,42.5339,,negatives.csv,16692,4
mesogeos-neg-16693-2022-06-11,0,no,2022-06-11,2022-05-12,2022-06-10,-5.43289,42.262,,negatives.csv,16693,6
mesogeos-neg-16694-2022-06-11,0,no,2022-06-11,2022-05-12,2022-06-10,-0.529298,39.3219,,negatives.csv,16694,4
mesogeos-neg-16695-2022-06-11,0,no,2022-06-11,2022-05-12,2022-06-10,-6.0773,39.775,,negatives.csv,16695,0
mesogeos-neg-16696-2022-06-11,0,no,2022-06-11,2022-05-12,2022-06-10,-6.14778,40.4194,,negatives.csv,16696,4
mesogeos-neg-16697-2022-06-11,0,no,2022-06-11,2022-05-12,2022-06-10,-5.68461,36.9657,,negatives.csv,16697,0
mesogeos-neg-16698-2022-06-11,0,no,2022-06-11,2022-05-12,2022-06-10,-1.34488,39.6139,,negatives.csv,16698,9
mesogeos-pos-00685-2022-06-12,1,yes,2022-06-12,2022-05-13,2022-06-11,-5.6544,38.5163,62.0,positives.csv,685,2
mesogeos-pos-00687-2022-06-12,1,yes,2022-06-12,2022-05-13,2022-06-11,-4.80861,38.2143,53.0,positives.csv,687,2
mesogeos-pos-03136-2022-06-12,1,yes,2022-06-12,2022-05-13,2022-06-11,16.9907,39.1305,89.0,positives.csv,3136,0
mesogeos-neg-16699-2022-06-12,0,no,2022-06-12,2022-05-13,2022-06-11,22.1863,38.4962,,negatives.csv,16699,9
mesogeos-neg-16700-2022-06-12,0,no,2022-06-12,2022-05-13,2022-06-11,23.1429,40.9832,,negatives.csv,16700,5
mesogeos-neg-16701-2022-06-12,0,no,2022-06-12,2022-05-13,2022-06-11,-5.26171,34.9318,,negatives.csv,16701,0
mesogeos-neg-16702-2022-06-12,0,no,2022-06-12,2022-05-13,2022-06-11,-3.7413,38.2243,,negatives.csv,16702,8
mesogeos-neg-16703-2022-06-12,0,no,2022-06-12,2022-05-13,2022-06-11,20.535,39.4024,,negatives.csv,16703,2
mesogeos-neg-16704-2022-06-12,0,no,2022-06-12,2022-05-13,2022-06-11,-8.84627,31.1156,,negatives.csv,16704,5
mesogeos-neg-16705-2022-06-13,0,no,2022-06-13,2022-05-14,2022-06-12,33.2521,36.5428,,negatives.csv,16705,3
mesogeos-neg-16706-2022-06-13,0,no,2022-06-13,2022-05-14,2022-06-12,-3.82185,36.865,,negatives.csv,16706,3
mesogeos-neg-16707-2022-06-13,0,no,2022-06-13,2022-05-14,2022-06-12,21.4311,39.5635,,negatives.csv,16707,9
mesogeos-neg-16708-2022-06-13,0,no,2022-06-13,2022-05-14,2022-06-12,-5.9162,33.0287,,negatives.csv,16708,4
mesogeos-neg-16709-2022-06-13,0,no,2022-06-13,2022-05-14,2022-06-12,28.9627,40.1576,,negatives.csv,16709,6
mesogeos-neg-16710-2022-06-13,0,no,2022-06-13,2022-05-14,2022-06-12,-6.01689,32.2736,,negatives.csv,16710,1
mesogeos-pos-00669-2022-06-14,1,yes,2022-06-14,2022-05-15,2022-06-13,-1.00254,41.8391,284.0,positives.csv,669,0
mesogeos-pos-00683-2022-06-14,1,yes,2022-06-14,2022-05-15,2022-06-13,-5.42282,38.8385,332.0,positives.csv,683,2
mesogeos-pos-03130-2022-06-14,1,yes,2022-06-14,2022-05-15,2022-06-13,16.6987,40.802,176.0,positives.csv,3130,0
mesogeos-pos-03907-2022-06-14,1,yes,2022-06-14,2022-05-15,2022-06-13,3.38753,44.3261,62.0,positives.csv,3907,5
mesogeos-neg-16711-2022-06-14,0,no,2022-06-14,2022-05-15,2022-06-13,-3.14723,41.678,,negatives.csv,16711,8
mesogeos-neg-16712-2022-06-14,0,no,2022-06-14,2022-05-15,2022-06-13,21.1089,40.5704,,negatives.csv,16712,7
mesogeos-neg-16713-2022-06-14,0,no,2022-06-14,2022-05-15,2022-06-13,1.36367,36.271,,negatives.csv,16713,6
mesogeos-neg-16714-2022-06-14,0,no,2022-06-14,2022-05-15,2022-06-13,6.22698,35.0123,,negatives.csv,16714,9
mesogeos-neg-16715-2022-06-14,0,no,2022-06-14,2022-05-15,2022-06-13,-4.65758,42.2721,,negatives.csv,16715,1
mesogeos-neg-16716-2022-06-14,0,no,2022-06-14,2022-05-15,2022-06-13,-3.20764,40.6107,,negatives.csv,16716,3
mesogeos-pos-00681-2022-06-15,1,yes,2022-06-15,2022-05-16,2022-06-14,1.36367,41.9901,319.0,positives.csv,681,1
mesogeos-pos-00686-2022-06-15,1,yes,2022-06-15,2022-05-16,2022-06-14,0.970979,41.9297,2783.0,positives.csv,686,5
mesogeos-pos-00689-2022-06-15,1,yes,2022-06-15,2022-05-16,2022-06-14,-1.71744,42.5238,347.0,positives.csv,689,9
mesogeos-pos-03916-2022-06-15,1,yes,2022-06-15,2022-05-16,2022-06-14,0.457461,41.1343,398.0,positives.csv,3916,2
mesogeos-neg-16717-2022-06-15,0,no,2022-06-15,2022-05-16,2022-06-14,-7.59772,41.9297,,negatives.csv,16717,1
mesogeos-neg-16718-2022-06-15,0,no,2022-06-15,2022-05-16,2022-06-14,2.47126,36.0192,,negatives.csv,16718,1
mesogeos-neg-16719-2022-06-15,0,no,2022-06-15,2022-05-16,2022-06-14,31.1376,37.1872,,negatives.csv,16719,0
mesogeos-neg-16720-2022-06-15,0,no,2022-06-15,2022-05-16,2022-06-14,-6.6613,31.7601,,negatives.csv,16720,5
mesogeos-neg-16721-2022-06-15,0,no,2022-06-15,2022-05-16,2022-06-14,-6.68144,31.8406,,negatives.csv,16721,2
mesogeos-neg-16722-2022-06-15,0,no,2022-06-15,2022-05-16,2022-06-14,22.3675,40.1173,,negatives.csv,16722,1
mesogeos-pos-00682-2022-06-16,1,yes,2022-06-16,2022-05-17,2022-06-15,0.266151,41.2148,2045.0,positives.csv,682,1
mesogeos-pos-01634-2022-06-16,1,yes,2022-06-16,2022-05-17,2022-06-15,-7.17482,42.3728,83.0,positives.csv,1634,5
mesogeos-pos-01642-2022-06-16,1,yes,2022-06-16,2022-05-17,2022-06-15,-7.18489,42.3325,144.0,positives.csv,1642,9
mesogeos-pos-01645-2022-06-16,1,yes,2022-06-16,2022-05-17,2022-06-15,-6.21827,41.8995,28046.0,positives.csv,1645,5
mesogeos-neg-16723-2022-06-16,0,no,2022-06-16,2022-05-17,2022-06-15,30.3019,38.5868,,negatives.csv,16723,8
mesogeos-neg-16724-2022-06-16,0,no,2022-06-16,2022-05-17,2022-06-15,-6.34916,37.8518,,negatives.csv,16724,9
mesogeos-neg-16725-2022-06-16,0,no,2022-06-16,2022-05-17,2022-06-15,-3.97289,38.9896,,negatives.csv,16725,8
mesogeos-neg-16726-2022-06-16,0,no,2022-06-16,2022-05-17,2022-06-15,15.9033,40.218,,negatives.csv,16726,7
mesogeos-neg-16727-2022-06-16,0,no,2022-06-16,2022-05-17,2022-06-15,-2.35178,42.111,,negatives.csv,16727,3
mesogeos-neg-16728-2022-06-16,0,no,2022-06-16,2022-05-17,2022-06-15,-4.18433,41.2652,,negatives.csv,16728,9
mesogeos-pos-00662-2022-06-17,1,yes,2022-06-17,2022-05-18,2022-06-16,-4.10378,39.8354,1738.0,positives.csv,662,6
mesogeos-pos-01644-2022-06-17,1,yes,2022-06-17,2022-05-18,2022-06-16,-6.05716,41.8794,539.0,positives.csv,1644,1
mesogeos-pos-03915-2022-06-17,1,yes,2022-06-17,2022-05-18,2022-06-16,-0.549436,39.9361,148.0,positives.csv,3915,5
mesogeos-pos-03918-2022-06-17,1,yes,2022-06-17,2022-05-18,2022-06-16,2.99484,44.0945,276.0,positives.csv,3918,5
mesogeos-neg-16729-2022-06-17,0,no,2022-06-17,2022-05-18,2022-06-16,-3.52985,40.9128,,negatives.csv,16729,4
mesogeos-neg-16730-2022-06-17,0,no,2022-06-17,2022-05-18,2022-06-16,-2.59344,37.9021,,negatives.csv,16730,4
mesogeos-neg-16731-2022-06-17,0,no,2022-06-17,2022-05-18,2022-06-16,-4.18433,41.1443,,negatives.csv,16731,7
mesogeos-neg-16732-2022-06-17,0,no,2022-06-17,2022-05-18,2022-06-16,-1.20392,38.607,,negatives.csv,16732,5
mesogeos-neg-16733-2022-06-17,0,no,2022-06-17,2022-05-18,2022-06-16,-0.90185,34.8412,,negatives.csv,16733,2
mesogeos-pos-00663-2022-06-18,1,yes,2022-06-18,2022-05-19,2022-06-17,-5.27178,39.7548,107.0,positives.csv,663,2
mesogeos-pos-00684-2022-06-18,1,yes,2022-06-18,2022-05-19,2022-06-17,-1.12337,41.8693,115.0,positives.csv,684,1
mesogeos-pos-00693-2022-06-18,1,yes,2022-06-18,2022-05-19,2022-06-17,-1.54626,42.1814,1995.0,positives.csv,693,3
mesogeos-pos-01632-2022-06-18,1,yes,2022-06-18,2022-05-19,2022-06-17,-6.31896,41.2048,69.0,positives.csv,1632,1
mesogeos-pos-01643-2022-06-18,1,yes,2022-06-18,2022-05-19,2022-06-17,-5.80544,40.2583,34.0,positives.csv,1643,7
mesogeos-pos-03910-2022-06-18,1,yes,2022-06-18,2022-05-19,2022-06-17,1.78657,41.3155,160.0,positives.csv,3910,7
mesogeos-pos-03917-2022-06-18,1,yes,2022-06-18,2022-05-19,2022-06-17,6.2874,43.7019,2570.0,positives.csv,3917,5
mesogeos-pos-04839-2022-06-18,1,yes,2022-06-18,2022-05-19,2022-06-17,24.0189,38.5264,111.0,positives.csv,4839,2
mesogeos-neg-16734-2022-06-18,0,no,2022-06-18,2022-05-19,2022-06-17,14.6245,41.7283,,negatives.csv,16734,5
mesogeos-neg-16735-2022-06-18,0,no,2022-06-18,2022-05-19,2022-06-17,-4.35551,37.3383,,negatives.csv,16735,4
mesogeos-neg-16736-2022-06-18,0,no,2022-06-18,2022-05-19,2022-06-17,-6.87275,38.5768,,negatives.csv,16736,2
mesogeos-neg-16737-2022-06-18,0,no,2022-06-18,2022-05-19,2022-06-17,3.1056,35.2641,,negatives.csv,16737,8
mesogeos-neg-16738-2022-06-18,0,no,2022-06-18,2022-05-19,2022-06-17,7.35471,43.9838,,negatives.csv,16738,4
mesogeos-neg-16739-2022-06-18,0,no,2022-06-18,2022-05-19,2022-06-17,-5.87592,32.3441,,negatives.csv,16739,1
mesogeos-pos-00691-2022-06-19,1,yes,2022-06-19,2022-05-20,2022-06-18,-1.51606,42.5037,7144.0,positives.csv,691,9
mesogeos-pos-00694-2022-06-19,1,yes,2022-06-19,2022-05-20,2022-06-18,-2.13026,42.5842,297.0,positives.csv,694,5
mesogeos-pos-06208-2022-06-19,1,yes,2022-06-19,2022-05-20,2022-06-18,26.4858,39.7347,93.0,positives.csv,6208,7
mesogeos-neg-16740-2022-06-19,0,no,2022-06-19,2022-05-20,2022-06-18,33.0709,36.9556,,negatives.csv,16740,4
mesogeos-neg-16741-2022-06-19,0,no,2022-06-19,2022-05-20,2022-06-18,-7.65813,39.4326,,negatives.csv,16741,9
mesogeos-neg-16742-2022-06-19,0,no,2022-06-19,2022-05-20,2022-06-18,28.8721,39.7145,,negatives.csv,16742,6
mesogeos-neg-16743-2022-06-19,0,no,2022-06-19,2022-05-20,2022-06-18,22.5589,37.7813,,negatives.csv,16743,0
mesogeos-neg-16744-2022-06-19,0,no,2022-06-19,2022-05-20,2022-06-18,6.86133,35.5359,,negatives.csv,16744,4
mesogeos-neg-16745-2022-06-19,0,no,2022-06-19,2022-05-20,2022-06-18,23.1026,38.3854,,negatives.csv,16745,3
mesogeos-pos-00659-2022-06-20,1,yes,2022-06-20,2022-05-21,2022-06-19,-1.33482,41.0034,1796.0,positives.csv,659,2
mesogeos-pos-03149-2022-06-20,1,yes,2022-06-20,2022-05-21,2022-06-19,16.2255,39.483,38.0,positives.csv,3149,9
mesogeos-pos-03164-2022-06-20,1,yes,2022-06-20,2022-05-21,2022-06-19,17.0914,39.0802,47.0,positives.csv,3164,6
mesogeos-neg-16746-2022-06-20,0,no,2022-06-20,2022-05-21,2022-06-19,-1.73757,38.0532,,negatives.csv,16746,9
mesogeos-neg-16747-2022-06-20,0,no,2022-06-20,2022-05-21,2022-06-19,-4.24475,39.0802,,negatives.csv,16747,1
mesogeos-neg-16748-2022-06-20,0,no,2022-06-20,2022-05-21,2022-06-19,-6.31896,40.2482,,negatives.csv,16748,5
mesogeos-neg-16749-2022-06-20,0,no,2022-06-20,2022-05-21,2022-06-19,7.69705,36.7039,,negatives.csv,16749,6
mesogeos-neg-16750-2022-06-20,0,no,2022-06-20,2022-05-21,2022-06-19,32.3962,36.422,,negatives.csv,16750,5
mesogeos-neg-16751-2022-06-20,0,no,2022-06-20,2022-05-21,2022-06-19,30.755,37.4188,,negatives.csv,16751,3
mesogeos-pos-04841-2022-06-21,1,yes,2022-06-21,2022-05-22,2022-06-20,28.1169,36.8449,4548.0,positives.csv,4841,2
mesogeos-neg-16752-2022-06-21,0,no,2022-06-21,2022-05-22,2022-06-20,15.9637,40.802,,negatives.csv,16752,3
mesogeos-neg-16753-2022-06-21,0,no,2022-06-21,2022-05-22,2022-06-20,10.1237,44.155,,negatives.csv,16753,8
mesogeos-neg-16754-2022-06-21,0,no,2022-06-21,2022-05-22,2022-06-20,13.1746,41.6981,,negatives.csv,16754,4
mesogeos-neg-16755-2022-06-21,0,no,2022-06-21,2022-05-22,2022-06-20,31.1376,37.5396,,negatives.csv,16755,8
mesogeos-neg-16756-2022-06-21,0,no,2022-06-21,2022-05-22,2022-06-20,28.3687,37.9726,,negatives.csv,16756,6
mesogeos-neg-16757-2022-06-21,0,no,2022-06-21,2022-05-22,2022-06-20,0.558151,36.1803,,negatives.csv,16757,6
mesogeos-pos-03142-2022-06-22,1,yes,2022-06-22,2022-05-23,2022-06-21,16.5577,40.953,193.0,positives.csv,3142,8
mesogeos-pos-04975-2022-06-22,1,yes,2022-06-22,2022-05-23,2022-06-21,33.816,35.3547,1793.0,positives.csv,4975,3
mesogeos-pos-08454-2022-06-22,1,yes,2022-06-22,2022-05-23,2022-06-21,10.174,36.5227,216.0,positives.csv,8454,9
mesogeos-neg-16758-2022-06-22,0,no,2022-06-22,2022-05-23,2022-06-21,-3.40902,37.3181,,negatives.csv,16758,8
mesogeos-neg-16759-2022-06-22,0,no,2022-06-22,2022-05-23,2022-06-21,-4.3253,37.439,,negatives.csv,16759,6
mesogeos-neg-16760-2022-06-22,0,no,2022-06-22,2022-05-23,2022-06-21,9.45912,35.5661,,negatives.csv,16760,8
mesogeos-neg-16761-2022-06-22,0,no,2022-06-22,2022-05-23,2022-06-21,6.5794,43.8529,,negatives.csv,16761,9
mesogeos-neg-16762-2022-06-22,0,no,2022-06-22,2022-05-23,2022-06-21,20.8371,39.3923,,negatives.csv,16762,8
mesogeos-neg-16763-2022-06-22,0,no,2022-06-22,2022-05-23,2022-06-21,-3.1573,38.4156,,negatives.csv,16763,3
mesogeos-neg-16764-2022-06-23,0,no,2022-06-23,2022-05-24,2022-06-22,20.3235,40.9329,,negatives.csv,16764,3
mesogeos-neg-16765-2022-06-23,0,no,2022-06-23,2022-05-24,2022-06-22,20.0617,40.2482,,negatives.csv,16765,1
mesogeos-neg-16766-2022-06-23,0,no,2022-06-23,2022-05-24,2022-06-22,-4.72806,40.4194,,negatives.csv,16766,4
mesogeos-neg-16767-2022-06-23,0,no,2022-06-23,2022-05-24,2022-06-22,13.5572,41.5974,,negatives.csv,16767,7
mesogeos-neg-16768-2022-06-23,0,no,2022-06-23,2022-05-24,2022-06-22,16.89,40.9933,,negatives.csv,16768,5
mesogeos-neg-16769-2022-06-23,0,no,2022-06-23,2022-05-24,2022-06-22,1.03139,41.1645,,negatives.csv,16769,2
mesogeos-pos-03145-2022-06-24,1,yes,2022-06-24,2022-05-25,2022-06-23,14.554,37.298,53.0,positives.csv,3145,8
mesogeos-pos-03148-2022-06-24,1,yes,2022-06-24,2022-05-25,2022-06-23,13.9197,37.2074,36.0,positives.csv,3148,3
mesogeos-pos-04974-2022-06-24,1,yes,2022-06-24,2022-05-25,2022-06-23,32.6178,34.7606,41.0,positives.csv,4974,8
mesogeos-neg-16770-2022-06-24,0,no,2022-06-24,2022-05-25,2022-06-23,13.2451,41.819,,negatives.csv,16770,6
mesogeos-neg-16771-2022-06-24,0,no,2022-06-24,2022-05-25,2022-06-23,-8.89661,30.8035,,negatives.csv,16771,8
mesogeos-neg-16772-2022-06-24,0,no,2022-06-24,2022-05-25,2022-06-23,17.3331,40.6912,,negatives.csv,16772,1
mesogeos-neg-16773-2022-06-24,0,no,2022-06-24,2022-05-25,2022-06-23,-4.76834,33.945,,negatives.csv,16773,7
mesogeos-neg-16774-2022-06-24,0,no,2022-06-24,2022-05-25,2022-06-23,1.03139,35.697,,negatives.csv,16774,9
mesogeos-neg-16775-2022-06-24,0,no,2022-06-24,2022-05-25,2022-06-23,6.69015,44.1952,,negatives.csv,16775,7
mesogeos-pos-03155-2022-06-25,1,yes,2022-06-25,2022-05-26,2022-06-24,15.0675,37.1973,67.0,positives.csv,3155,0
mesogeos-pos-03174-2022-06-25,1,yes,2022-06-25,2022-05-26,2022-06-24,13.3457,37.4994,87.0,positives.csv,3174,3
mesogeos-pos-03727-2022-06-25,1,yes,2022-06-25,2022-05-26,2022-06-24,16.0946,41.1645,585.0,positives.csv,3727,1
mesogeos-neg-16776-2022-06-25,0,no,2022-06-25,2022-05-26,2022-06-24,-5.28185,37.3282,,negatives.csv,16776,0
mesogeos-neg-16777-2022-06-25,0,no,2022-06-25,2022-05-26,2022-06-24,28.3183,39.6541,,negatives.csv,16777,7
mesogeos-neg-16778-2022-06-25,0,no,2022-06-25,2022-05-26,2022-06-24,2.59208,43.138,,negatives.csv,16778,4
mesogeos-neg-16779-2022-06-25,0,no,2022-06-25,2022-05-26,2022-06-24,1.98795,41.386,,negatives.csv,16779,8
mesogeos-neg-16780-2022-06-25,0,no,2022-06-25,2022-05-26,2022-06-24,20.7565,40.3489,,negatives.csv,16780,3
mesogeos-pos-03154-2022-06-26,1,yes,2022-06-26,2022-05-27,2022-06-25,14.252,37.2074,452.0,positives.csv,3154,2
mesogeos-pos-08455-2022-06-26,1,yes,2022-06-26,2022-05-27,2022-06-25,9.63029,36.5831,698.0,positives.csv,8455,9
mesogeos-neg-16781-2022-06-26,0,no,2022-06-26,2022-05-27,2022-06-25,8.72409,40.2079,,negatives.csv,16781,2
mesogeos-neg-16782-2022-06-26,0,no,2022-06-26,2022-05-27,2022-06-25,9.98271,35.103,,negatives.csv,16782,6
mesogeos-neg-16783-2022-06-26,0,no,2022-06-26,2022-05-27,2022-06-25,14.5037,42.0908,,negatives.csv,16783,8
mesogeos-neg-16784-2022-06-26,0,no,2022-06-26,2022-05-27,2022-06-25,-3.32847,41.094,,negatives.csv,16784,1
mesogeos-neg-16785-2022-06-26,0,no,2022-06-26,2022-05-27,2022-06-25,-2.03964,37.2074,,negatives.csv,16785,9
mesogeos-neg-16786-2022-06-26,0,no,2022-06-26,2022-05-27,2022-06-25,35.568,33.2704,,negatives.csv,16786,5
mesogeos-pos-03173-2022-06-27,1,yes,2022-06-27,2022-05-28,2022-06-26,14.4936,37.1671,67.0,positives.csv,3173,0
mesogeos-pos-08456-2022-06-27,1,yes,2022-06-27,2022-05-28,2022-06-26,10.0532,36.8852,96.0,positives.csv,8456,2
mesogeos-neg-16787-2022-06-27,0,no,2022-06-27,2022-05-28,2022-06-26,-6.12765,33.6127,,negatives.csv,16787,4
mesogeos-neg-16788-2022-06-27,0,no,2022-06-27,2022-05-28,2022-06-26,6.39815,44.2254,,negatives.csv,16788,6
mesogeos-neg-16789-2022-06-27,0,no,2022-06-27,2022-05-28,2022-06-26,13.7082,41.5572,,negatives.csv,16789,3
mesogeos-neg-16790-2022-06-27,0,no,2022-06-27,2022-05-28,2022-06-26,28.7009,38.2445,,negatives.csv,16790,7
mesogeos-neg-16791-2022-06-27,0,no,2022-06-27,2022-05-28,2022-06-26,8.34147,35.2036,,negatives.csv,16791,0
mesogeos-pos-03160-2022-06-28,1,yes,2022-06-28,2022-05-29,2022-06-27,13.2451,37.9424,163.0,positives.csv,3160,5
mesogeos-pos-03161-2022-06-28,1,yes,2022-06-28,2022-05-29,2022-06-27,13.4666,37.8417,179.0,positives.csv,3161,8
mesogeos-pos-03728-2022-06-28,1,yes,2022-06-28,2022-05-29,2022-06-27,12.7819,42.1512,131.0,positives.csv,3728,3
mesogeos-pos-03729-2022-06-28,1,yes,2022-06-28,2022-05-29,2022-06-27,12.8423,41.9096,37.0,positives.csv,3729,6
mesogeos-pos-03731-2022-06-28,1,yes,2022-06-28,2022-05-29,2022-06-27,15.6314,41.6276,776.0,positives.csv,3731,1
mesogeos-pos-03919-2022-06-28,1,yes,2022-06-28,2022-05-29,2022-06-27,2.85388,42.8561,1069.0,positives.csv,3919,1
mesogeos-neg-16792-2022-06-28,0,no,2022-06-28,2022-05-29,2022-06-27,16.6182,39.1708,,negatives.csv,16792,3
mesogeos-neg-16793-2022-06-28,0,no,2022-06-28,2022-05-29,2022-06-27,-6.85261,42.2217,,negatives.csv,16793,6
mesogeos-neg-16794-2022-06-28,0,no,2022-06-28,2022-05-29,2022-06-27,6.63981,35.0325,,negatives.csv,16794,8
mesogeos-neg-16795-2022-06-28,0,no,2022-06-28,2022-05-29,2022-06-27,30.4227,37.4994,,negatives.csv,16795,2
mesogeos-neg-16796-2022-06-28,0,no,2022-06-28,2022-05-29,2022-06-27,-8.61468,40.2583,,negatives.csv,16796,6
mesogeos-neg-16797-2022-06-28,0,no,2022-06-28,2022-05-29,2022-06-27,21.9044,38.8788,,negatives.csv,16797,2
mesogeos-pos-00660-2022-06-29,1,yes,2022-06-29,2022-05-30,2022-06-28,-4.09371,38.6472,97.0,positives.csv,660,8
mesogeos-pos-03908-2022-06-29,1,yes,2022-06-29,2022-05-30,2022-06-28,2.67264,42.7151,70.0,positives.csv,3908,2
mesogeos-neg-16798-2022-06-29,0,no,2022-06-29,2022-05-30,2022-06-28,-4.70792,40.5905,,negatives.csv,16798,5
mesogeos-neg-16799-2022-06-29,0,no,2022-06-29,2022-05-30,2022-06-28,-4.15413,40.4798,,negatives.csv,16799,7
mesogeos-neg-16800-2022-06-29,0,no,2022-06-29,2022-05-30,2022-06-28,29.0936,37.1872,,negatives.csv,16800,4
mesogeos-neg-16801-2022-06-29,0,no,2022-06-29,2022-05-30,2022-06-28,30.5335,37.4994,,negatives.csv,16801,9
mesogeos-neg-16802-2022-06-29,0,no,2022-06-29,2022-05-30,2022-06-28,1.37374,35.838,,negatives.csv,16802,3
mesogeos-neg-16803-2022-06-29,0,no,2022-06-29,2022-05-30,2022-06-28,3.04519,36.0494,,negatives.csv,16803,8
mesogeos-pos-03172-2022-06-30,1,yes,2022-06-30,2022-05-31,2022-06-29,14.6446,37.2376,351.0,positives.csv,3172,7
mesogeos-pos-03257-2022-06-30,1,yes,2022-06-30,2022-05-31,2022-06-29,14.0405,37.2174,411.0,positives.csv,3257,9
mesogeos-pos-03730-2022-06-30,1,yes,2022-06-30,2022-05-31,2022-06-29,11.0702,44.2557,150.0,positives.csv,3730,7
mesogeos-pos-04440-2022-06-30,1,yes,2022-06-30,2022-05-31,2022-06-29,-5.48323,36.4824,34.0,positives.csv,4440,6
mesogeos-pos-08474-2022-06-30,1,yes,2022-06-30,2022-05-31,2022-06-29,9.63029,36.0998,31.0,positives.csv,8474,1
mesogeos-neg-16804-2022-06-30,0,no,2022-06-30,2022-05-31,2022-06-29,-0.579643,41.7888,,negatives.csv,16804,5
mesogeos-neg-16805-2022-06-30,0,no,2022-06-30,2022-05-31,2022-06-29,-4.4562,37.1168,,negatives.csv,16805,0
mesogeos-neg-16806-2022-06-30,0,no,2022-06-30,2022-05-31,2022-06-29,-8.55427,39.2514,,negatives.csv,16806,8
mesogeos-neg-16807-2022-06-30,0,no,2022-06-30,2022-05-31,2022-06-29,4.05208,43.9133,,negatives.csv,16807,5
mesogeos-neg-16808-2022-06-30,0,no,2022-06-30,2022-05-31,2022-06-29,-5.93634,37.6705,,negatives.csv,16808,0
mesogeos-neg-16809-2022-06-30,0,no,2022-06-30,2022-05-31,2022-06-29,7.50574,35.5057,,negatives.csv,16809,7
mesogeos-pos-03176-2022-07-01,1,yes,2022-07-01,2022-06-01,2022-06-30,13.7284,37.298,154.0,positives.csv,3176,3
mesogeos-neg-16810-2022-07-01,0,no,2022-07-01,2022-06-01,2022-06-30,6.98216,36.281,,negatives.csv,16810,3
mesogeos-neg-16811-2022-07-01,0,no,2022-07-01,2022-06-01,2022-06-30,35.9405,33.8443,,negatives.csv,16811,1
mesogeos-neg-16812-2022-07-01,0,no,2022-07-01,2022-06-01,2022-06-30,-6.22834,42.2318,,negatives.csv,16812,9
mesogeos-neg-16813-2022-07-01,0,no,2022-07-01,2022-06-01,2022-06-30,-4.43606,40.9732,,negatives.csv,16813,3
mesogeos-neg-16814-2022-07-01,0,no,2022-07-01,2022-06-01,2022-06-30,-3.70102,32.5354,,negatives.csv,16814,8
mesogeos-neg-16815-2022-07-01,0,no,2022-07-01,2022-06-01,2022-06-30,21.7735,38.7379,,negatives.csv,16815,1
mesogeos-pos-01648-2022-07-02,1,yes,2022-07-02,2022-06-02,2022-07-01,-7.19496,40.5704,741.0,positives.csv,1648,0
mesogeos-pos-03162-2022-07-02,1,yes,2022-07-02,2022-06-02,2022-07-01,14.3728,37.4188,1034.0,positives.csv,3162,7
mesogeos-neg-16816-2022-07-02,0,no,2022-07-02,2022-06-02,2022-07-01,30.3321,36.9456,,negatives.csv,16816,8
mesogeos-neg-16817-2022-07-02,0,no,2022-07-02,2022-06-02,2022-07-01,20.8169,40.6208,,negatives.csv,16817,1
mesogeos-neg-16818-2022-07-02,0,no,2022-07-02,2022-06-02,2022-07-01,35.6384,37.2376,,negatives.csv,16818,9
mesogeos-neg-16819-2022-07-02,0,no,2022-07-02,2022-06-02,2022-07-01,5.83429,44.1449,,negatives.csv,16819,6
mesogeos-neg-16820-2022-07-02,0,no,2022-07-02,2022-06-02,2022-07-01,29.7078,36.4623,,negatives.csv,16820,2
mesogeos-neg-16821-2022-07-02,0,no,2022-07-02,2022-06-02,2022-07-01,4.77705,44.5779,,negatives.csv,16821,6
mesogeos-pos-03165-2022-07-03,1,yes,2022-07-03,2022-06-03,2022-07-02,17.0511,39.1809,48.0,positives.csv,3165,1
mesogeos-pos-03187-2022-07-03,1,yes,2022-07-03,2022-06-03,2022-07-02,16.2355,38.6573,101.0,positives.csv,3187,1
mesogeos-pos-04833-2022-07-03,1,yes,2022-07-03,2022-06-03,2022-07-02,21.562,37.9021,818.0,positives.csv,4833,7
mesogeos-pos-08458-2022-07-03,1,yes,2022-07-03,2022-06-03,2022-07-02,8.4925,36.281,122.0,positives.csv,8458,5
mesogeos-neg-16822-2022-07-03,0,no,2022-07-03,2022-06-03,2022-07-02,29.436,36.3112,,negatives.csv,16822,6
mesogeos-neg-16823-2022-07-03,0,no,2022-07-03,2022-06-03,2022-07-02,28.1773,39.8756,,negatives.csv,16823,3
mesogeos-neg-16824-2022-07-03,0,no,2022-07-03,2022-06-03,2022-07-02,1.00119,41.6075,,negatives.csv,16824,5
mesogeos-neg-16825-2022-07-03,0,no,2022-07-03,2022-06-03,2022-07-02,-4.05344,41.9499,,negatives.csv,16825,7
mesogeos-neg-16826-2022-07-03,0,no,2022-07-03,2022-06-03,2022-07-02,-1.92888,42.5943,,negatives.csv,16826,9
mesogeos-pos-00695-2022-07-04,1,yes,2022-07-04,2022-06-04,2022-07-03,-1.42544,39.4729,1478.0,positives.csv,695,5
mesogeos-pos-03171-2022-07-04,1,yes,2022-07-04,2022-06-04,2022-07-03,16.3161,39.493,116.0,positives.csv,3171,8
mesogeos-pos-03178-2022-07-04,1,yes,2022-07-04,2022-06-04,2022-07-03,17.0612,39.2111,163.0,positives.csv,3178,9
mesogeos-pos-03179-2022-07-04,1,yes,2022-07-04,2022-06-04,2022-07-03,17.0511,39.1305,83.0,positives.csv,3179,0
mesogeos-pos-03732-2022-07-04,1,yes,2022-07-04,2022-06-04,2022-07-03,16.1751,40.9832,178.0,positives.csv,3732,9
mesogeos-pos-03733-2022-07-04,1,yes,2022-07-04,2022-06-04,2022-07-03,16.2859,41.0739,71.0,positives.csv,3733,6
mesogeos-pos-03737-2022-07-04,1,yes,2022-07-04,2022-06-04,2022-07-03,13.5371,41.3356,45.0,positives.csv,3737,8
mesogeos-pos-06102-2022-07-04,1,yes,2022-07-04,2022-06-04,2022-07-03,17.8667,43.1883,445.0,positives.csv,6102,6
mesogeos-pos-08460-2022-07-04,1,yes,2022-07-04,2022-06-04,2022-07-03,8.13002,35.6265,2503.0,positives.csv,8460,9
mesogeos-neg-16827-2022-07-04,0,no,2022-07-04,2022-06-04,2022-07-03,-4.68778,34.4686,,negatives.csv,16827,1
mesogeos-neg-16828-2022-07-04,0,no,2022-07-04,2022-06-04,2022-07-03,-7.15468,42.0103,,negatives.csv,16828,0
mesogeos-neg-16829-2022-07-04,0,no,2022-07-04,2022-06-04,2022-07-03,35.6284,32.9985,,negatives.csv,16829,6
mesogeos-neg-16830-2022-07-04,0,no,2022-07-04,2022-06-04,2022-07-03,6.16657,35.5158,,negatives.csv,16830,3
mesogeos-neg-16831-2022-07-04,0,no,2022-07-04,2022-06-04,2022-07-03,-4.73813,39.5836,,negatives.csv,16831,0
mesogeos-neg-16832-2022-07-04,0,no,2022-07-04,2022-06-04,2022-07-03,-6.80227,38.033,,negatives.csv,16832,6
mesogeos-pos-00667-2022-07-05,1,yes,2022-07-05,2022-06-05,2022-07-04,-3.01633,40.218,327.0,positives.csv,667,9
mesogeos-pos-03163-2022-07-05,1,yes,2022-07-05,2022-06-05,2022-07-04,15.1481,37.7813,106.0,positives.csv,3163,1
mesogeos-pos-04842-2022-07-05,1,yes,2022-07-05,2022-06-05,2022-07-04,21.4211,37.7712,58.0,positives.csv,4842,6
mesogeos-pos-06110-2022-07-05,1,yes,2022-07-05,2022-06-05,2022-07-04,19.7496,41.5068,86.0,positives.csv,6110,7
mesogeos-neg-16833-2022-07-05,0,no,2022-07-05,2022-06-05,2022-07-04,15.6717,40.359,,negatives.csv,16833,1
mesogeos-neg-16834-2022-07-05,0,no,2022-07-05,2022-06-05,2022-07-04,22.1259,37.3282,,negatives.csv,16834,4
mesogeos-neg-16835-2022-07-05,0,no,2022-07-05,2022-06-05,2022-07-04,-3.79164,34.9721,,negatives.csv,16835,2
mesogeos-neg-16836-2022-07-05,0,no,2022-07-05,2022-06-05,2022-07-04,-7.22516,31.4882,,negatives.csv,16836,2
mesogeos-neg-16837-2022-07-05,0,no,2022-07-05,2022-06-05,2022-07-04,22.3172,41.4464,,negatives.csv,16837,7
mesogeos-neg-16838-2022-07-05,0,no,2022-07-05,2022-06-05,2022-07-04,20.4343,39.7649,,negatives.csv,16838,7
mesogeos-pos-03185-2022-07-06,1,yes,2022-07-06,2022-06-06,2022-07-05,14.9467,37.6001,39.0,positives.csv,3185,7
mesogeos-pos-04441-2022-07-06,1,yes,2022-07-06,2022-06-06,2022-07-05,-8.23206,39.4326,106.0,positives.csv,4441,3
mesogeos-pos-06100-2022-07-06,1,yes,2022-07-06,2022-06-06,2022-07-05,16.2758,43.9939,487.0,positives.csv,6100,3
mesogeos-neg-16839-2022-07-06,0,no,2022-07-06,2022-06-06,2022-07-05,20.3638,39.6743,,negatives.csv,16839,0
mesogeos-neg-16840-2022-07-06,0,no,2022-07-06,2022-06-06,2022-07-05,20.4242,41.6579,,negatives.csv,16840,1
mesogeos-neg-16841-2022-07-06,0,no,2022-07-06,2022-06-06,2022-07-05,6.32767,36.1099,,negatives.csv,16841,3
mesogeos-neg-16842-2022-07-06,0,no,2022-07-06,2022-06-06,2022-07-05,-2.52295,39.8354,,negatives.csv,16842,6
mesogeos-neg-16843-2022-07-06,0,no,2022-07-06,2022-06-06,2022-07-05,35.1048,31.7601,,negatives.csv,16843,3
mesogeos-pos-00696-2022-07-07,1,yes,2022-07-07,2022-06-07,2022-07-06,-7.38627,41.1846,3389.0,positives.csv,696,0
mesogeos-pos-00702-2022-07-07,1,yes,2022-07-07,2022-06-07,2022-07-06,-3.19758,40.8322,52.0,positives.csv,702,3
mesogeos-pos-01649-2022-07-07,1,yes,2022-07-07,2022-06-07,2022-07-06,-4.95965,40.3187,139.0,positives.csv,1649,9
mesogeos-pos-01650-2022-07-07,1,yes,2022-07-07,2022-06-07,2022-07-06,-7.31578,40.4093,749.0,positives.csv,1650,4
mesogeos-pos-03184-2022-07-07,1,yes,2022-07-07,2022-06-07,2022-07-06,12.792,38.0532,197.0,positives.csv,3184,9
mesogeos-pos-03738-2022-07-07,1,yes,2022-07-07,2022-06-07,2022-07-06,16.155,40.6208,116.0,positives.csv,3738,7
mesogeos-pos-03921-2022-07-07,1,yes,2022-07-07,2022-06-07,2022-07-06,4.09236,44.2959,534.0,positives.csv,3921,1
mesogeos-pos-03922-2022-07-07,1,yes,2022-07-07,2022-06-07,2022-07-06,4.34408,43.7119,147.0,positives.csv,3922,0
mesogeos-pos-04183-2022-07-07,1,yes,2022-07-07,2022-06-07,2022-07-06,16.0946,38.1941,45.0,positives.csv,4183,2
mesogeos-pos-04443-2022-07-07,1,yes,2022-07-07,2022-06-07,2022-07-06,-8.47372,39.7649,8323.0,positives.csv,4443,0
mesogeos-neg-16844-2022-07-07,0,no,2022-07-07,2022-06-07,2022-07-06,31.6411,39.5836,,negatives.csv,16844,6
mesogeos-neg-16845-2022-07-07,0,no,2022-07-07,2022-06-07,2022-07-06,-8.2522,32.6663,,negatives.csv,16845,6
mesogeos-neg-16846-2022-07-07,0,no,2022-07-07,2022-06-07,2022-07-06,-5.22144,37.2074,,negatives.csv,16846,3
mesogeos-neg-16847-2022-07-07,0,no,2022-07-07,2022-06-07,2022-07-06,21.1492,40.3992,,negatives.csv,16847,2
mesogeos-neg-16848-2022-07-07,0,no,2022-07-07,2022-06-07,2022-07-06,-1.95909,38.4861,,negatives.csv,16848,6
mesogeos-neg-16849-2022-07-07,0,no,2022-07-07,2022-06-07,2022-07-06,8.98588,41.8693,,negatives.csv,16849,1
mesogeos-neg-16850-2022-07-08,0,no,2022-07-08,2022-06-08,2022-07-07,28.862,38.9292,,negatives.csv,16850,3
mesogeos-neg-16851-2022-07-08,0,no,2022-07-08,2022-06-08,2022-07-07,28.1169,37.3987,,negatives.csv,16851,0
mesogeos-neg-16852-2022-07-08,0,no,2022-07-08,2022-06-08,2022-07-07,-2.37192,38.9594,,negatives.csv,16852,5
mesogeos-neg-16853-2022-07-08,0,no,2022-07-08,2022-06-08,2022-07-07,1.54491,34.3579,,negatives.csv,16853,8
mesogeos-neg-16854-2022-07-08,0,no,2022-07-08,2022-06-08,2022-07-07,29.295,39.4729,,negatives.csv,16854,7
mesogeos-neg-16855-2022-07-08,0,no,2022-07-08,2022-06-08,2022-07-07,-2.01951,39.6441,,negatives.csv,16855,9
mesogeos-pos-00700-2022-07-09,1,yes,2022-07-09,2022-06-09,2022-07-08,-3.62047,40.0166,264.0,positives.csv,700,3
mesogeos-pos-03188-2022-07-09,1,yes,2022-07-09,2022-06-09,2022-07-08,14.3224,37.2174,176.0,positives.csv,3188,7
mesogeos-pos-08459-2022-07-09,1,yes,2022-07-09,2022-06-09,2022-07-08,-4.65758,34.7505,204.0,positives.csv,8459,8
mesogeos-neg-16856-2022-07-09,0,no,2022-07-09,2022-06-09,2022-07-08,-7.98034,39.8354,,negatives.csv,16856,0
mesogeos-neg-16857-2022-07-09,0,no,2022-07-09,2022-06-09,2022-07-08,28.9325,37.7813,,negatives.csv,16857,1
mesogeos-neg-16858-2022-07-09,0,no,2022-07-09,2022-06-09,2022-07-08,-5.13082,38.8184,,negatives.csv,16858,5
mesogeos-neg-16859-2022-07-09,0,no,2022-07-09,2022-06-09,2022-07-08,31.5404,36.8852,,negatives.csv,16859,6
mesogeos-neg-16860-2022-07-09,0,no,2022-07-09,2022-06-09,2022-07-08,8.86505,35.0828,,negatives.csv,16860,6
mesogeos-neg-16861-2022-07-09,0,no,2022-07-09,2022-06-09,2022-07-08,29.7984,36.2005,,negatives.csv,16861,1
mesogeos-pos-00701-2022-07-10,1,yes,2022-07-10,2022-06-10,2022-07-09,-1.93895,42.1311,95.0,positives.csv,701,8
mesogeos-pos-00717-2022-07-10,1,yes,2022-07-10,2022-06-10,2022-07-09,-7.92999,41.1443,30.0,positives.csv,717,1
mesogeos-pos-00725-2022-07-10,1,yes,2022-07-10,2022-06-10,2022-07-09,-4.36558,38.617,110.0,positives.csv,725,0
mesogeos-pos-03194-2022-07-10,1,yes,2022-07-10,2022-06-10,2022-07-09,15.571,38.2445,32.0,positives.csv,3194,2
mesogeos-pos-08471-2022-07-10,1,yes,2022-07-10,2022-06-10,2022-07-09,-5.88599,35.6769,128.0,positives.csv,8471,7
mesogeos-neg-16862-2022-07-10,0,no,2022-07-10,2022-06-10,2022-07-09,25.9521,40.9228,,negatives.csv,16862,6
mesogeos-neg-16863-2022-07-10,0,no,2022-07-10,2022-06-10,2022-07-09,-0.539367,40.651,,negatives.csv,16863,9
mesogeos-neg-16864-2022-07-10,0,no,2022-07-10,2022-06-10,2022-07-09,31.3088,37.8619,,negatives.csv,16864,6
mesogeos-neg-16865-2022-07-10,0,no,2022-07-10,2022-06-10,2022-07-09,12.1677,43.3092,,negatives.csv,16865,8
mesogeos-neg-16866-2022-07-10,0,no,2022-07-10,2022-06-10,2022-07-09,36.0412,33.8645,,negatives.csv,16866,5
mesogeos-neg-16867-2022-07-10,0,no,2022-07-10,2022-06-10,2022-07-09,-2.87537,41.4665,,negatives.csv,16867,8
mesogeos-pos-00699-2022-07-11,1,yes,2022-07-11,2022-06-11,2022-07-10,-3.99302,40.1072,220.0,positives.csv,699,0
mesogeos-pos-00703-2022-07-11,1,yes,2022-07-11,2022-06-11,2022-07-10,-6.92309,40.9832,78.0,positives.csv,703,7
mesogeos-pos-01652-2022-07-11,1,yes,2022-07-11,2022-06-11,2022-07-10,-5.77523,40.3187,602.0,positives.csv,1652,3
mesogeos-pos-01657-2022-07-11,1,yes,2022-07-11,2022-06-11,2022-07-10,-6.19813,40.4294,12687.0,positives.csv,1657,6
mesogeos-neg-16868-2022-07-11,0,no,2022-07-11,2022-06-11,2022-07-10,17.756,40.5704,,negatives.csv,16868,9
mesogeos-neg-16869-2022-07-11,0,no,2022-07-11,2022-06-11,2022-07-10,-4.93951,42.1412,,negatives.csv,16869,9
mesogeos-neg-16870-2022-07-11,0,no,2022-07-11,2022-06-11,2022-07-10,-8.5442,37.4088,,negatives.csv,16870,0
mesogeos-neg-16871-2022-07-11,0,no,2022-07-11,2022-06-11,2022-07-10,4.6965,44.0241,,negatives.csv,16871,1
mesogeos-neg-16872-2022-07-11,0,no,2022-07-11,2022-06-11,2022-07-10,-3.97289,38.909,,negatives.csv,16872,1
mesogeos-neg-16873-2022-07-11,0,no,2022-07-11,2022-06-11,2022-07-10,0.658841,42.2318,,negatives.csv,16873,3
mesogeos-pos-04438-2022-07-12,1,yes,2022-07-12,2022-06-12,2022-07-11,-8.57441,39.9361,270.0,positives.csv,4438,9
mesogeos-pos-04439-2022-07-12,1,yes,2022-07-12,2022-06-12,2022-07-11,-8.68517,39.8253,3727.0,positives.csv,4439,2
mesogeos-pos-04442-2022-07-12,1,yes,2022-07-12,2022-06-12,2022-07-11,-8.79592,39.8253,173.0,positives.csv,4442,1
mesogeos-pos-08462-2022-07-12,1,yes,2022-07-12,2022-06-12,2022-07-11,9.38864,37.0966,449.0,positives.csv,8462,5
mesogeos-neg-16874-2022-07-12,0,no,2022-07-12,2022-06-12,2022-07-11,27.3618,39.4427,,negatives.csv,16874,1
mesogeos-neg-16875-2022-07-12,0,no,2022-07-12,2022-06-12,2022-07-11,19.9107,42.0103,,negatives.csv,16875,2
mesogeos-neg-16876-2022-07-12,0,no,2022-07-12,2022-06-12,2022-07-11,0.235944,34.3276,,negatives.csv,16876,0
mesogeos-neg-16877-2022-07-12,0,no,2022-07-12,2022-06-12,2022-07-11,0.17553,40.8423,,negatives.csv,16877,8
mesogeos-neg-16878-2022-07-12,0,no,2022-07-12,2022-06-12,2022-07-11,10.6271,43.1179,,negatives.csv,16878,4
mesogeos-neg-16879-2022-07-12,0,no,2022-07-12,2022-06-12,2022-07-11,23.0724,37.5396,,negatives.csv,16879,3
mesogeos-pos-00705-2022-07-13,1,yes,2022-07-13,2022-06-13,2022-07-12,-8.0911,41.0336,38.0,positives.csv,705,7
mesogeos-pos-00715-2022-07-13,1,yes,2022-07-13,2022-06-13,2022-07-12,-6.51027,38.4962,445.0,positives.csv,715,7
mesogeos-pos-04927-2022-07-13,1,yes,2022-07-13,2022-06-13,2022-07-12,-4.01316,40.7114,78.0,positives.csv,4927,2
mesogeos-pos-08464-2022-07-13,1,yes,2022-07-13,2022-06-13,2022-07-12,-5.67454,35.0325,12623.0,positives.csv,8464,3
mesogeos-pos-08468-2022-07-13,1,yes,2022-07-13,2022-06-13,2022-07-12,-5.32213,34.8814,347.0,positives.csv,8468,3
mesogeos-neg-16880-2022-07-13,0,no,2022-07-13,2022-06-13,2022-07-12,10.5365,44.6886,,negatives.csv,16880,9
mesogeos-neg-16881-2022-07-13,0,no,2022-07-13,2022-06-13,2022-07-12,28.7714,38.8889,,negatives.csv,16881,2
mesogeos-neg-16882-2022-07-13,0,no,2022-07-13,2022-06-13,2022-07-12,28.1371,37.5195,,negatives.csv,16882,9
mesogeos-neg-16883-2022-07-13,0,no,2022-07-13,2022-06-13,2022-07-12,-5.90613,41.6679,,negatives.csv,16883,4
mesogeos-neg-16884-2022-07-13,0,no,2022-07-13,2022-06-13,2022-07-12,22.1561,37.4792,,negatives.csv,16884,4
mesogeos-pos-00698-2022-07-14,1,yes,2022-07-14,2022-06-14,2022-07-13,-5.77523,39.7246,2889.0,positives.csv,698,1
mesogeos-pos-00718-2022-07-14,1,yes,2022-07-14,2022-06-14,2022-07-13,-5.2013,41.4263,159.0,positives.csv,718,0
mesogeos-pos-01641-2022-07-14,1,yes,2022-07-14,2022-06-14,2022-07-13,-7.26544,42.5439,13989.0,positives.csv,1641,1
mesogeos-pos-01651-2022-07-14,1,yes,2022-07-14,2022-06-14,2022-07-13,-7.7991,40.4294,540.0,positives.csv,1651,7
mesogeos-pos-03190-2022-07-14,1,yes,2022-07-14,2022-06-14,2022-07-13,8.86505,39.4125,119.0,positives.csv,3190,3
mesogeos-pos-03195-2022-07-14,1,yes,2022-07-14,2022-06-14,2022-07-13,16.4571,38.466,30.0,positives.csv,3195,5
mesogeos-pos-03925-2022-07-14,1,yes,2022-07-14,2022-06-14,2022-07-13,4.76698,43.8831,1439.0,positives.csv,3925,3
mesogeos-pos-04444-2022-07-14,1,yes,2022-07-14,2022-06-14,2022-07-13,-8.65496,39.7145,60.0,positives.csv,4444,3
mesogeos-pos-04447-2022-07-14,1,yes,2022-07-14,2022-06-14,2022-07-13,-5.32213,36.9355,244.0,positives.csv,4447,0
mesogeos-pos-04845-2022-07-14,1,yes,2022-07-14,2022-06-14,2022-07-13,27.0194,39.0701,137.0,positives.csv,4845,4
mesogeos-pos-06109-2022-07-14,1,yes,2022-07-14,2022-06-14,2022-07-13,17.7358,43.1883,635.0,positives.csv,6109,8
mesogeos-pos-08457-2022-07-14,1,yes,2022-07-14,2022-06-14,2022-07-13,-4.26489,34.0356,1689.0,positives.csv,8457,9
mesogeos-pos-08463-2022-07-14,1,yes,2022-07-14,2022-06-14,2022-07-13,-5.71482,35.405,1270.0,positives.csv,8463,1
mesogeos-pos-08467-2022-07-14,1,yes,2022-07-14,2022-06-14,2022-07-13,-6.06723,35.2943,421.0,positives.csv,8467,0
mesogeos-pos-08473-2022-07-14,1,yes,2022-07-14,2022-06-14,2022-07-13,2.11884,35.9286,64.0,positives.csv,8473,0
mesogeos-neg-16885-2022-07-14,0,no,2022-07-14,2022-06-14,2022-07-13,-1.14351,41.5169,,negatives.csv,16885,0
mesogeos-neg-16886-2022-07-14,0,no,2022-07-14,2022-06-14,2022-07-13,3.62919,36.6334,,negatives.csv,16886,4
mesogeos-neg-16887-2022-07-14,0,no,2022-07-14,2022-06-14,2022-07-13,-3.52985,33.4516,,negatives.csv,16887,0
mesogeos-neg-16888-2022-07-14,0,no,2022-07-14,2022-06-14,2022-07-13,22.428,38.023,,negatives.csv,16888,1
mesogeos-neg-16889-2022-07-14,0,no,2022-07-14,2022-06-14,2022-07-13,-8.74558,38.9292,,negatives.csv,16889,0
mesogeos-neg-16890-2022-07-14,0,no,2022-07-14,2022-06-14,2022-07-13,-1.41537,40.2482,,negatives.csv,16890,4
mesogeos-pos-00697-2022-07-15,1,yes,2022-07-15,2022-06-15,2022-07-14,-7.01372,41.1141,332.0,positives.csv,697,0
mesogeos-pos-00706-2022-07-15,1,yes,2022-07-15,2022-06-15,2022-07-14,-8.06089,41.1041,483.0,positives.csv,706,8
mesogeos-pos-00711-2022-07-15,1,yes,2022-07-15,2022-06-15,2022-07-14,-2.75454,38.5063,1687.0,positives.csv,711,8
mesogeos-pos-00712-2022-07-15,1,yes,2022-07-15,2022-06-15,2022-07-14,-6.18806,41.245,809.0,positives.csv,712,9
mesogeos-pos-00724-2022-07-15,1,yes,2022-07-15,2022-06-15,2022-07-14,-5.98668,41.2752,97.0,positives.csv,724,1
mesogeos-pos-01635-2022-07-15,1,yes,2022-07-15,2022-06-15,2022-07-14,-7.28558,42.4936,101.0,positives.csv,1635,9
mesogeos-pos-01646-2022-07-15,1,yes,2022-07-15,2022-06-15,2022-07-14,-7.47689,41.8089,6240.0,positives.csv,1646,3
mesogeos-pos-01653-2022-07-15,1,yes,2022-07-15,2022-06-15,2022-07-14,-3.11702,42.554,534.0,positives.csv,1653,6
mesogeos-pos-01655-2022-07-15,1,yes,2022-07-15,2022-06-15,2022-07-14,-6.5002,41.8492,1378.0,positives.csv,1655,5
mesogeos-pos-01660-2022-07-15,1,yes,2022-07-15,2022-06-15,2022-07-14,-7.2453,40.6308,37.0,positives.csv,1660,6
mesogeos-pos-01664-2022-07-15,1,yes,2022-07-15,2022-06-15,2022-07-14,-6.93316,42.3526,12735.0,positives.csv,1664,5
mesogeos-pos-04925-2022-07-15,1,yes,2022-07-15,2022-06-15,2022-07-14,-2.23095,38.7278,143.0,positives.csv,4925,4
mesogeos-pos-04926-2022-07-15,1,yes,2022-07-15,2022-06-15,2022-07-14,-3.83192,41.0537,868.0,positives.csv,4926,4
mesogeos-pos-06563-2022-07-15,1,yes,2022-07-15,2022-06-15,2022-07-14,24.6532,35.1533,2339.0,positives.csv,6563,5
mesogeos-pos-08469-2022-07-15,1,yes,2022-07-15,2022-06-15,2022-07-14,-5.11068,35.2842,122.0,positives.csv,8469,1
mesogeos-pos-08472-2022-07-15,1,yes,2022-07-15,2022-06-15,2022-07-14,2.07857,36.0696,247.0,positives.csv,8472,7
mesogeos-neg-16891-2022-07-15,0,no,2022-07-15,2022-06-15,2022-07-14,22.9213,37.6504,,negatives.csv,16891,1
mesogeos-neg-16892-2022-07-15,0,no,2022-07-15,2022-06-15,2022-07-14,8.70395,39.4225,,negatives.csv,16892,3
mesogeos-neg-16893-2022-07-15,0,no,2022-07-15,2022-06-15,2022-07-14,2.53167,43.9334,,negatives.csv,16893,6
mesogeos-neg-16894-2022-07-15,0,no,2022-07-15,2022-06-15,2022-07-14,-0.529298,34.7203,,negatives.csv,16894,9
mesogeos-neg-16895-2022-07-15,0,no,2022-07-15,2022-06-15,2022-07-14,-6.6613,31.8205,,negatives.csv,16895,9
mesogeos-neg-16896-2022-07-15,0,no,2022-07-15,2022-06-15,2022-07-14,-4.58709,39.342,,negatives.csv,16896,0
mesogeos-pos-00708-2022-07-16,1,yes,2022-07-16,2022-06-16,2022-07-15,-4.4864,40.4697,4460.0,positives.csv,708,3
mesogeos-pos-00719-2022-07-16,1,yes,2022-07-16,2022-06-16,2022-07-15,-3.41909,40.4596,39.0,positives.csv,719,5
mesogeos-pos-01661-2022-07-16,1,yes,2022-07-16,2022-06-16,2022-07-15,-5.72489,40.218,142.0,positives.csv,1661,7
mesogeos-pos-06111-2022-07-16,1,yes,2022-07-16,2022-06-16,2022-07-15,19.3267,42.4936,341.0,positives.csv,6111,9
mesogeos-neg-16897-2022-07-16,0,no,2022-07-16,2022-06-16,2022-07-15,28.7815,36.8952,,negatives.csv,16897,9
mesogeos-neg-16898-2022-07-16,0,no,2022-07-16,2022-06-16,2022-07-15,34.8531,37.2678,,negatives.csv,16898,3
mesogeos-neg-16899-2022-07-16,0,no,2022-07-16,2022-06-16,2022-07-15,-3.54999,38.4156,,negatives.csv,16899,9
mesogeos-neg-16900-2022-07-16,0,no,2022-07-16,2022-06-16,2022-07-15,22.2769,38.7983,,negatives.csv,16900,0
mesogeos-neg-16901-2022-07-16,0,no,2022-07-16,2022-06-16,2022-07-15,22.0554,38.6573,,negatives.csv,16901,3
mesogeos-neg-16902-2022-07-16,0,no,2022-07-16,2022-06-16,2022-07-15,35.2558,32.5454,,negatives.csv,16902,2
mesogeos-pos-00679-2022-07-17,1,yes,2022-07-17,2022-06-17,2022-07-16,-6.03703,41.7384,32528.0,positives.csv,679,3
mesogeos-pos-00716-2022-07-17,1,yes,2022-07-17,2022-06-17,2022-07-16,1.86712,41.6981,1635.0,positives.csv,716,6
mesogeos-pos-00720-2022-07-17,1,yes,2022-07-17,2022-06-17,2022-07-16,-7.10434,40.7315,358.0,positives.csv,720,1
mesogeos-pos-00723-2022-07-17,1,yes,2022-07-17,2022-06-17,2022-07-16,1.86712,41.7082,44.0,positives.csv,723,5
mesogeos-pos-01647-2022-07-17,1,yes,2022-07-17,2022-06-17,2022-07-16,-7.54737,41.4464,7726.0,positives.csv,1647,7
mesogeos-pos-01659-2022-07-17,1,yes,2022-07-17,2022-06-17,2022-07-16,-6.58075,42.4432,1500.0,positives.csv,1659,2
mesogeos-pos-03139-2022-07-17,1,yes,2022-07-17,2022-06-17,2022-07-16,17.0008,39.0198,404.0,positives.csv,3139,4
mesogeos-pos-03197-2022-07-17,1,yes,2022-07-17,2022-06-17,2022-07-16,14.3124,37.3685,74.0,positives.csv,3197,7
mesogeos-pos-04437-2022-07-17,1,yes,2022-07-17,2022-06-17,2022-07-16,-8.72544,39.8555,35.0,positives.csv,4437,9
mesogeos-pos-06103-2022-07-17,1,yes,2022-07-17,2022-06-17,2022-07-16,13.6478,45.8566,4662.0,positives.csv,6103,4
mesogeos-pos-06114-2022-07-17,1,yes,2022-07-17,2022-06-17,2022-07-16,18.4507,43.0272,150.0,positives.csv,6114,1
mesogeos-pos-06209-2022-07-17,1,yes,2022-07-17,2022-06-17,2022-07-16,28.3284,39.6139,189.0,positives.csv,6209,2
mesogeos-neg-16903-2022-07-17,0,no,2022-07-17,2022-06-17,2022-07-16,27.8753,37.6504,,negatives.csv,16903,3
mesogeos-neg-16904-2022-07-17,0,no,2022-07-17,2022-06-17,2022-07-16,31.8827,37.0362,,negatives.csv,16904,0
mesogeos-neg-16905-2022-07-17,0,no,2022-07-17,2022-06-17,2022-07-16,-8.26227,39.05,,negatives.csv,16905,4
mesogeos-neg-16906-2022-07-17,0,no,2022-07-17,2022-06-17,2022-07-16,-3.29827,39.0399,,negatives.csv,16906,3
mesogeos-neg-16907-2022-07-17,0,no,2022-07-17,2022-06-17,2022-07-16,2.64243,35.8984,,negatives.csv,16907,2
mesogeos-neg-16908-2022-07-17,0,no,2022-07-17,2022-06-17,2022-07-16,12.8826,42.997,,negatives.csv,16908,7
mesogeos-pos-00704-2022-07-18,1,yes,2022-07-18,2022-06-18,2022-07-17,-1.92888,41.3759,14159.0,positives.csv,704,0
mesogeos-pos-00722-2022-07-18,1,yes,2022-07-18,2022-06-18,2022-07-17,-5.88599,41.537,1645.0,positives.csv,722,2
mesogeos-pos-01670-2022-07-18,1,yes,2022-07-18,2022-06-18,2022-07-17,-7.29565,40.5603,696.0,positives.csv,1670,9
mesogeos-pos-03739-2022-07-18,1,yes,2022-07-18,2022-06-18,2022-07-17,13.0336,41.5169,54.0,positives.csv,3739,9
mesogeos-pos-06075-2022-07-18,1,yes,2022-07-18,2022-06-18,2022-07-17,20.2329,39.7649,663.0,positives.csv,6075,2
mesogeos-pos-06104-2022-07-18,1,yes,2022-07-18,2022-06-18,2022-07-17,19.3469,42.403,266.0,positives.csv,6104,0
mesogeos-neg-16909-2022-07-18,0,no,2022-07-18,2022-06-18,2022-07-17,-3.46944,38.466,,negatives.csv,16909,5
mesogeos-neg-16910-2022-07-18,0,no,2022-07-18,2022-06-18,2022-07-17,22.6092,39.7951,,negatives.csv,16910,5
mesogeos-neg-16911-2022-07-18,0,no,2022-07-18,2022-06-18,2022-07-17,30.03,38.5264,,negatives.csv,16911,3
mesogeos-neg-16912-2022-07-18,0,no,2022-07-18,2022-06-18,2022-07-17,28.0968,39.0701,,negatives.csv,16912,0
mesogeos-neg-16913-2022-07-18,0,no,2022-07-18,2022-06-18,2022-07-17,-7.70847,42.0707,,negatives.csv,16913,0
mesogeos-pos-00721-2022-07-19,1,yes,2022-07-19,2022-06-19,2022-07-18,-3.38889,40.9329,3099.0,positives.csv,721,7
mesogeos-pos-03137-2022-07-19,1,yes,2022-07-19,2022-06-19,2022-07-18,16.8397,39.2312,182.0,positives.csv,3137,7
mesogeos-pos-03198-2022-07-19,1,yes,2022-07-19,2022-06-19,2022-07-18,14.3828,41.0537,234.0,positives.csv,3198,1
mesogeos-pos-03725-2022-07-19,1,yes,2022-07-19,2022-06-19,2022-07-18,10.3653,43.873,868.0,positives.csv,3725,0
mesogeos-pos-03741-2022-07-19,1,yes,2022-07-19,2022-06-19,2022-07-18,13.7988,41.3759,56.0,positives.csv,3741,7
mesogeos-pos-03903-2022-07-19,1,yes,2022-07-19,2022-06-19,2022-07-18,3.34726,44.3161,30.0,positives.csv,3903,1
mesogeos-pos-04840-2022-07-19,1,yes,2022-07-19,2022-06-19,2022-07-18,22.7804,38.6573,32.0,positives.csv,4840,8
mesogeos-pos-04846-2022-07-19,1,yes,2022-07-19,2022-06-19,2022-07-18,23.9182,38.023,2836.0,positives.csv,4846,2
mesogeos-pos-04848-2022-07-19,1,yes,2022-07-19,2022-06-19,2022-07-18,22.1662,37.3584,150.0,positives.csv,4848,7
mesogeos-pos-06207-2022-07-19,1,yes,2022-07-19,2022-06-19,2022-07-18,28.2378,38.9292,194.0,positives.csv,6207,4
mesogeos-pos-08465-2022-07-19,1,yes,2022-07-19,2022-06-19,2022-07-18,10.3653,36.6838,746.0,positives.csv,8465,2
mesogeos-neg-16914-2022-07-19,0,no,2022-07-19,2022-06-19,2022-07-18,17.5042,40.6711,,negatives.csv,16914,9
mesogeos-neg-16915-2022-07-19,0,no,2022-07-19,2022-06-19,2022-07-18,8.9154,42.1714,,negatives.csv,16915,3
mesogeos-neg-16916-2022-07-19,0,no,2022-07-19,2022-06-19,2022-07-18,-2.61358,39.2816,,negatives.csv,16916,0
mesogeos-neg-16917-2022-07-19,0,no,2022-07-19,2022-06-19,2022-07-18,-4.4864,34.5592,,negatives.csv,16917,6
mesogeos-neg-16918-2022-07-19,0,no,2022-07-19,2022-06-19,2022-07-18,-5.46309,38.0733,,negatives.csv,16918,2
mesogeos-neg-16919-2022-07-19,0,no,2022-07-19,2022-06-19,2022-07-18,14.7856,41.9197,,negatives.csv,16919,9
mesogeos-pos-03132-2022-07-20,1,yes,2022-07-20,2022-06-20,2022-07-19,9.06643,40.3892,89.0,positives.csv,3132,8
mesogeos-pos-03133-2022-07-20,1,yes,2022-07-20,2022-06-20,2022-07-19,9.13692,39.3521,57.0,positives.csv,3133,4
mesogeos-pos-03724-2022-07-20,1,yes,2022-07-20,2022-06-20,2022-07-19,8.09981,44.0945,87.0,positives.csv,3724,4
mesogeos-pos-03735-2022-07-20,1,yes,2022-07-20,2022-06-20,2022-07-19,12.2885,42.6245,101.0,positives.csv,3735,6
mesogeos-pos-03740-2022-07-20,1,yes,2022-07-20,2022-06-20,2022-07-19,10.4157,43.8227,82.0,positives.csv,3740,9
mesogeos-pos-03742-2022-07-20,1,yes,2022-07-20,2022-06-20,2022-07-19,14.6346,40.8926,59.0,positives.csv,3742,0
mesogeos-pos-08447-2022-07-20,1,yes,2022-07-20,2022-06-20,2022-07-19,9.51954,37.2174,31.0,positives.csv,8447,7
mesogeos-neg-16920-2022-07-20,0,no,2022-07-20,2022-06-20,2022-07-19,26.4656,40.1374,,negatives.csv,16920,7
mesogeos-neg-16921-2022-07-20,0,no,2022-07-20,2022-06-20,2022-07-19,0.165461,40.3388,,negatives.csv,16921,1
mesogeos-neg-16922-2022-07-20,0,no,2022-07-20,2022-06-20,2022-07-19,23.7369,35.3245,,negatives.csv,16922,5
mesogeos-neg-16923-2022-07-20,0,no,2022-07-20,2022-06-20,2022-07-19,-7.72861,41.0739,,negatives.csv,16923,8
mesogeos-neg-16924-2022-07-20,0,no,2022-07-20,2022-06-20,2022-07-19,-4.78847,37.1772,,negatives.csv,16924,7
mesogeos-neg-16925-2022-07-20,0,no,2022-07-20,2022-06-20,2022-07-19,5.58257,35.9387,,negatives.csv,16925,2
mesogeos-pos-03135-2022-07-21,1,yes,2022-07-21,2022-06-21,2022-07-20,16.8296,39.4326,73.0,positives.csv,3135,2
mesogeos-pos-03138-2022-07-21,1,yes,2022-07-21,2022-06-21,2022-07-20,16.89,39.201,45.0,positives.csv,3138,0
mesogeos-pos-03736-2022-07-21,1,yes,2022-07-21,2022-06-21,2022-07-20,16.5678,40.4093,293.0,positives.csv,3736,2
mesogeos-pos-04847-2022-07-21,1,yes,2022-07-21,2022-06-21,2022-07-20,21.6325,37.8115,102.0,positives.csv,4847,5
mesogeos-pos-06124-2022-07-21,1,yes,2022-07-21,2022-06-21,2022-07-20,18.9542,42.6648,1557.0,positives.csv,6124,8
mesogeos-neg-16926-2022-07-21,0,no,2022-07-21,2022-06-21,2022-07-20,-2.91564,37.2879,,negatives.csv,16926,2
mesogeos-neg-16927-2022-07-21,0,no,2022-07-21,2022-06-21,2022-07-20,0.699117,35.2641,,negatives.csv,16927,1
mesogeos-neg-16928-2022-07-21,0,no,2022-07-21,2022-06-21,2022-07-20,-6.54047,39.9059,,negatives.csv,16928,7
mesogeos-neg-16929-2022-07-21,0,no,2022-07-21,2022-06-21,2022-07-20,29.9696,37.2476,,negatives.csv,16929,3
mesogeos-neg-16930-2022-07-21,0,no,2022-07-21,2022-06-21,2022-07-20,28.9728,36.9154,,negatives.csv,16930,9
mesogeos-neg-16931-2022-07-21,0,no,2022-07-21,2022-06-21,2022-07-20,27.1402,38.2344,,negatives.csv,16931,8
mesogeos-pos-03181-2022-07-22,1,yes,2022-07-22,2022-06-22,2022-07-21,16.1147,38.5667,52.0,positives.csv,3181,2
mesogeos-pos-03923-2022-07-22,1,yes,2022-07-22,2022-06-22,2022-07-21,4.26353,44.5174,69.0,positives.csv,3923,6
mesogeos-pos-06106-2022-07-22,1,yes,2022-07-22,2022-06-22,2022-07-21,20.0114,40.5402,55.0,positives.csv,6106,9
mesogeos-pos-06107-2022-07-22,1,yes,2022-07-22,2022-06-22,2022-07-21,19.075,42.5641,43.0,positives.csv,6107,1
mesogeos-neg-16932-2022-07-22,0,no,2022-07-22,2022-06-22,2022-07-21,22.3474,39.5132,,negatives.csv,16932,3
mesogeos-neg-16933-2022-07-22,0,no,2022-07-22,2022-06-22,2022-07-21,29.295,40.0065,,negatives.csv,16933,8
mesogeos-neg-16934-2022-07-22,0,no,2022-07-22,2022-06-22,2022-07-21,6.61967,44.0845,,negatives.csv,16934,6
mesogeos-neg-16935-2022-07-22,0,no,2022-07-22,2022-06-22,2022-07-21,30.8557,38.7177,,negatives.csv,16935,7
mesogeos-neg-16936-2022-07-22,0,no,2022-07-22,2022-06-22,2022-07-21,-6.01689,41.0638,,negatives.csv,16936,5
mesogeos-pos-01663-2022-07-23,1,yes,2022-07-23,2022-06-23,2022-07-22,-7.51716,41.386,188.0,positives.csv,1663,3
mesogeos-pos-03166-2022-07-23,1,yes,2022-07-23,2022-06-23,2022-07-22,16.88,39.0399,71.0,positives.csv,3166,8
mesogeos-pos-03726-2022-07-23,1,yes,2022-07-23,2022-06-23,2022-07-22,13.235,41.4162,126.0,positives.csv,3726,3
mesogeos-pos-03734-2022-07-23,1,yes,2022-07-23,2022-06-23,2022-07-22,16.598,40.51,69.0,positives.csv,3734,0
mesogeos-pos-03920-2022-07-23,1,yes,2022-07-23,2022-06-23,2022-07-22,2.33029,42.5641,107.0,positives.csv,3920,7
mesogeos-pos-06105-2022-07-23,1,yes,2022-07-23,2022-06-23,2022-07-22,20.1524,40.5704,52.0,positives.csv,6105,4
mesogeos-pos-06108-2022-07-23,1,yes,2022-07-23,2022-06-23,2022-07-22,19.075,42.5037,1077.0,positives.csv,6108,2
mesogeos-pos-06703-2022-07-23,1,yes,2022-07-23,2022-06-23,2022-07-22,34.9135,31.4983,41.0,positives.csv,6703,3
mesogeos-pos-08478-2022-07-23,1,yes,2022-07-23,2022-06-23,2022-07-22,9.73098,36.2508,133.0,positives.csv,8478,6
mesogeos-neg-16937-2022-07-23,0,no,2022-07-23,2022-06-23,2022-07-22,-8.07096,38.9493,,negatives.csv,16937,2
mesogeos-neg-16938-2022-07-23,0,no,2022-07-23,2022-06-23,2022-07-22,0.437323,34.7908,,negatives.csv,16938,3
mesogeos-neg-16939-2022-07-23,0,no,2022-07-23,2022-06-23,2022-07-22,27.7544,37.4289,,negatives.csv,16939,7
mesogeos-neg-16940-2022-07-23,0,no,2022-07-23,2022-06-23,2022-07-22,22.5991,41.0134,,negatives.csv,16940,7
mesogeos-neg-16941-2022-07-23,0,no,2022-07-23,2022-06-23,2022-07-22,-1.97923,38.1841,,negatives.csv,16941,7
mesogeos-neg-16942-2022-07-23,0,no,2022-07-23,2022-06-23,2022-07-22,35.2357,37.5296,,negatives.csv,16942,8
mesogeos-pos-00668-2022-07-24,1,yes,2022-07-24,2022-06-24,2022-07-23,-4.76834,39.0802,162.0,positives.csv,668,7
mesogeos-pos-00677-2022-07-24,1,yes,2022-07-24,2022-06-24,2022-07-23,-5.99675,41.7082,1485.0,positives.csv,677,8
mesogeos-pos-00709-2022-07-24,1,yes,2022-07-24,2022-06-24,2022-07-23,-3.52985,41.9801,3011.0,positives.csv,709,3
mesogeos-pos-03191-2022-07-24,1,yes,2022-07-24,2022-06-24,2022-07-23,14.4634,37.3584,102.0,positives.csv,3191,5
mesogeos-pos-03744-2022-07-24,1,yes,2022-07-24,2022-06-24,2022-07-23,11.3622,42.8561,846.0,positives.csv,3744,2
mesogeos-pos-04837-2022-07-24,1,yes,2022-07-24,2022-06-24,2022-07-23,21.6627,37.6001,777.0,positives.csv,4837,3
mesogeos-pos-06210-2022-07-24,1,yes,2022-07-24,2022-06-24,2022-07-23,29.1943,39.4225,258.0,positives.csv,6210,4
mesogeos-pos-08479-2022-07-24,1,yes,2022-07-24,2022-06-24,2022-07-23,9.12685,37.0765,70.0,positives.csv,8479,3
mesogeos-pos-08480-2022-07-24,1,yes,2022-07-24,2022-06-24,2022-07-23,9.64036,36.0192,1615.0,positives.csv,8480,0
mesogeos-neg-16943-2022-07-24,0,no,2022-07-24,2022-06-24,2022-07-23,34.8531,37.449,,negatives.csv,16943,9
mesogeos-neg-16944-2022-07-24,0,no,2022-07-24,2022-06-24,2022-07-23,4.34408,36.2206,,negatives.csv,16944,2
mesogeos-neg-16945-2022-07-24,0,no,2022-07-24,2022-06-24,2022-07-23,32.3358,36.563,,negatives.csv,16945,1
mesogeos-neg-16946-2022-07-24,0,no,2022-07-24,2022-06-24,2022-07-23,23.596,40.4496,,negatives.csv,16946,1
mesogeos-neg-16947-2022-07-24,0,no,2022-07-24,2022-06-24,2022-07-23,16.0946,40.0166,,negatives.csv,16947,8
mesogeos-neg-16948-2022-07-24,0,no,2022-07-24,2022-06-24,2022-07-23,-4.75827,38.1941,,negatives.csv,16948,3
mesogeos-pos-00666-2022-07-25,1,yes,2022-07-25,2022-06-25,2022-07-24,-4.00309,39.2715,2509.0,positives.csv,666,6
mesogeos-pos-00673-2022-07-25,1,yes,2022-07-25,2022-06-25,2022-07-24,-0.942126,39.7448,216.0,positives.csv,673,2
mesogeos-pos-00676-2022-07-25,1,yes,2022-07-25,2022-06-25,2022-07-24,-5.0704,38.5768,1067.0,positives.csv,676,7
mesogeos-pos-00690-2022-07-25,1,yes,2022-07-25,2022-06-25,2022-07-24,-3.72116,37.2577,242.0,positives.csv,690,1
mesogeos-pos-00710-2022-07-25,1,yes,2022-07-25,2022-06-25,2022-07-24,-3.04654,40.8725,1562.0,positives.csv,710,8
mesogeos-pos-00713-2022-07-25,1,yes,2022-07-25,2022-06-25,2022-07-24,-4.53675,38.899,1935.0,positives.csv,713,1
mesogeos-pos-00714-2022-07-25,1,yes,2022-07-25,2022-06-25,2022-07-24,-1.42544,42.3627,365.0,positives.csv,714,8
mesogeos-pos-00726-2022-07-25,1,yes,2022-07-25,2022-06-25,2022-07-24,-4.78847,40.1979,265.0,positives.csv,726,4
mesogeos-pos-03180-2022-07-25,1,yes,2022-07-25,2022-06-25,2022-07-24,13.4766,37.449,380.0,positives.csv,3180,9
mesogeos-pos-03183-2022-07-25,1,yes,2022-07-25,2022-06-25,2022-07-24,12.7517,37.7108,109.0,positives.csv,3183,3
mesogeos-pos-03196-2022-07-25,1,yes,2022-07-25,2022-06-25,2022-07-24,16.8296,39.4024,66.0,positives.csv,3196,3
mesogeos-pos-04436-2022-07-25,1,yes,2022-07-25,2022-06-25,2022-07-24,-6.54047,37.1973,920.0,positives.csv,4436,6
mesogeos-pos-04445-2022-07-25,1,yes,2022-07-25,2022-06-25,2022-07-24,-8.26227,37.3584,1322.0,positives.csv,4445,0
mesogeos-pos-04446-2022-07-25,1,yes,2022-07-25,2022-06-25,2022-07-24,-6.64116,37.2879,897.0,positives.csv,4446,9
mesogeos-pos-04448-2022-07-25,1,yes,2022-07-25,2022-06-25,2022-07-24,-8.26227,40.2985,200.0,positives.csv,4448,8
mesogeos-pos-04844-2022-07-25,1,yes,2022-07-25,2022-06-25,2022-07-24,27.4725,37.8216,285.0,positives.csv,4844,8
mesogeos-pos-06080-2022-07-25,1,yes,2022-07-25,2022-06-25,2022-07-24,19.5885,42.1814,287.0,positives.csv,6080,0
mesogeos-pos-06113-2022-07-25,1,yes,2022-07-25,2022-06-25,2022-07-24,17.766,43.3092,43.0,positives.csv,6113,5
mesogeos-pos-06117-2022-07-25,1,yes,2022-07-25,2022-06-25,2022-07-24,19.8704,41.0235,53.0,positives.csv,6117,1
mesogeos-pos-06134-2022-07-25,1,yes,2022-07-25,2022-06-25,2022-07-24,19.7899,41.4766,95.0,positives.csv,6134,7
mesogeos-pos-06138-2022-07-25,1,yes,2022-07-25,2022-06-25,2022-07-24,19.7496,41.4565,32.0,positives.csv,6138,9
mesogeos-pos-06535-2022-07-25,1,yes,2022-07-25,2022-06-25,2022-07-24,20.0819,41.819,323.0,positives.csv,6535,0
mesogeos-pos-08466-2022-07-25,1,yes,2022-07-25,2022-06-25,2022-07-24,-5.58392,35.3043,8369.0,positives.csv,8466,2
mesogeos-pos-08470-2022-07-25,1,yes,2022-07-25,2022-06-25,2022-07-24,-4.92944,34.6096,65.0,positives.csv,8470,4
mesogeos-pos-08475-2022-07-25,1,yes,2022-07-25,2022-06-25,2022-07-24,-3.22778,33.8443,736.0,positives.csv,8475,2
mesogeos-pos-08476-2022-07-25,1,yes,2022-07-25,2022-06-25,2022-07-24,-4.49647,34.7002,40.0,positives.csv,8476,5
mesogeos-pos-08481-2022-07-25,1,yes,2022-07-25,2022-06-25,2022-07-24,10.6573,36.5831,59.0,positives.csv,8481,5
mesogeos-neg-16949-2022-07-25,0,no,2022-07-25,2022-06-25,2022-07-24,15.138,38.0733,,negatives.csv,16949,1
mesogeos-neg-16950-2022-07-25,0,no,2022-07-25,2022-06-25,2022-07-24,6.22698,43.5408,,negatives.csv,16950,5
mesogeos-neg-16951-2022-07-25,0,no,2022-07-25,2022-06-25,2022-07-24,15.128,41.1544,,negatives.csv,16951,2
mesogeos-neg-16952-2022-07-25,0,no,2022-07-25,2022-06-25,2022-07-24,-0.740746,42.4835,,negatives.csv,16952,2
mesogeos-neg-16953-2022-07-25,0,no,2022-07-25,2022-06-25,2022-07-24,3.79029,36.1501,,negatives.csv,16953,6
mesogeos-neg-16954-2022-07-25,0,no,2022-07-25,2022-06-25,2022-07-24,-4.92944,41.8794,,negatives.csv,16954,4
mesogeos-pos-01662-2022-07-26,1,yes,2022-07-26,2022-06-26,2022-07-25,-7.25537,40.3791,262.0,positives.csv,1662,2
mesogeos-pos-03151-2022-07-26,1,yes,2022-07-26,2022-06-26,2022-07-25,13.8895,37.4893,186.0,positives.csv,3151,6
mesogeos-pos-03926-2022-07-26,1,yes,2022-07-26,2022-06-26,2022-07-25,3.57884,43.6012,964.0,positives.csv,3926,0
mesogeos-pos-03929-2022-07-26,1,yes,2022-07-26,2022-06-26,2022-07-25,6.38809,43.8025,341.0,positives.csv,3929,9
mesogeos-pos-06082-2022-07-26,1,yes,2022-07-26,2022-06-26,2022-07-25,18.2695,42.695,109.0,positives.csv,6082,4
mesogeos-pos-06115-2022-07-26,1,yes,2022-07-26,2022-06-26,2022-07-25,19.8805,40.5805,42.0,positives.csv,6115,0
mesogeos-pos-08477-2022-07-26,1,yes,2022-07-26,2022-06-26,2022-07-25,9.04629,37.0563,107.0,positives.csv,8477,1
mesogeos-neg-16955-2022-07-26,0,no,2022-07-26,2022-06-26,2022-07-25,-6.67137,42.2318,,negatives.csv,16955,7
mesogeos-neg-16956-2022-07-26,0,no,2022-07-26,2022-06-26,2022-07-25,-6.99358,31.458,,negatives.csv,16956,4
mesogeos-neg-16957-2022-07-26,0,no,2022-07-26,2022-06-26,2022-07-25,3.29691,36.0092,,negatives.csv,16957,0
mesogeos-neg-16958-2022-07-26,0,no,2022-07-26,2022-06-26,2022-07-25,-8.87648,30.7129,,negatives.csv,16958,3
mesogeos-neg-16959-2022-07-26,0,no,2022-07-26,2022-06-26,2022-07-25,4.38436,44.2557,,negatives.csv,16959,4
mesogeos-neg-16960-2022-07-26,0,no,2022-07-26,2022-06-26,2022-07-25,21.3909,39.0097,,negatives.csv,16960,5
mesogeos-pos-01633-2022-07-27,1,yes,2022-07-27,2022-06-27,2022-07-26,-7.56751,41.4867,1661.0,positives.csv,1633,3
mesogeos-pos-03168-2022-07-27,1,yes,2022-07-27,2022-06-27,2022-07-26,13.7284,37.4792,97.0,positives.csv,3168,3
mesogeos-pos-03175-2022-07-27,1,yes,2022-07-27,2022-06-27,2022-07-26,16.296,39.8052,36.0,positives.csv,3175,3
mesogeos-pos-03192-2022-07-27,1,yes,2022-07-27,2022-06-27,2022-07-26,12.9329,37.7712,73.0,positives.csv,3192,1
mesogeos-pos-03199-2022-07-27,1,yes,2022-07-27,2022-06-27,2022-07-26,14.2419,41.1544,53.0,positives.csv,3199,5
mesogeos-pos-03722-2022-07-27,1,yes,2022-07-27,2022-06-27,2022-07-26,12.6006,42.1814,142.0,positives.csv,3722,0
mesogeos-pos-03924-2022-07-27,1,yes,2022-07-27,2022-06-27,2022-07-26,4.41457,44.5879,1221.0,positives.csv,3924,8
mesogeos-pos-04181-2022-07-27,1,yes,2022-07-27,2022-06-27,2022-07-26,14.4131,37.731,215.0,positives.csv,4181,1
mesogeos-pos-06101-2022-07-27,1,yes,2022-07-27,2022-06-27,2022-07-26,13.5673,45.8667,257.0,positives.csv,6101,8
mesogeos-neg-16961-2022-07-27,0,no,2022-07-27,2022-06-27,2022-07-26,-5.69468,42.5439,,negatives.csv,16961,7
mesogeos-neg-16962-2022-07-27,0,no,2022-07-27,2022-06-27,2022-07-26,1.09181,36.0394,,negatives.csv,16962,5
mesogeos-neg-16963-2022-07-27,0,no,2022-07-27,2022-06-27,2022-07-26,28.3183,39.1104,,negatives.csv,16963,5
mesogeos-neg-16964-2022-07-27,0,no,2022-07-27,2022-06-27,2022-07-26,-5.96654,40.8825,,negatives.csv,16964,3
mesogeos-neg-16965-2022-07-27,0,no,2022-07-27,2022-06-27,2022-07-26,-1.72751,40.7315,,negatives.csv,16965,7
mesogeos-neg-16966-2022-07-27,0,no,2022-07-27,2022-06-27,2022-07-26,-1.19385,38.2848,,negatives.csv,16966,8
mesogeos-pos-01666-2022-07-28,1,yes,2022-07-28,2022-06-28,2022-07-27,-7.15468,41.6881,263.0,positives.csv,1666,3
mesogeos-pos-03169-2022-07-28,1,yes,2022-07-28,2022-06-28,2022-07-27,13.3659,38.0632,48.0,positives.csv,3169,1
mesogeos-pos-03170-2022-07-28,1,yes,2022-07-28,2022-06-28,2022-07-27,13.5068,37.4591,200.0,positives.csv,3170,6
mesogeos-pos-03743-2022-07-28,1,yes,2022-07-28,2022-06-28,2022-07-27,13.2249,41.5471,76.0,positives.csv,3743,3
mesogeos-pos-06116-2022-07-28,1,yes,2022-07-28,2022-06-28,2022-07-27,19.7697,40.9329,64.0,positives.csv,6116,2
mesogeos-neg-16967-2022-07-28,0,no,2022-07-28,2022-06-28,2022-07-27,-5.38254,32.3743,,negatives.csv,16967,2
mesogeos-neg-16968-2022-07-28,0,no,2022-07-28,2022-06-28,2022-07-27,36.0714,38.1639,,negatives.csv,16968,3
mesogeos-neg-16969-2022-07-28,0,no,2022-07-28,2022-06-28,2022-07-27,20.968,40.1173,,negatives.csv,16969,4
mesogeos-neg-16970-2022-07-28,0,no,2022-07-28,2022-06-28,2022-07-27,-0.207091,41.6579,,negatives.csv,16970,8
mesogeos-neg-16971-2022-07-28,0,no,2022-07-28,2022-06-28,2022-07-27,4.20312,44.3966,,negatives.csv,16971,8
mesogeos-neg-16972-2022-07-28,0,no,2022-07-28,2022-06-28,2022-07-27,-5.13082,37.6202,,negatives.csv,16972,9
mesogeos-pos-00672-2022-07-29,1,yes,2022-07-29,2022-06-29,2022-07-28,-4.88916,39.5836,530.0,positives.csv,672,0
mesogeos-pos-00727-2022-07-29,1,yes,2022-07-29,2022-06-29,2022-07-28,-5.3624,40.5503,110.0,positives.csv,727,8
mesogeos-pos-01638-2022-07-29,1,yes,2022-07-29,2022-06-29,2022-07-28,-5.43289,40.1072,256.0,positives.csv,1638,1
mesogeos-pos-04843-2022-07-29,1,yes,2022-07-29,2022-06-29,2022-07-28,22.6495,38.4156,136.0,positives.csv,4843,9
mesogeos-pos-06704-2022-07-29,1,yes,2022-07-29,2022-06-29,2022-07-28,36.0815,35.8279,77.0,positives.csv,6704,4
mesogeos-neg-16973-2022-07-29,0,no,2022-07-29,2022-06-29,2022-07-28,29.3252,36.6133,,negatives.csv,16973,8
mesogeos-neg-16974-2022-07-29,0,no,2022-07-29,2022-06-29,2022-07-28,-3.66075,39.9763,,negatives.csv,16974,3
mesogeos-neg-16975-2022-07-29,0,no,2022-07-29,2022-06-29,2022-07-28,-6.31896,42.0808,,negatives.csv,16975,5
mesogeos-neg-16976-2022-07-29,0,no,2022-07-29,2022-06-29,2022-07-28,-1.62682,41.8492,,negatives.csv,16976,8
mesogeos-neg-16977-2022-07-29,0,no,2022-07-29,2022-06-29,2022-07-28,-4.28502,37.6403,,negatives.csv,16977,5
mesogeos-pos-00728-2022-07-30,1,yes,2022-07-30,2022-06-30,2022-07-29,-7.03385,40.9832,157.0,positives.csv,728,5
mesogeos-pos-03140-2022-07-30,1,yes,2022-07-30,2022-06-30,2022-07-29,15.8328,39.9461,48.0,positives.csv,3140,3
mesogeos-pos-03141-2022-07-30,1,yes,2022-07-30,2022-06-30,2022-07-29,15.1481,37.7813,78.0,positives.csv,3141,3
mesogeos-pos-03167-2022-07-30,1,yes,2022-07-30,2022-06-30,2022-07-29,14.1915,37.2074,355.0,positives.csv,3167,3
mesogeos-pos-03189-2022-07-30,1,yes,2022-07-30,2022-06-30,2022-07-29,13.3558,37.4994,159.0,positives.csv,3189,8
mesogeos-pos-03211-2022-07-30,1,yes,2022-07-30,2022-06-30,2022-07-29,14.262,37.3181,265.0,positives.csv,3211,2
mesogeos-pos-03214-2022-07-30,1,yes,2022-07-30,2022-06-30,2022-07-29,16.2557,38.3049,146.0,positives.csv,3214,7
mesogeos-pos-04452-2022-07-30,1,yes,2022-07-30,2022-06-30,2022-07-29,-8.11123,40.0368,84.0,positives.csv,4452,8
mesogeos-pos-06081-2022-07-30,1,yes,2022-07-30,2022-06-30,2022-07-29,19.9812,40.5402,322.0,positives.csv,6081,9
mesogeos-pos-06120-2022-07-30,1,yes,2022-07-30,2022-06-30,2022-07-29,20.2128,39.9562,1633.0,positives.csv,6120,2
mesogeos-pos-08461-2022-07-30,1,yes,2022-07-30,2022-06-30,2022-07-29,10.3351,36.4925,692.0,positives.csv,8461,8
mesogeos-neg-16978-2022-07-30,0,no,2022-07-30,2022-06-30,2022-07-29,28.9224,38.7379,,negatives.csv,16978,4
mesogeos-neg-16979-2022-07-30,0,no,2022-07-30,2022-06-30,2022-07-29,27.7746,38.2646,,negatives.csv,16979,8
mesogeos-neg-16980-2022-07-30,0,no,2022-07-30,2022-06-30,2022-07-29,-6.46999,39.3219,,negatives.csv,16980,7
mesogeos-neg-16981-2022-07-30,0,no,2022-07-30,2022-06-30,2022-07-29,-6.25854,32.042,,negatives.csv,16981,7
mesogeos-neg-16982-2022-07-30,0,no,2022-07-30,2022-06-30,2022-07-29,-5.92627,38.8486,,negatives.csv,16982,1
mesogeos-pos-03927-2022-07-31,1,yes,2022-07-31,2022-07-01,2022-07-30,4.17291,43.7321,318.0,positives.csv,3927,8
mesogeos-pos-04449-2022-07-31,1,yes,2022-07-31,2022-07-01,2022-07-30,-9.24903,38.9191,287.0,positives.csv,4449,6
mesogeos-pos-04451-2022-07-31,1,yes,2022-07-31,2022-07-01,2022-07-30,-8.49385,39.7347,479.0,positives.csv,4451,2
mesogeos-pos-04976-2022-07-31,1,yes,2022-07-31,2022-07-01,2022-07-30,32.7386,34.8412,32.0,positives.csv,4976,5
mesogeos-neg-16983-2022-07-31,0,no,2022-07-31,2022-07-01,2022-07-30,35.9002,35.6165,,negatives.csv,16983,5
mesogeos-neg-16984-2022-07-31,0,no,2022-07-31,2022-07-01,2022-07-30,9.48933,35.1231,,negatives.csv,16984,6
mesogeos-neg-16985-2022-07-31,0,no,2022-07-31,2022-07-01,2022-07-30,13.0034,42.5238,,negatives.csv,16985,2
mesogeos-neg-16986-2022-07-31,0,no,2022-07-31,2022-07-01,2022-07-30,27.4524,39.5434,,negatives.csv,16986,7
mesogeos-neg-16987-2022-07-31,0,no,2022-07-31,2022-07-01,2022-07-30,20.676,32.183,,negatives.csv,16987,5
mesogeos-neg-16988-2022-07-31,0,no,2022-07-31,2022-07-01,2022-07-30,30.8456,39.4225,,negatives.csv,16988,6
mesogeos-pos-00664-2022-08-01,1,yes,2022-08-01,2022-07-02,2022-07-31,-8.14144,41.1041,92.0,positives.csv,664,9
mesogeos-pos-03220-2022-08-01,1,yes,2022-08-01,2022-07-02,2022-07-31,9.22754,42.6144,489.0,positives.csv,3220,4
mesogeos-pos-03716-2022-08-01,1,yes,2022-08-01,2022-07-02,2022-07-31,13.668,41.386,81.0,positives.csv,3716,9
mesogeos-pos-03745-2022-08-01,1,yes,2022-08-01,2022-07-02,2022-07-31,12.2784,42.6144,168.0,positives.csv,3745,2
mesogeos-pos-03747-2022-08-01,1,yes,2022-08-01,2022-07-02,2022-07-31,13.4666,41.3155,265.0,positives.csv,3747,2
mesogeos-pos-04450-2022-08-01,1,yes,2022-08-01,2022-07-02,2022-07-31,-8.61468,39.7347,229.0,positives.csv,4450,3
mesogeos-pos-04453-2022-08-01,1,yes,2022-08-01,2022-07-02,2022-07-31,-8.30254,40.2583,59.0,positives.csv,4453,0
mesogeos-pos-06118-2022-08-01,1,yes,2022-08-01,2022-07-02,2022-07-31,18.5816,42.6446,1859.0,positives.csv,6118,1
mesogeos-neg-16989-2022-08-01,0,no,2022-08-01,2022-07-02,2022-07-31,-6.40958,39.6743,,negatives.csv,16989,9
mesogeos-neg-16990-2022-08-01,0,no,2022-08-01,2022-07-02,2022-07-31,21.7533,37.3987,,negatives.csv,16990,3
mesogeos-neg-16991-2022-08-01,0,no,2022-08-01,2022-07-02,2022-07-31,22.4682,39.342,,negatives.csv,16991,5
mesogeos-neg-16992-2022-08-01,0,no,2022-08-01,2022-07-02,2022-07-31,-2.65385,38.325,,negatives.csv,16992,7
mesogeos-neg-16993-2022-08-01,0,no,2022-08-01,2022-07-02,2022-07-31,27.6135,38.3955,,negatives.csv,16993,1
mesogeos-neg-16994-2022-08-01,0,no,2022-08-01,2022-07-02,2022-07-31,29.2447,39.5534,,negatives.csv,16994,9
mesogeos-pos-01637-2022-08-02,1,yes,2022-08-02,2022-07-03,2022-08-01,-6.57068,40.1878,74.0,positives.csv,1637,3
mesogeos-pos-03208-2022-08-02,1,yes,2022-08-02,2022-07-03,2022-08-01,13.6176,37.8619,39.0,positives.csv,3208,7
mesogeos-pos-03210-2022-08-02,1,yes,2022-08-02,2022-07-03,2022-08-01,16.3262,39.5031,37.0,positives.csv,3210,3
mesogeos-pos-03221-2022-08-02,1,yes,2022-08-02,2022-07-03,2022-08-01,14.0304,37.2074,187.0,positives.csv,3221,5
mesogeos-pos-03746-2022-08-02,1,yes,2022-08-02,2022-07-03,2022-08-01,11.4628,42.6547,128.0,positives.csv,3746,5
mesogeos-pos-06078-2022-08-02,1,yes,2022-08-02,2022-07-03,2022-08-01,19.7899,41.6679,672.0,positives.csv,6078,6
mesogeos-pos-06536-2022-08-02,1,yes,2022-08-02,2022-07-03,2022-08-01,19.8805,41.5471,320.0,positives.csv,6536,3
mesogeos-pos-06537-2022-08-02,1,yes,2022-08-02,2022-07-03,2022-08-01,19.8402,41.4565,45.0,positives.csv,6537,3
mesogeos-pos-08486-2022-08-02,1,yes,2022-08-02,2022-07-03,2022-08-01,-5.43289,32.7871,346.0,positives.csv,8486,7
mesogeos-neg-16995-2022-08-02,0,no,2022-08-02,2022-07-03,2022-08-01,30.614,37.6202,,negatives.csv,16995,6
mesogeos-neg-16996-2022-08-02,0,no,2022-08-02,2022-07-03,2022-08-01,21.0787,38.7379,,negatives.csv,16996,4
mesogeos-neg-16997-2022-08-02,0,no,2022-08-02,2022-07-03,2022-08-01,-1.79799,42.262,,negatives.csv,16997,6
mesogeos-neg-16998-2022-08-02,0,no,2022-08-02,2022-07-03,2022-08-01,-2.01951,40.4798,,negatives.csv,16998,7
mesogeos-neg-16999-2022-08-02,0,no,2022-08-02,2022-07-03,2022-08-01,32.9098,36.9657,,negatives.csv,16999,2
mesogeos-neg-17000-2022-08-02,0,no,2022-08-02,2022-07-03,2022-08-01,-7.8293,39.5736,,negatives.csv,17000,3
mesogeos-pos-01667-2022-08-03,1,yes,2022-08-03,2022-07-04,2022-08-02,-7.03385,42.0405,254.0,positives.csv,1667,2
mesogeos-pos-01668-2022-08-03,1,yes,2022-08-03,2022-07-04,2022-08-02,-7.38627,41.9398,917.0,positives.csv,1668,2
mesogeos-pos-01669-2022-08-03,1,yes,2022-08-03,2022-07-04,2022-08-02,-7.83937,42.0002,58.0,positives.csv,1669,4
mesogeos-pos-03206-2022-08-03,1,yes,2022-08-03,2022-07-04,2022-08-02,13.1544,38.0532,179.0,positives.csv,3206,8
mesogeos-pos-03207-2022-08-03,1,yes,2022-08-03,2022-07-04,2022-08-02,13.3256,37.9424,407.0,positives.csv,3207,9
mesogeos-pos-03212-2022-08-03,1,yes,2022-08-03,2022-07-04,2022-08-02,17.0511,39.0299,72.0,positives.csv,3212,5
mesogeos-pos-03215-2022-08-03,1,yes,2022-08-03,2022-07-04,2022-08-02,15.1481,37.7712,34.0,positives.csv,3215,6
mesogeos-pos-03218-2022-08-03,1,yes,2022-08-03,2022-07-04,2022-08-02,17.464,40.4999,81.0,positives.csv,3218,5
mesogeos-pos-03714-2022-08-03,1,yes,2022-08-03,2022-07-04,2022-08-02,12.8423,42.1915,54.0,positives.csv,3714,9
mesogeos-pos-03717-2022-08-03,1,yes,2022-08-03,2022-07-04,2022-08-02,12.8222,41.9197,83.0,positives.csv,3717,7
mesogeos-pos-03930-2022-08-03,1,yes,2022-08-03,2022-07-04,2022-08-02,6.39815,43.8328,552.0,positives.csv,3930,5
mesogeos-pos-06119-2022-08-03,1,yes,2022-08-03,2022-07-04,2022-08-02,19.518,41.9499,173.0,positives.csv,6119,8
mesogeos-pos-06122-2022-08-03,1,yes,2022-08-03,2022-07-04,2022-08-02,17.7962,42.9668,2027.0,positives.csv,6122,1
mesogeos-pos-06131-2022-08-03,1,yes,2022-08-03,2022-07-04,2022-08-02,19.4878,42.2016,136.0,positives.csv,6131,1
mesogeos-pos-06135-2022-08-03,1,yes,2022-08-03,2022-07-04,2022-08-02,18.6017,42.705,899.0,positives.csv,6135,6
mesogeos-neg-17001-2022-08-03,0,no,2022-08-03,2022-07-04,2022-08-02,-1.64695,37.8115,,negatives.csv,17001,7
mesogeos-neg-17002-2022-08-03,0,no,2022-08-03,2022-07-04,2022-08-02,-4.62737,39.6139,,negatives.csv,17002,2
mesogeos-neg-17003-2022-08-03,0,no,2022-08-03,2022-07-04,2022-08-02,9.21747,40.6409,,negatives.csv,17003,2
mesogeos-neg-17004-2022-08-03,0,no,2022-08-03,2022-07-04,2022-08-02,36.0513,33.6228,,negatives.csv,17004,2
mesogeos-neg-17005-2022-08-03,0,no,2022-08-03,2022-07-04,2022-08-02,-5.48323,40.7114,,negatives.csv,17005,9
mesogeos-neg-17006-2022-08-03,0,no,2022-08-03,2022-07-04,2022-08-02,29.5769,39.5534,,negatives.csv,17006,8
mesogeos-pos-00674-2022-08-04,1,yes,2022-08-04,2022-07-05,2022-08-03,-3.3184,37.7813,612.0,positives.csv,674,0
mesogeos-pos-03928-2022-08-04,1,yes,2022-08-04,2022-07-05,2022-08-03,5.85443,43.9234,250.0,positives.csv,3928,4
mesogeos-pos-08485-2022-08-04,1,yes,2022-08-04,2022-07-05,2022-08-03,9.02616,36.9154,37.0,positives.csv,8485,4
mesogeos-neg-17007-2022-08-04,0,no,2022-08-04,2022-07-05,2022-08-03,13.3155,43.3696,,negatives.csv,17007,8
mesogeos-neg-17008-2022-08-04,0,no,2022-08-04,2022-07-05,2022-08-03,22.7502,37.1772,,negatives.csv,17008,4
mesogeos-neg-17009-2022-08-04,0,no,2022-08-04,2022-07-05,2022-08-03,29.154,39.4528,,negatives.csv,17009,8
mesogeos-neg-17010-2022-08-04,0,no,2022-08-04,2022-07-05,2022-08-03,30.2616,37.9223,,negatives.csv,17010,9
mesogeos-neg-17011-2022-08-04,0,no,2022-08-04,2022-07-05,2022-08-03,19.9309,41.9801,,negatives.csv,17011,3
mesogeos-pos-01674-2022-08-05,1,yes,2022-08-05,2022-07-06,2022-08-04,-4.99992,40.2281,1532.0,positives.csv,1674,3
mesogeos-pos-03227-2022-08-05,1,yes,2022-08-05,2022-07-06,2022-08-04,12.7718,38.0532,140.0,positives.csv,3227,8
mesogeos-pos-03228-2022-08-05,1,yes,2022-08-05,2022-07-06,2022-08-04,13.4766,37.4792,601.0,positives.csv,3228,1
mesogeos-pos-04834-2022-08-05,1,yes,2022-08-05,2022-07-06,2022-08-04,23.455,38.033,85.0,positives.csv,4834,9
mesogeos-pos-06123-2022-08-05,1,yes,2022-08-05,2022-07-06,2022-08-04,18.9542,42.6245,91.0,positives.csv,6123,8
mesogeos-pos-06130-2022-08-05,1,yes,2022-08-05,2022-07-06,2022-08-04,18.924,42.6748,728.0,positives.csv,6130,5
mesogeos-pos-08451-2022-08-05,1,yes,2022-08-05,2022-07-06,2022-08-04,9.56988,37.2376,201.0,positives.csv,8451,1
mesogeos-neg-17012-2022-08-05,0,no,2022-08-05,2022-07-06,2022-08-04,22.1259,38.617,,negatives.csv,17012,8
mesogeos-neg-17013-2022-08-05,0,no,2022-08-05,2022-07-06,2022-08-04,31.7015,37.3383,,negatives.csv,17013,3
mesogeos-neg-17014-2022-08-05,0,no,2022-08-05,2022-07-06,2022-08-04,3.33719,43.863,,negatives.csv,17014,9
mesogeos-neg-17015-2022-08-05,0,no,2022-08-05,2022-07-06,2022-08-04,15.7522,41.1645,,negatives.csv,17015,2
mesogeos-neg-17016-2022-08-05,0,no,2022-08-05,2022-07-06,2022-08-04,27.8149,37.2779,,negatives.csv,17016,8
mesogeos-neg-17017-2022-08-05,0,no,2022-08-05,2022-07-06,2022-08-04,30.1207,39.6139,,negatives.csv,17017,1
mesogeos-pos-01676-2022-08-06,1,yes,2022-08-06,2022-07-07,2022-08-05,-7.49703,40.3086,25260.0,positives.csv,1676,1
mesogeos-pos-03143-2022-08-06,1,yes,2022-08-06,2022-07-07,2022-08-05,16.9706,39.3621,38.0,positives.csv,3143,2
mesogeos-pos-03216-2022-08-06,1,yes,2022-08-06,2022-07-07,2022-08-05,12.8121,37.8417,100.0,positives.csv,3216,8
mesogeos-pos-03229-2022-08-06,1,yes,2022-08-06,2022-07-07,2022-08-05,13.4565,37.59,545.0,positives.csv,3229,9
mesogeos-pos-03230-2022-08-06,1,yes,2022-08-06,2022-07-07,2022-08-05,13.6579,37.4088,36.0,positives.csv,3230,2
mesogeos-pos-03935-2022-08-06,1,yes,2022-08-06,2022-07-07,2022-08-05,5.42146,44.7792,307.0,positives.csv,3935,6
mesogeos-pos-04928-2022-08-06,1,yes,2022-08-06,2022-07-07,2022-08-05,-2.43233,41.1242,117.0,positives.csv,4928,2
mesogeos-pos-06129-2022-08-06,1,yes,2022-08-06,2022-07-07,2022-08-05,16.0442,44.0341,31.0,positives.csv,6129,7
mesogeos-pos-06137-2022-08-06,1,yes,2022-08-06,2022-07-07,2022-08-05,19.7697,41.4665,136.0,positives.csv,6137,4
mesogeos-pos-06539-2022-08-06,1,yes,2022-08-06,2022-07-07,2022-08-05,20.1121,41.7485,477.0,positives.csv,6539,8
mesogeos-pos-06540-2022-08-06,1,yes,2022-08-06,2022-07-07,2022-08-05,20.6961,40.1676,79.0,positives.csv,6540,0
mesogeos-neg-17018-2022-08-06,0,no,2022-08-06,2022-07-07,2022-08-05,-3.03647,38.3653,,negatives.csv,17018,2
mesogeos-neg-17019-2022-08-06,0,no,2022-08-06,2022-07-07,2022-08-05,33.9167,36.3515,,negatives.csv,17019,6
mesogeos-neg-17020-2022-08-06,0,no,2022-08-06,2022-07-07,2022-08-05,-2.76461,42.2419,,negatives.csv,17020,3
mesogeos-neg-17021-2022-08-06,0,no,2022-08-06,2022-07-07,2022-08-05,-0.277574,40.4194,,negatives.csv,17021,5
mesogeos-neg-17022-2022-08-06,0,no,2022-08-06,2022-07-07,2022-08-05,5.94505,36.3716,,negatives.csv,17022,4
mesogeos-pos-03225-2022-08-07,1,yes,2022-08-07,2022-07-08,2022-08-06,14.4735,37.0362,74.0,positives.csv,3225,5
mesogeos-pos-03232-2022-08-07,1,yes,2022-08-07,2022-07-08,2022-08-06,16.89,39.191,261.0,positives.csv,3232,8
mesogeos-pos-03233-2022-08-07,1,yes,2022-08-07,2022-07-08,2022-08-06,16.7893,39.493,137.0,positives.csv,3233,3
mesogeos-pos-03712-2022-08-07,1,yes,2022-08-07,2022-07-08,2022-08-06,12.0267,43.2085,30.0,positives.csv,3712,4
mesogeos-pos-06127-2022-08-07,1,yes,2022-08-07,2022-07-08,2022-08-06,19.6187,42.111,419.0,positives.csv,6127,2
mesogeos-pos-06128-2022-08-07,1,yes,2022-08-07,2022-07-08,2022-08-06,19.8604,41.8592,454.0,positives.csv,6128,5
mesogeos-pos-06133-2022-08-07,1,yes,2022-08-07,2022-07-08,2022-08-06,19.075,42.3224,65.0,positives.csv,6133,3
mesogeos-pos-08491-2022-08-07,1,yes,2022-08-07,2022-07-08,2022-08-06,4.42464,36.855,66.0,positives.csv,8491,5
mesogeos-neg-17023-2022-08-07,0,no,2022-08-07,2022-07-08,2022-08-06,-7.38627,37.2779,,negatives.csv,17023,8
mesogeos-neg-17024-2022-08-07,0,no,2022-08-07,2022-07-08,2022-08-06,5.65305,43.5508,,negatives.csv,17024,4
mesogeos-neg-17025-2022-08-07,0,no,2022-08-07,2022-07-08,2022-08-06,31.2685,38.023,,negatives.csv,17025,3
mesogeos-neg-17026-2022-08-07,0,no,2022-08-07,2022-07-08,2022-08-06,0.548082,34.821,,negatives.csv,17026,3
mesogeos-neg-17027-2022-08-07,0,no,2022-08-07,2022-07-08,2022-08-06,-7.11441,31.7198,,negatives.csv,17027,4
mesogeos-neg-17028-2022-08-07,0,no,2022-08-07,2022-07-08,2022-08-06,-7.5071,40.4496,,negatives.csv,17028,9
mesogeos-pos-03213-2022-08-08,1,yes,2022-08-08,2022-07-09,2022-08-07,17.031,39.0299,69.0,positives.csv,3213,8
mesogeos-pos-03226-2022-08-08,1,yes,2022-08-08,2022-07-09,2022-08-07,13.0437,37.9021,94.0,positives.csv,3226,9
mesogeos-pos-03936-2022-08-08,1,yes,2022-08-08,2022-07-09,2022-08-07,3.17608,44.2254,1206.0,positives.csv,3936,8
mesogeos-pos-06125-2022-08-08,1,yes,2022-08-08,2022-07-09,2022-08-07,19.4979,41.9197,255.0,positives.csv,6125,1
mesogeos-pos-06126-2022-08-08,1,yes,2022-08-08,2022-07-09,2022-08-07,19.5281,42.1613,398.0,positives.csv,6126,2
mesogeos-pos-06141-2022-08-08,1,yes,2022-08-08,2022-07-09,2022-08-07,19.7395,40.4596,323.0,positives.csv,6141,2
mesogeos-pos-08496-2022-08-08,1,yes,2022-08-08,2022-07-09,2022-08-07,7.69705,36.2005,84.0,positives.csv,8496,2
mesogeos-neg-17029-2022-08-08,0,no,2022-08-08,2022-07-09,2022-08-07,32.648,36.6234,,negatives.csv,17029,9
mesogeos-neg-17030-2022-08-08,0,no,2022-08-08,2022-07-09,2022-08-07,-2.32157,39.5232,,negatives.csv,17030,8
mesogeos-neg-17031-2022-08-08,0,no,2022-08-08,2022-07-09,2022-08-07,-7.2453,40.953,,negatives.csv,17031,9
mesogeos-neg-17032-2022-08-08,0,no,2022-08-08,2022-07-09,2022-08-07,-3.88227,34.7807,,negatives.csv,17032,5
mesogeos-neg-17033-2022-08-08,0,no,2022-08-08,2022-07-09,2022-08-07,-3.70102,38.1539,,negatives.csv,17033,5
mesogeos-pos-01677-2022-08-09,1,yes,2022-08-09,2022-07-10,2022-08-08,-6.77206,42.3224,594.0,positives.csv,1677,0
mesogeos-pos-04849-2022-08-09,1,yes,2022-08-09,2022-07-10,2022-08-08,22.3877,39.201,284.0,positives.csv,4849,7
mesogeos-pos-06136-2022-08-09,1,yes,2022-08-09,2022-07-10,2022-08-08,13.8492,45.5848,86.0,positives.csv,6136,6
mesogeos-pos-06538-2022-08-09,1,yes,2022-08-09,2022-07-10,2022-08-08,20.3739,40.802,48.0,positives.csv,6538,0
mesogeos-neg-17034-2022-08-09,0,no,2022-08-09,2022-07-10,2022-08-08,14.7554,37.157,,negatives.csv,17034,6
mesogeos-neg-17035-2022-08-09,0,no,2022-08-09,2022-07-10,2022-08-08,9.09664,39.483,,negatives.csv,17035,9
mesogeos-neg-17036-2022-08-09,0,no,2022-08-09,2022-07-10,2022-08-08,-8.00047,39.3823,,negatives.csv,17036,7
mesogeos-neg-17037-2022-08-09,0,no,2022-08-09,2022-07-10,2022-08-08,21.0586,32.4246,,negatives.csv,17037,7
mesogeos-neg-17038-2022-08-09,0,no,2022-08-09,2022-07-10,2022-08-08,22.8509,38.4056,,negatives.csv,17038,7
mesogeos-pos-01671-2022-08-10,1,yes,2022-08-10,2022-07-11,2022-08-09,-6.60089,40.1878,1031.0,positives.csv,1671,5
mesogeos-pos-01675-2022-08-10,1,yes,2022-08-10,2022-07-11,2022-08-09,-7.27551,40.6107,42.0,positives.csv,1675,6
mesogeos-pos-06132-2022-08-10,1,yes,2022-08-10,2022-07-11,2022-08-09,15.7824,43.9133,53.0,positives.csv,6132,9
mesogeos-neg-17039-2022-08-10,0,no,2022-08-10,2022-07-11,2022-08-09,-4.57702,38.7882,,negatives.csv,17039,3
mesogeos-neg-17040-2022-08-10,0,no,2022-08-10,2022-07-11,2022-08-09,2.91429,36.3918,,negatives.csv,17040,5
mesogeos-neg-17041-2022-08-10,0,no,2022-08-10,2022-07-11,2022-08-09,31.1074,37.9223,,negatives.csv,17041,0
mesogeos-neg-17042-2022-08-10,0,no,2022-08-10,2022-07-11,2022-08-09,14.4231,37.9525,,negatives.csv,17042,9
mesogeos-neg-17043-2022-08-10,0,no,2022-08-10,2022-07-11,2022-08-09,1.7765,35.2842,,negatives.csv,17043,0
mesogeos-pos-03933-2022-08-11,1,yes,2022-08-11,2022-07-12,2022-08-10,4.39443,44.4772,258.0,positives.csv,3933,6
mesogeos-pos-06139-2022-08-11,1,yes,2022-08-11,2022-07-12,2022-08-10,19.518,40.3086,82.0,positives.csv,6139,3
mesogeos-neg-17044-2022-08-11,0,no,2022-08-11,2022-07-12,2022-08-10,8.83485,39.0097,,negatives.csv,17044,3
mesogeos-neg-17045-2022-08-11,0,no,2022-08-11,2022-07-12,2022-08-10,1.31332,41.7283,,negatives.csv,17045,4
mesogeos-neg-17046-2022-08-11,0,no,2022-08-11,2022-07-12,2022-08-10,15.9234,41.8391,,negatives.csv,17046,3
mesogeos-neg-17047-2022-08-11,0,no,2022-08-11,2022-07-12,2022-08-10,16.3262,39.4528,,negatives.csv,17047,3
mesogeos-neg-17048-2022-08-11,0,no,2022-08-11,2022-07-12,2022-08-10,-6.63109,38.5063,,negatives.csv,17048,6
mesogeos-neg-17049-2022-08-11,0,no,2022-08-11,2022-07-12,2022-08-10,27.9558,40.0972,,negatives.csv,17049,7
mesogeos-pos-04455-2022-08-12,1,yes,2022-08-12,2022-07-13,2022-08-11,-8.27234,39.6441,115.0,positives.csv,4455,5
mesogeos-pos-06140-2022-08-12,1,yes,2022-08-12,2022-07-13,2022-08-11,20.0416,40.0368,193.0,positives.csv,6140,2
mesogeos-pos-08490-2022-08-12,1,yes,2022-08-12,2022-07-13,2022-08-11,2.04836,35.979,567.0,positives.csv,8490,0
mesogeos-pos-08493-2022-08-12,1,yes,2022-08-12,2022-07-13,2022-08-11,7.1634,36.6032,168.0,positives.csv,8493,1
mesogeos-neg-17050-2022-08-12,0,no,2022-08-12,2022-07-13,2022-08-11,33.2924,34.9116,,negatives.csv,17050,0
mesogeos-neg-17051-2022-08-12,0,no,2022-08-12,2022-07-13,2022-08-11,-3.46944,37.2476,,negatives.csv,17051,8
mesogeos-neg-17052-2022-08-12,0,no,2022-08-12,2022-07-13,2022-08-11,1.92753,35.3245,,negatives.csv,17052,9
mesogeos-neg-17053-2022-08-12,0,no,2022-08-12,2022-07-13,2022-08-11,30.312,36.8046,,negatives.csv,17053,7
mesogeos-neg-17054-2022-08-12,0,no,2022-08-12,2022-07-13,2022-08-11,-1.74764,37.6001,,negatives.csv,17054,8
mesogeos-neg-17055-2022-08-12,0,no,2022-08-12,2022-07-13,2022-08-11,-4.88916,41.7988,,negatives.csv,17055,9
mesogeos-pos-00730-2022-08-13,1,yes,2022-08-13,2022-07-14,2022-08-12,-1.61675,41.8492,9195.0,positives.csv,730,3
mesogeos-pos-00733-2022-08-13,1,yes,2022-08-13,2022-07-14,2022-08-12,-0.942126,39.7448,47.0,positives.csv,733,1
mesogeos-pos-00734-2022-08-13,1,yes,2022-08-13,2022-07-14,2022-08-12,-1.48585,38.4459,477.0,positives.csv,734,5
mesogeos-pos-01678-2022-08-13,1,yes,2022-08-13,2022-07-14,2022-08-12,-7.30572,40.6107,790.0,positives.csv,1678,1
mesogeos-pos-03934-2022-08-13,1,yes,2022-08-13,2022-07-14,2022-08-12,-0.166815,38.7781,12111.0,positives.csv,3934,5
mesogeos-pos-08492-2022-08-13,1,yes,2022-08-13,2022-07-14,2022-08-12,8.23071,36.7241,351.0,positives.csv,8492,2
mesogeos-pos-08502-2022-08-13,1,yes,2022-08-13,2022-07-14,2022-08-12,6.72036,36.3918,2015.0,positives.csv,8502,1
mesogeos-neg-17056-2022-08-13,0,no,2022-08-13,2022-07-14,2022-08-12,-7.01372,37.7511,,negatives.csv,17056,5
mesogeos-neg-17057-2022-08-13,0,no,2022-08-13,2022-07-14,2022-08-12,-5.0704,37.2577,,negatives.csv,17057,3
mesogeos-neg-17058-2022-08-13,0,no,2022-08-13,2022-07-14,2022-08-12,2.38063,43.0776,,negatives.csv,17058,7
mesogeos-neg-17059-2022-08-13,0,no,2022-08-13,2022-07-14,2022-08-12,11.9764,42.997,,negatives.csv,17059,3
mesogeos-neg-17060-2022-08-13,0,no,2022-08-13,2022-07-14,2022-08-12,-4.26489,41.2551,,negatives.csv,17060,6
mesogeos-neg-17061-2022-08-13,0,no,2022-08-13,2022-07-14,2022-08-12,-2.76461,37.006,,negatives.csv,17061,7
mesogeos-pos-01682-2022-08-14,1,yes,2022-08-14,2022-07-15,2022-08-13,-7.31578,41.9499,109.0,positives.csv,1682,3
mesogeos-pos-03931-2022-08-14,1,yes,2022-08-14,2022-07-15,2022-08-13,-0.207091,40.1576,888.0,positives.csv,3931,4
mesogeos-pos-04454-2022-08-14,1,yes,2022-08-14,2022-07-15,2022-08-13,-8.22199,39.6038,278.0,positives.csv,4454,8
mesogeos-pos-08494-2022-08-14,1,yes,2022-08-14,2022-07-15,2022-08-13,8.15016,36.7039,142.0,positives.csv,8494,9
mesogeos-pos-08500-2022-08-14,1,yes,2022-08-14,2022-07-15,2022-08-13,4.48505,36.4925,758.0,positives.csv,8500,3
mesogeos-pos-08501-2022-08-14,1,yes,2022-08-14,2022-07-15,2022-08-13,1.85705,36.4824,1093.0,positives.csv,8501,2
mesogeos-neg-17062-2022-08-14,0,no,2022-08-14,2022-07-15,2022-08-13,-0.881712,38.6573,,negatives.csv,17062,8
mesogeos-neg-17063-2022-08-14,0,no,2022-08-14,2022-07-15,2022-08-13,13.7787,32.6562,,negatives.csv,17063,4
mesogeos-neg-17064-2022-08-14,0,no,2022-08-14,2022-07-15,2022-08-13,10.5164,35.7071,,negatives.csv,17064,3
mesogeos-neg-17065-2022-08-14,0,no,2022-08-14,2022-07-15,2022-08-13,-6.18806,31.9413,,negatives.csv,17065,0
mesogeos-neg-17066-2022-08-14,0,no,2022-08-14,2022-07-15,2022-08-13,21.5419,39.775,,negatives.csv,17066,7
mesogeos-neg-17067-2022-08-14,0,no,2022-08-14,2022-07-15,2022-08-13,27.8954,39.9059,,negatives.csv,17067,4
mesogeos-pos-00732-2022-08-15,1,yes,2022-08-15,2022-07-16,2022-08-14,-0.730677,39.9059,19362.0,positives.csv,732,2
mesogeos-pos-03932-2022-08-15,1,yes,2022-08-15,2022-07-16,2022-08-14,2.40077,42.8259,84.0,positives.csv,3932,2
mesogeos-pos-04458-2022-08-15,1,yes,2022-08-15,2022-07-16,2022-08-14,-8.48379,39.7045,164.0,positives.csv,4458,5
mesogeos-pos-08495-2022-08-15,1,yes,2022-08-15,2022-07-16,2022-08-14,7.40505,36.573,35.0,positives.csv,8495,3
mesogeos-pos-08498-2022-08-15,1,yes,2022-08-15,2022-07-16,2022-08-14,4.5656,36.855,754.0,positives.csv,8498,8
mesogeos-pos-08509-2022-08-15,1,yes,2022-08-15,2022-07-16,2022-08-14,8.30119,36.6939,212.0,positives.csv,8509,2
mesogeos-pos-08512-2022-08-15,1,yes,2022-08-15,2022-07-16,2022-08-14,7.89843,36.563,2887.0,positives.csv,8512,8
mesogeos-pos-08521-2022-08-15,1,yes,2022-08-15,2022-07-16,2022-08-14,9.41885,37.1168,209.0,positives.csv,8521,8
mesogeos-neg-17068-2022-08-15,0,no,2022-08-15,2022-07-16,2022-08-14,29.154,37.1369,,negatives.csv,17068,5
mesogeos-neg-17069-2022-08-15,0,no,2022-08-15,2022-07-16,2022-08-14,26.6368,39.7246,,negatives.csv,17069,9
mesogeos-neg-17070-2022-08-15,0,no,2022-08-15,2022-07-16,2022-08-14,-6.04709,37.731,,negatives.csv,17070,9
mesogeos-neg-17071-2022-08-15,0,no,2022-08-15,2022-07-16,2022-08-14,1.58519,34.6096,,negatives.csv,17071,1
mesogeos-neg-17072-2022-08-15,0,no,2022-08-15,2022-07-16,2022-08-14,6.7405,43.8227,,negatives.csv,17072,2
mesogeos-neg-17073-2022-08-16,0,no,2022-08-16,2022-07-17,2022-08-15,32.0136,36.6838,,negatives.csv,17073,9
mesogeos-neg-17074-2022-08-16,0,no,2022-08-16,2022-07-17,2022-08-15,21.8339,39.8354,,negatives.csv,17074,3
mesogeos-neg-17075-2022-08-16,0,no,2022-08-16,2022-07-17,2022-08-15,-6.78213,33.6732,,negatives.csv,17075,9
mesogeos-neg-17076-2022-08-16,0,no,2022-08-16,2022-07-17,2022-08-15,-0.468884,38.5365,,negatives.csv,17076,9
mesogeos-neg-17077-2022-08-16,0,no,2022-08-16,2022-07-17,2022-08-15,2.79346,42.9165,,negatives.csv,17077,3
mesogeos-pos-01681-2022-08-17,1,yes,2022-08-17,2022-07-18,2022-08-16,-7.48696,41.3759,50.0,positives.csv,1681,4
mesogeos-pos-03241-2022-08-17,1,yes,2022-08-17,2022-07-18,2022-08-16,14.3828,37.2476,149.0,positives.csv,3241,4
mesogeos-pos-04456-2022-08-17,1,yes,2022-08-17,2022-07-18,2022-08-16,-8.98723,39.3017,618.0,positives.csv,4456,9
mesogeos-pos-08483-2022-08-17,1,yes,2022-08-17,2022-07-18,2022-08-16,9.53967,37.2879,56.0,positives.csv,8483,7
mesogeos-pos-08499-2022-08-17,1,yes,2022-08-17,2022-07-18,2022-08-16,7.85816,36.6032,2365.0,positives.csv,8499,1
mesogeos-pos-08505-2022-08-17,1,yes,2022-08-17,2022-07-18,2022-08-16,7.83802,36.6636,443.0,positives.csv,8505,0
mesogeos-pos-08507-2022-08-17,1,yes,2022-08-17,2022-07-18,2022-08-16,8.41195,36.6737,1004.0,positives.csv,8507,1
mesogeos-pos-08508-2022-08-17,1,yes,2022-08-17,2022-07-18,2022-08-16,8.31126,36.6234,131.0,positives.csv,8508,5
mesogeos-pos-08511-2022-08-17,1,yes,2022-08-17,2022-07-18,2022-08-16,7.84809,36.6234,101.0,positives.csv,8511,6
mesogeos-pos-08513-2022-08-17,1,yes,2022-08-17,2022-07-18,2022-08-16,7.95885,36.2508,6254.0,positives.csv,8513,3
mesogeos-pos-08514-2022-08-17,1,yes,2022-08-17,2022-07-18,2022-08-16,8.29112,36.5328,61.0,positives.csv,8514,3
mesogeos-pos-08515-2022-08-17,1,yes,2022-08-17,2022-07-18,2022-08-16,7.76753,36.6234,280.0,positives.csv,8515,2
mesogeos-pos-08516-2022-08-17,1,yes,2022-08-17,2022-07-18,2022-08-16,7.91857,36.4522,3193.0,positives.csv,8516,2
mesogeos-pos-08517-2022-08-17,1,yes,2022-08-17,2022-07-18,2022-08-16,6.81098,36.3918,3593.0,positives.csv,8517,0
mesogeos-pos-08518-2022-08-17,1,yes,2022-08-17,2022-07-18,2022-08-16,5.78395,36.3213,438.0,positives.csv,8518,4
mesogeos-pos-08520-2022-08-17,1,yes,2022-08-17,2022-07-18,2022-08-16,6.85126,36.2609,335.0,positives.csv,8520,6
mesogeos-pos-08522-2022-08-17,1,yes,2022-08-17,2022-07-18,2022-08-16,9.06643,36.9154,1094.0,positives.csv,8522,4
mesogeos-pos-08524-2022-08-17,1,yes,2022-08-17,2022-07-18,2022-08-16,10.0633,36.8751,567.0,positives.csv,8524,6
mesogeos-neg-17078-2022-08-17,0,no,2022-08-17,2022-07-18,2022-08-16,-3.48958,40.8825,,negatives.csv,17078,6
mesogeos-neg-17079-2022-08-17,0,no,2022-08-17,2022-07-18,2022-08-16,22.9213,41.1443,,negatives.csv,17079,5
mesogeos-neg-17080-2022-08-17,0,no,2022-08-17,2022-07-18,2022-08-16,5.49195,43.4803,,negatives.csv,17080,4
mesogeos-neg-17081-2022-08-17,0,no,2022-08-17,2022-07-18,2022-08-16,35.3867,37.7108,,negatives.csv,17081,6
mesogeos-neg-17082-2022-08-17,0,no,2022-08-17,2022-07-18,2022-08-16,-8.05082,31.2365,,negatives.csv,17082,6
mesogeos-neg-17083-2022-08-17,0,no,2022-08-17,2022-07-18,2022-08-16,-1.99937,39.785,,negatives.csv,17083,7
mesogeos-pos-01679-2022-08-18,1,yes,2022-08-18,2022-07-19,2022-08-17,-7.56751,40.4899,593.0,positives.csv,1679,7
mesogeos-pos-03150-2022-08-18,1,yes,2022-08-18,2022-07-19,2022-08-17,13.3357,38.0129,283.0,positives.csv,3150,7
mesogeos-pos-03202-2022-08-18,1,yes,2022-08-18,2022-07-19,2022-08-17,13.3558,38.0632,66.0,positives.csv,3202,3
mesogeos-pos-03242-2022-08-18,1,yes,2022-08-18,2022-07-19,2022-08-17,13.9801,37.2174,192.0,positives.csv,3242,7
mesogeos-pos-03247-2022-08-18,1,yes,2022-08-18,2022-07-19,2022-08-17,13.4766,37.9726,815.0,positives.csv,3247,5
mesogeos-pos-03253-2022-08-18,1,yes,2022-08-18,2022-07-19,2022-08-17,15.0474,38.0834,60.0,positives.csv,3253,1
mesogeos-pos-03254-2022-08-18,1,yes,2022-08-18,2022-07-19,2022-08-17,12.792,37.9726,1551.0,positives.csv,3254,9
mesogeos-pos-03255-2022-08-18,1,yes,2022-08-18,2022-07-19,2022-08-17,13.1846,38.0834,44.0,positives.csv,3255,0
mesogeos-pos-04180-2022-08-18,1,yes,2022-08-18,2022-07-19,2022-08-17,15.0273,37.8518,44.0,positives.csv,4180,0
mesogeos-pos-04929-2022-08-18,1,yes,2022-08-18,2022-07-19,2022-08-17,-2.37192,38.3854,54.0,positives.csv,4929,7
mesogeos-pos-08506-2022-08-18,1,yes,2022-08-18,2022-07-19,2022-08-17,8.45222,36.855,1795.0,positives.csv,8506,7
mesogeos-neg-17084-2022-08-18,0,no,2022-08-18,2022-07-19,2022-08-17,9.14698,44.739,,negatives.csv,17084,5
mesogeos-neg-17085-2022-08-18,0,no,2022-08-18,2022-07-19,2022-08-17,6.55926,43.9939,,negatives.csv,17085,7
mesogeos-neg-17086-2022-08-18,0,no,2022-08-18,2022-07-19,2022-08-17,35.2357,32.6461,,negatives.csv,17086,8
mesogeos-neg-17087-2022-08-18,0,no,2022-08-18,2022-07-19,2022-08-17,-6.05716,36.4321,,negatives.csv,17087,2
mesogeos-neg-17088-2022-08-18,0,no,2022-08-18,2022-07-19,2022-08-17,23.5859,40.7819,,negatives.csv,17088,2
mesogeos-neg-17089-2022-08-18,0,no,2022-08-18,2022-07-19,2022-08-17,19.4777,40.7617,,negatives.csv,17089,1
mesogeos-pos-03252-2022-08-19,1,yes,2022-08-19,2022-07-20,2022-08-18,13.7485,37.8115,280.0,positives.csv,3252,3
mesogeos-pos-04182-2022-08-19,1,yes,2022-08-19,2022-07-20,2022-08-18,14.3526,37.8216,79.0,positives.csv,4182,1
mesogeos-pos-04435-2022-08-19,1,yes,2022-08-19,2022-07-20,2022-08-18,-8.60461,39.6944,2302.0,positives.csv,4435,6
mesogeos-pos-04457-2022-08-19,1,yes,2022-08-19,2022-07-20,2022-08-18,-8.8362,39.7649,36.0,positives.csv,4457,1
mesogeos-pos-06142-2022-08-19,1,yes,2022-08-19,2022-07-20,2022-08-18,19.5281,41.9901,46.0,positives.csv,6142,6
mesogeos-neg-17090-2022-08-19,0,no,2022-08-19,2022-07-20,2022-08-18,-6.56061,40.4395,,negatives.csv,17090,3
mesogeos-neg-17091-2022-08-19,0,no,2022-08-19,2022-07-20,2022-08-18,-0.0761942,40.4496,,negatives.csv,17091,8
mesogeos-neg-17092-2022-08-19,0,no,2022-08-19,2022-07-20,2022-08-18,23.5859,40.9832,,negatives.csv,17092,7
mesogeos-neg-17093-2022-08-19,0,no,2022-08-19,2022-07-20,2022-08-18,34.692,31.5587,,negatives.csv,17093,8
mesogeos-neg-17094-2022-08-19,0,no,2022-08-19,2022-07-20,2022-08-18,-3.22778,39.785,,negatives.csv,17094,1
mesogeos-neg-17095-2022-08-19,0,no,2022-08-19,2022-07-20,2022-08-18,-7.69841,31.5587,,negatives.csv,17095,0
mesogeos-pos-00735-2022-08-20,1,yes,2022-08-20,2022-07-21,2022-08-19,-8.35289,41.0739,190.0,positives.csv,735,8
mesogeos-pos-03748-2022-08-20,1,yes,2022-08-20,2022-07-21,2022-08-19,15.3797,41.1544,53.0,positives.csv,3748,5
mesogeos-pos-08527-2022-08-20,1,yes,2022-08-20,2022-07-21,2022-08-19,-5.15096,34.962,920.0,positives.csv,8527,8
mesogeos-neg-17096-2022-08-20,0,no,2022-08-20,2022-07-21,2022-08-19,-2.58337,40.0368,,negatives.csv,17096,4
mesogeos-neg-17097-2022-08-20,0,no,2022-08-20,2022-07-21,2022-08-19,15.8429,40.4093,,negatives.csv,17097,2
mesogeos-neg-17098-2022-08-20,0,no,2022-08-20,2022-07-21,2022-08-19,-8.72544,38.9191,,negatives.csv,17098,4
mesogeos-neg-17099-2022-08-20,0,no,2022-08-20,2022-07-21,2022-08-19,-7.15468,37.4692,,negatives.csv,17099,5
mesogeos-neg-17100-2022-08-20,0,no,2022-08-20,2022-07-21,2022-08-19,2.95457,39.493,,negatives.csv,17100,6
mesogeos-neg-17101-2022-08-20,0,no,2022-08-20,2022-07-21,2022-08-19,17.9775,42.9769,,negatives.csv,17101,5
mesogeos-pos-00736-2022-08-21,1,yes,2022-08-21,2022-07-22,2022-08-20,-7.26544,41.2048,462.0,positives.csv,736,0
mesogeos-pos-01665-2022-08-21,1,yes,2022-08-21,2022-07-22,2022-08-20,-5.05027,40.4395,43.0,positives.csv,1665,1
mesogeos-pos-01680-2022-08-21,1,yes,2022-08-21,2022-07-22,2022-08-20,-6.57068,40.8624,61.0,positives.csv,1680,2
mesogeos-pos-03251-2022-08-21,1,yes,2022-08-21,2022-07-22,2022-08-20,14.4735,37.2174,65.0,positives.csv,3251,4
mesogeos-pos-08525-2022-08-21,1,yes,2022-08-21,2022-07-22,2022-08-20,-4.67771,34.5492,150.0,positives.csv,8525,7
mesogeos-neg-17102-2022-08-21,0,no,2022-08-21,2022-07-22,2022-08-20,21.9245,39.0097,,negatives.csv,17102,4
mesogeos-neg-17103-2022-08-21,0,no,2022-08-21,2022-07-22,2022-08-20,-8.27234,39.5937,,negatives.csv,17103,7
mesogeos-neg-17104-2022-08-21,0,no,2022-08-21,2022-07-22,2022-08-20,33.524,36.5126,,negatives.csv,17104,0
mesogeos-neg-17105-2022-08-21,0,no,2022-08-21,2022-07-22,2022-08-20,16.588,40.2985,,negatives.csv,17105,3
mesogeos-neg-17106-2022-08-21,0,no,2022-08-21,2022-07-22,2022-08-20,2.9445,43.7723,,negatives.csv,17106,7
mesogeos-neg-17107-2022-08-21,0,no,2022-08-21,2022-07-22,2022-08-20,10.4358,44.1248,,negatives.csv,17107,8
mesogeos-pos-00707-2022-08-22,1,yes,2022-08-22,2022-07-23,2022-08-21,-2.22089,40.6107,83.0,positives.csv,707,5
mesogeos-pos-08519-2022-08-22,1,yes,2022-08-22,2022-07-23,2022-08-21,-4.46627,34.6901,439.0,positives.csv,8519,2
mesogeos-pos-08526-2022-08-22,1,yes,2022-08-22,2022-07-23,2022-08-21,-5.15096,33.5423,990.0,positives.csv,8526,3
mesogeos-neg-17108-2022-08-22,0,no,2022-08-22,2022-07-23,2022-08-21,3.17608,39.5937,,negatives.csv,17108,5
mesogeos-neg-17109-2022-08-22,0,no,2022-08-22,2022-07-23,2022-08-21,7.18353,35.3647,,negatives.csv,17109,3
mesogeos-neg-17110-2022-08-22,0,no,2022-08-22,2022-07-23,2022-08-21,-3.45937,37.8115,,negatives.csv,17110,2
mesogeos-neg-17111-2022-08-22,0,no,2022-08-22,2022-07-23,2022-08-21,-5.53358,38.4559,,negatives.csv,17111,5
mesogeos-neg-17112-2022-08-22,0,no,2022-08-22,2022-07-23,2022-08-21,-6.08737,41.6679,,negatives.csv,17112,0
mesogeos-neg-17113-2022-08-22,0,no,2022-08-22,2022-07-23,2022-08-21,35.1652,36.9154,,negatives.csv,17113,9
mesogeos-pos-00739-2022-08-23,1,yes,2022-08-23,2022-07-24,2022-08-22,-6.81234,38.5667,31.0,positives.csv,739,8
mesogeos-pos-01684-2022-08-23,1,yes,2022-08-23,2022-07-24,2022-08-22,-7.26544,41.5672,505.0,positives.csv,1684,6
mesogeos-pos-08523-2022-08-23,1,yes,2022-08-23,2022-07-24,2022-08-22,10.0935,36.8751,56.0,positives.csv,8523,0
mesogeos-neg-17114-2022-08-23,0,no,2022-08-23,2022-07-24,2022-08-22,22.1158,37.5296,,negatives.csv,17114,7
mesogeos-neg-17115-2022-08-23,0,no,2022-08-23,2022-07-24,2022-08-22,31.3994,39.5434,,negatives.csv,17115,8
mesogeos-neg-17116-2022-08-23,0,no,2022-08-23,2022-07-24,2022-08-22,11.2111,44.0039,,negatives.csv,17116,4
mesogeos-neg-17117-2022-08-23,0,no,2022-08-23,2022-07-24,2022-08-22,30.614,37.8216,,negatives.csv,17117,7
mesogeos-neg-17118-2022-08-23,0,no,2022-08-23,2022-07-24,2022-08-22,22.8609,37.0865,,negatives.csv,17118,3
mesogeos-neg-17119-2022-08-23,0,no,2022-08-23,2022-07-24,2022-08-22,18.0278,43.0776,,negatives.csv,17119,8
mesogeos-pos-01656-2022-08-24,1,yes,2022-08-24,2022-07-25,2022-08-23,-6.28875,42.3023,3723.0,positives.csv,1656,8
mesogeos-pos-01685-2022-08-24,1,yes,2022-08-24,2022-07-25,2022-08-23,-7.34599,41.6176,466.0,positives.csv,1685,4
mesogeos-neg-17120-2022-08-24,0,no,2022-08-24,2022-07-25,2022-08-23,19.9812,42.1613,,negatives.csv,17120,6
mesogeos-neg-17121-2022-08-24,0,no,2022-08-24,2022-07-25,2022-08-23,-6.53041,37.4188,,negatives.csv,17121,4
mesogeos-neg-17122-2022-08-24,0,no,2022-08-24,2022-07-25,2022-08-23,-0.60985,39.1104,,negatives.csv,17122,1
mesogeos-neg-17123-2022-08-24,0,no,2022-08-24,2022-07-25,2022-08-23,6.84119,35.4151,,negatives.csv,17123,8
mesogeos-neg-17124-2022-08-24,0,no,2022-08-24,2022-07-25,2022-08-23,9.54974,36.9959,,negatives.csv,17124,1
mesogeos-neg-17125-2022-08-24,0,no,2022-08-24,2022-07-25,2022-08-23,15.3696,40.9832,,negatives.csv,17125,5
mesogeos-pos-03157-2022-08-25,1,yes,2022-08-25,2022-07-26,2022-08-24,13.7586,37.4994,122.0,positives.csv,3157,0
mesogeos-neg-17126-2022-08-25,0,no,2022-08-25,2022-07-26,2022-08-24,-0.680332,40.0065,,negatives.csv,17126,9
mesogeos-neg-17127-2022-08-25,0,no,2022-08-25,2022-07-26,2022-08-24,21.0183,39.5333,,negatives.csv,17127,1
mesogeos-neg-17128-2022-08-25,0,no,2022-08-25,2022-07-26,2022-08-24,12.4798,43.8831,,negatives.csv,17128,7
mesogeos-neg-17129-2022-08-25,0,no,2022-08-25,2022-07-26,2022-08-24,32.1647,37.0463,,negatives.csv,17129,0
mesogeos-neg-17130-2022-08-25,0,no,2022-08-25,2022-07-26,2022-08-24,31.9431,36.6536,,negatives.csv,17130,3
mesogeos-neg-17131-2022-08-25,0,no,2022-08-25,2022-07-26,2022-08-24,-1.33482,34.9721,,negatives.csv,17131,8
mesogeos-pos-03156-2022-08-26,1,yes,2022-08-26,2022-07-27,2022-08-25,13.4565,37.5094,89.0,positives.csv,3156,0
mesogeos-pos-06112-2022-08-26,1,yes,2022-08-26,2022-07-27,2022-08-25,18.3802,42.7252,252.0,positives.csv,6112,3
mesogeos-neg-17132-2022-08-26,0,no,2022-08-26,2022-07-27,2022-08-25,2.72298,34.7908,,negatives.csv,17132,5
mesogeos-neg-17133-2022-08-26,0,no,2022-08-26,2022-07-27,2022-08-25,-0.50916,34.8009,,negatives.csv,17133,3
mesogeos-neg-17134-2022-08-26,0,no,2022-08-26,2022-07-27,2022-08-25,3.77015,36.7039,,negatives.csv,17134,2
mesogeos-neg-17135-2022-08-26,0,no,2022-08-26,2022-07-27,2022-08-25,8.04947,35.5863,,negatives.csv,17135,6
mesogeos-neg-17136-2022-08-26,0,no,2022-08-26,2022-07-27,2022-08-25,22.6495,37.4289,,negatives.csv,17136,5
mesogeos-neg-17137-2022-08-26,0,no,2022-08-26,2022-07-27,2022-08-25,-4.57702,39.05,,negatives.csv,17137,2
mesogeos-pos-00737-2022-08-27,1,yes,2022-08-27,2022-07-28,2022-08-26,-1.37509,38.3653,424.0,positives.csv,737,3
mesogeos-pos-01683-2022-08-27,1,yes,2022-08-27,2022-07-28,2022-08-26,-7.19496,42.2016,121.0,positives.csv,1683,4
mesogeos-pos-01686-2022-08-27,1,yes,2022-08-27,2022-07-28,2022-08-26,-7.22516,40.3187,331.0,positives.csv,1686,4
mesogeos-neg-17138-2022-08-27,0,no,2022-08-27,2022-07-28,2022-08-26,-5.75509,37.9021,,negatives.csv,17138,4
mesogeos-neg-17139-2022-08-27,0,no,2022-08-27,2022-07-28,2022-08-26,8.30119,36.6737,,negatives.csv,17139,2
mesogeos-neg-17140-2022-08-27,0,no,2022-08-27,2022-07-28,2022-08-26,-5.81551,34.2672,,negatives.csv,17140,2
mesogeos-neg-17141-2022-08-27,0,no,2022-08-27,2022-07-28,2022-08-26,-6.5002,39.2916,,negatives.csv,17141,2
mesogeos-neg-17142-2022-08-27,0,no,2022-08-27,2022-07-28,2022-08-26,6.23705,36.3716,,negatives.csv,17142,3
mesogeos-neg-17143-2022-08-27,0,no,2022-08-27,2022-07-28,2022-08-26,-2.74447,34.8814,,negatives.csv,17143,0
mesogeos-neg-17144-2022-08-28,0,no,2022-08-28,2022-07-29,2022-08-27,-5.74503,35.2238,,negatives.csv,17144,9
mesogeos-neg-17145-2022-08-28,0,no,2022-08-28,2022-07-29,2022-08-27,-2.76461,39.6239,,negatives.csv,17145,9
mesogeos-neg-17146-2022-08-28,0,no,2022-08-28,2022-07-29,2022-08-27,6.17664,43.2488,,negatives.csv,17146,0
mesogeos-neg-17147-2022-08-28,0,no,2022-08-28,2022-07-29,2022-08-27,30.6644,39.8756,,negatives.csv,17147,0
mesogeos-neg-17148-2022-08-28,0,no,2022-08-28,2022-07-29,2022-08-27,4.70657,44.0039,,negatives.csv,17148,5
mesogeos-neg-17149-2022-08-28,0,no,2022-08-28,2022-07-29,2022-08-27,35.9304,33.9652,,negatives.csv,17149,5
mesogeos-pos-01654-2022-08-29,1,yes,2022-08-29,2022-07-30,2022-08-28,-7.64806,40.3288,79.0,positives.csv,1654,9
mesogeos-pos-01673-2022-08-29,1,yes,2022-08-29,2022-07-30,2022-08-28,-7.5373,41.829,658.0,positives.csv,1673,6
mesogeos-neg-17150-2022-08-29,0,no,2022-08-29,2022-07-30,2022-08-28,19.3771,42.0606,,negatives.csv,17150,1
mesogeos-neg-17151-2022-08-29,0,no,2022-08-29,2022-07-30,2022-08-28,9.2074,40.6107,,negatives.csv,17151,5
mesogeos-neg-17152-2022-08-29,0,no,2022-08-29,2022-07-30,2022-08-28,-9.09799,32.485,,negatives.csv,17152,4
mesogeos-neg-17153-2022-08-29,0,no,2022-08-29,2022-07-30,2022-08-28,21.7433,39.5836,,negatives.csv,17153,0
mesogeos-neg-17154-2022-08-29,0,no,2022-08-29,2022-07-30,2022-08-28,-2.11013,40.661,,negatives.csv,17154,6
mesogeos-neg-17155-2022-08-29,0,no,2022-08-29,2022-07-30,2022-08-28,30.2717,39.1205,,negatives.csv,17155,7
mesogeos-pos-03158-2022-08-30,1,yes,2022-08-30,2022-07-31,2022-08-29,13.5169,37.449,42.0,positives.csv,3158,8
mesogeos-pos-03201-2022-08-30,1,yes,2022-08-30,2022-07-31,2022-08-29,13.4968,37.5799,75.0,positives.csv,3201,7
mesogeos-pos-03209-2022-08-30,1,yes,2022-08-30,2022-07-31,2022-08-29,14.0606,37.3785,252.0,positives.csv,3209,6
mesogeos-pos-06121-2022-08-30,1,yes,2022-08-30,2022-07-31,2022-08-29,17.3331,43.2185,204.0,positives.csv,6121,0
mesogeos-pos-08487-2022-08-30,1,yes,2022-08-30,2022-07-31,2022-08-29,-2.1504,34.8412,41.0,positives.csv,8487,8
mesogeos-neg-17156-2022-08-30,0,no,2022-08-30,2022-07-31,2022-08-29,8.64354,34.811,,negatives.csv,17156,4
mesogeos-neg-17157-2022-08-30,0,no,2022-08-30,2022-07-31,2022-08-29,-8.60461,32.7065,,negatives.csv,17157,0
mesogeos-neg-17158-2022-08-30,0,no,2022-08-30,2022-07-31,2022-08-29,-3.29827,34.3579,,negatives.csv,17158,7
mesogeos-neg-17159-2022-08-30,0,no,2022-08-30,2022-07-31,2022-08-29,30.1609,38.6674,,negatives.csv,17159,0
mesogeos-neg-17160-2022-08-30,0,no,2022-08-30,2022-07-31,2022-08-29,-2.54309,41.829,,negatives.csv,17160,3
mesogeos-neg-17161-2022-08-30,0,no,2022-08-30,2022-07-31,2022-08-29,31.1779,37.6202,,negatives.csv,17161,5
mesogeos-pos-01658-2022-08-31,1,yes,2022-08-31,2022-08-01,2022-08-30,-7.58765,41.3457,37.0,positives.csv,1658,6
mesogeos-pos-03193-2022-08-31,1,yes,2022-08-31,2022-08-01,2022-08-30,16.1751,38.2545,35.0,positives.csv,3193,9
mesogeos-neg-17162-2022-08-31,0,no,2022-08-31,2022-08-01,2022-08-30,-4.1642,40.3086,,negatives.csv,17162,8
mesogeos-neg-17163-2022-08-31,0,no,2022-08-31,2022-08-01,2022-08-30,-2.40213,34.8311,,negatives.csv,17163,3
mesogeos-neg-17164-2022-08-31,0,no,2022-08-31,2022-08-01,2022-08-30,8.52271,40.359,,negatives.csv,17164,0
mesogeos-neg-17165-2022-08-31,0,no,2022-08-31,2022-08-01,2022-08-30,30.3824,38.758,,negatives.csv,17165,1
mesogeos-neg-17166-2022-08-31,0,no,2022-08-31,2022-08-01,2022-08-30,21.0183,32.3541,,negatives.csv,17166,4
mesogeos-neg-17167-2022-08-31,0,no,2022-08-31,2022-08-01,2022-08-30,-2.24102,39.3823,,negatives.csv,17167,3
mesogeos-neg-17168-2022-09-01,0,no,2022-09-01,2022-08-02,2022-08-31,2.3907,36.5529,,negatives.csv,17168,5
mesogeos-neg-17169-2022-09-01,0,no,2022-09-01,2022-08-02,2022-08-31,2.78339,42.0002,,negatives.csv,17169,5
mesogeos-neg-17170-2022-09-01,0,no,2022-09-01,2022-08-02,2022-08-31,27.8048,38.5365,,negatives.csv,17170,3
mesogeos-neg-17171-2022-09-01,0,no,2022-09-01,2022-08-02,2022-08-31,-2.61358,34.7304,,negatives.csv,17171,1
mesogeos-neg-17172-2022-09-01,0,no,2022-09-01,2022-08-02,2022-08-31,8.7845,39.2413,,negatives.csv,17172,7
mesogeos-neg-17173-2022-09-01,0,no,2022-09-01,2022-08-02,2022-08-31,21.9446,38.9795,,negatives.csv,17173,0
mesogeos-pos-00692-2022-09-02,1,yes,2022-09-02,2022-08-03,2022-09-01,-7.39634,41.4665,53.0,positives.csv,692,5
mesogeos-pos-03203-2022-09-02,1,yes,2022-09-02,2022-08-03,2022-09-01,13.678,37.5296,145.0,positives.csv,3203,8
mesogeos-pos-03204-2022-09-02,1,yes,2022-09-02,2022-08-03,2022-09-01,13.678,37.4893,133.0,positives.csv,3204,1
mesogeos-pos-03223-2022-09-02,1,yes,2022-09-02,2022-08-03,2022-09-01,13.7586,37.5195,252.0,positives.csv,3223,5
mesogeos-neg-17174-2022-09-02,0,no,2022-09-02,2022-08-03,2022-09-01,0.538013,41.6276,,negatives.csv,17174,7
mesogeos-neg-17175-2022-09-02,0,no,2022-09-02,2022-08-03,2022-09-01,12.2885,44.014,,negatives.csv,17175,1
mesogeos-neg-17176-2022-09-02,0,no,2022-09-02,2022-08-03,2022-09-01,-8.79592,32.8274,,negatives.csv,17176,2
mesogeos-neg-17177-2022-09-02,0,no,2022-09-02,2022-08-03,2022-09-01,-3.62047,33.4416,,negatives.csv,17177,3
mesogeos-neg-17178-2022-09-02,0,no,2022-09-02,2022-08-03,2022-09-01,2.76326,44.155,,negatives.csv,17178,4
mesogeos-neg-17179-2022-09-02,0,no,2022-09-02,2022-08-03,2022-09-01,-0.559505,39.0399,,negatives.csv,17179,3
mesogeos-neg-17180-2022-09-03,0,no,2022-09-03,2022-08-04,2022-09-02,28.419,39.2614,,negatives.csv,17180,2
mesogeos-neg-17181-2022-09-03,0,no,2022-09-03,2022-08-04,2022-09-02,-8.1213,39.6541,,negatives.csv,17181,1
mesogeos-neg-17182-2022-09-03,0,no,2022-09-03,2022-08-04,2022-09-02,-2.97606,38.3854,,negatives.csv,17182,7
mesogeos-neg-17183-2022-09-03,0,no,2022-09-03,2022-08-04,2022-09-02,-4.58709,41.8492,,negatives.csv,17183,7
mesogeos-neg-17184-2022-09-03,0,no,2022-09-03,2022-08-04,2022-09-02,20.9478,41.235,,negatives.csv,17184,9
mesogeos-neg-17185-2022-09-03,0,no,2022-09-03,2022-08-04,2022-09-02,9.24767,41.9096,,negatives.csv,17185,2
mesogeos-pos-03200-2022-09-04,1,yes,2022-09-04,2022-08-05,2022-09-03,12.7617,38.0834,172.0,positives.csv,3200,5
mesogeos-neg-17186-2022-09-04,0,no,2022-09-04,2022-08-05,2022-09-03,23.4046,38.3552,,negatives.csv,17186,7
mesogeos-neg-17187-2022-09-04,0,no,2022-09-04,2022-08-05,2022-09-03,-6.9533,38.3049,,negatives.csv,17187,4
mesogeos-neg-17188-2022-09-04,0,no,2022-09-04,2022-08-05,2022-09-03,-4.14406,42.3828,,negatives.csv,17188,9
mesogeos-neg-17189-2022-09-04,0,no,2022-09-04,2022-08-05,2022-09-03,-0.297712,38.9996,,negatives.csv,17189,1
mesogeos-neg-17190-2022-09-04,0,no,2022-09-04,2022-08-05,2022-09-03,-0.0258493,41.5572,,negatives.csv,17190,8
mesogeos-neg-17191-2022-09-04,0,no,2022-09-04,2022-08-05,2022-09-03,-6.75192,42.4936,,negatives.csv,17191,9
mesogeos-pos-03217-2022-09-05,1,yes,2022-09-05,2022-08-06,2022-09-04,13.3457,38.0129,56.0,positives.csv,3217,3
mesogeos-pos-04894-2022-09-05,1,yes,2022-09-05,2022-08-06,2022-09-04,34.9336,37.8518,41.0,positives.csv,4894,0
mesogeos-neg-17192-2022-09-05,0,no,2022-09-05,2022-08-06,2022-09-04,3.16601,43.6616,,negatives.csv,17192,4
mesogeos-neg-17193-2022-09-05,0,no,2022-09-05,2022-08-06,2022-09-04,16.2255,39.6239,,negatives.csv,17193,0
mesogeos-neg-17194-2022-09-05,0,no,2022-09-05,2022-08-06,2022-09-04,21.0888,39.5534,,negatives.csv,17194,3
mesogeos-neg-17195-2022-09-05,0,no,2022-09-05,2022-08-06,2022-09-04,-1.84833,37.9625,,negatives.csv,17195,5
mesogeos-neg-17196-2022-09-05,0,no,2022-09-05,2022-08-06,2022-09-04,-0.629988,40.6409,,negatives.csv,17196,8
mesogeos-neg-17197-2022-09-05,0,no,2022-09-05,2022-08-06,2022-09-04,21.4815,38.0532,,negatives.csv,17197,4
mesogeos-neg-17198-2022-09-06,0,no,2022-09-06,2022-08-07,2022-09-05,-6.29882,38.5264,,negatives.csv,17198,4
mesogeos-neg-17199-2022-09-06,0,no,2022-09-06,2022-08-07,2022-09-05,28.1069,38.3552,,negatives.csv,17199,3
mesogeos-neg-17200-2022-09-06,0,no,2022-09-06,2022-08-07,2022-09-05,-4.70792,39.2212,,negatives.csv,17200,5
mesogeos-neg-17201-2022-09-06,0,no,2022-09-06,2022-08-07,2022-09-05,21.1593,41.0436,,negatives.csv,17201,8
mesogeos-neg-17202-2022-09-06,0,no,2022-09-06,2022-08-07,2022-09-05,7.22381,44.014,,negatives.csv,17202,7
mesogeos-neg-17203-2022-09-06,0,no,2022-09-06,2022-08-07,2022-09-05,-3.42916,41.1947,,negatives.csv,17203,1
mesogeos-pos-03248-2022-09-07,1,yes,2022-09-07,2022-08-08,2022-09-06,13.7284,37.5598,78.0,positives.csv,3248,7
mesogeos-pos-06705-2022-09-07,1,yes,2022-09-07,2022-08-08,2022-09-06,33.6347,36.2005,2780.0,positives.csv,6705,9
mesogeos-pos-08489-2022-09-07,1,yes,2022-09-07,2022-08-08,2022-09-06,9.53967,36.7442,291.0,positives.csv,8489,1
mesogeos-neg-17204-2022-09-07,0,no,2022-09-07,2022-08-08,2022-09-06,-6.74185,41.2652,,negatives.csv,17204,4
mesogeos-neg-17205-2022-09-07,0,no,2022-09-07,2022-08-08,2022-09-06,-1.24419,42.2922,,negatives.csv,17205,5
mesogeos-neg-17206-2022-09-07,0,no,2022-09-07,2022-08-08,2022-09-06,35.5277,33.0287,,negatives.csv,17206,9
mesogeos-neg-17207-2022-09-07,0,no,2022-09-07,2022-08-08,2022-09-06,-4.12392,39.3621,,negatives.csv,17207,4
mesogeos-neg-17208-2022-09-07,0,no,2022-09-07,2022-08-08,2022-09-06,-7.12447,38.023,,negatives.csv,17208,2
mesogeos-pos-00738-2022-09-08,1,yes,2022-09-08,2022-08-09,2022-09-07,-3.63054,36.8751,5454.0,positives.csv,738,6
mesogeos-pos-08484-2022-09-08,1,yes,2022-09-08,2022-08-09,2022-09-07,9.46919,37.147,67.0,positives.csv,8484,4
mesogeos-neg-17209-2022-09-08,0,no,2022-09-08,2022-08-09,2022-09-07,-4.84889,38.023,,negatives.csv,17209,6
mesogeos-neg-17210-2022-09-08,0,no,2022-09-08,2022-08-09,2022-09-07,20.5048,41.5068,,negatives.csv,17210,9
mesogeos-neg-17211-2022-09-08,0,no,2022-09-08,2022-08-09,2022-09-07,-2.65385,36.8348,,negatives.csv,17211,1
mesogeos-neg-17212-2022-09-08,0,no,2022-09-08,2022-08-09,2022-09-07,-1.62682,38.6674,,negatives.csv,17212,7
mesogeos-neg-17213-2022-09-08,0,no,2022-09-08,2022-08-09,2022-09-07,22.3575,38.6875,,negatives.csv,17213,2
mesogeos-neg-17214-2022-09-08,0,no,2022-09-08,2022-08-09,2022-09-07,27.2208,39.6541,,negatives.csv,17214,5
mesogeos-pos-03222-2022-09-09,1,yes,2022-09-09,2022-08-10,2022-09-08,13.3558,38.0129,34.0,positives.csv,3222,6
mesogeos-pos-03224-2022-09-09,1,yes,2022-09-09,2022-08-10,2022-09-08,16.8598,39.0299,122.0,positives.csv,3224,8
mesogeos-pos-03231-2022-09-09,1,yes,2022-09-09,2022-08-10,2022-09-08,13.6579,37.3987,43.0,positives.csv,3231,6
mesogeos-pos-03234-2022-09-09,1,yes,2022-09-09,2022-08-10,2022-09-08,13.1947,38.0129,42.0,positives.csv,3234,6
mesogeos-neg-17215-2022-09-09,0,no,2022-09-09,2022-08-10,2022-09-08,23.1026,38.315,,negatives.csv,17215,0
mesogeos-neg-17216-2022-09-09,0,no,2022-09-09,2022-08-10,2022-09-08,8.69388,39.6139,,negatives.csv,17216,6
mesogeos-neg-17217-2022-09-09,0,no,2022-09-09,2022-08-10,2022-09-08,29.8589,37.9928,,negatives.csv,17217,7
mesogeos-neg-17218-2022-09-09,0,no,2022-09-09,2022-08-10,2022-09-08,21.9648,37.59,,negatives.csv,17218,6
mesogeos-neg-17219-2022-09-09,0,no,2022-09-09,2022-08-10,2022-09-08,-0.650126,40.7516,,negatives.csv,17219,1
mesogeos-neg-17220-2022-09-09,0,no,2022-09-09,2022-08-10,2022-09-08,-5.9464,39.6642,,negatives.csv,17220,9
mesogeos-pos-01672-2022-09-10,1,yes,2022-09-10,2022-08-11,2022-09-09,-7.28558,41.7082,91.0,positives.csv,1672,8
mesogeos-pos-03244-2022-09-10,1,yes,2022-09-10,2022-08-11,2022-09-09,13.5673,37.5094,158.0,positives.csv,3244,4
mesogeos-pos-03245-2022-09-10,1,yes,2022-09-10,2022-08-11,2022-09-09,13.7384,37.4893,413.0,positives.csv,3245,6
mesogeos-pos-04184-2022-09-10,1,yes,2022-09-10,2022-08-11,2022-09-09,14.6849,37.8619,67.0,positives.csv,4184,8
mesogeos-neg-17221-2022-09-10,0,no,2022-09-10,2022-08-11,2022-09-09,-7.23523,40.943,,negatives.csv,17221,0
mesogeos-neg-17222-2022-09-10,0,no,2022-09-10,2022-08-11,2022-09-09,-0.448746,34.8814,,negatives.csv,17222,2
mesogeos-neg-17223-2022-09-10,0,no,2022-09-10,2022-08-11,2022-09-09,16.3966,38.5566,,negatives.csv,17223,3
mesogeos-neg-17224-2022-09-10,0,no,2022-09-10,2022-08-11,2022-09-09,-7.81923,39.5736,,negatives.csv,17224,6
mesogeos-neg-17225-2022-09-10,0,no,2022-09-10,2022-08-11,2022-09-09,21.1492,39.9361,,negatives.csv,17225,9
mesogeos-neg-17226-2022-09-10,0,no,2022-09-10,2022-08-11,2022-09-09,-7.26544,39.3621,,negatives.csv,17226,9
mesogeos-pos-00731-2022-09-11,1,yes,2022-09-11,2022-08-12,2022-09-10,-2.8653,38.0632,86.0,positives.csv,731,0
mesogeos-pos-03249-2022-09-11,1,yes,2022-09-11,2022-08-12,2022-09-10,14.4634,37.2275,191.0,positives.csv,3249,9
mesogeos-neg-17227-2022-09-11,0,no,2022-09-11,2022-08-12,2022-09-10,-8.44351,37.8417,,negatives.csv,17227,4
mesogeos-neg-17228-2022-09-11,0,no,2022-09-11,2022-08-12,2022-09-10,12.7315,32.5052,,negatives.csv,17228,8
mesogeos-neg-17229-2022-09-11,0,no,2022-09-11,2022-08-12,2022-09-10,-0.267505,34.6801,,negatives.csv,17229,6
mesogeos-neg-17230-2022-09-11,0,no,2022-09-11,2022-08-12,2022-09-10,9.09664,41.6075,,negatives.csv,17230,1
mesogeos-neg-17231-2022-09-11,0,no,2022-09-11,2022-08-12,2022-09-10,5.87457,43.3696,,negatives.csv,17231,3
mesogeos-neg-17232-2022-09-11,0,no,2022-09-11,2022-08-12,2022-09-10,-4.91937,39.1809,,negatives.csv,17232,4
mesogeos-pos-03243-2022-09-12,1,yes,2022-09-12,2022-08-13,2022-09-11,13.5572,37.5497,295.0,positives.csv,3243,5
mesogeos-pos-03246-2022-09-12,1,yes,2022-09-12,2022-08-13,2022-09-11,13.819,37.5094,88.0,positives.csv,3246,9
mesogeos-pos-06099-2022-09-12,1,yes,2022-09-12,2022-08-13,2022-09-11,20.2531,39.7246,39.0,positives.csv,6099,0
mesogeos-pos-08503-2022-09-12,1,yes,2022-09-12,2022-08-13,2022-09-11,9.14698,36.5328,32.0,positives.csv,8503,9
mesogeos-neg-17233-2022-09-12,0,no,2022-09-12,2022-08-13,2022-09-11,8.67374,39.3521,,negatives.csv,17233,0
mesogeos-neg-17234-2022-09-12,0,no,2022-09-12,2022-08-13,2022-09-11,-7.48696,37.2577,,negatives.csv,17234,2
mesogeos-neg-17235-2022-09-12,0,no,2022-09-12,2022-08-13,2022-09-11,3.02505,42.4936,,negatives.csv,17235,8
mesogeos-neg-17236-2022-09-12,0,no,2022-09-12,2022-08-13,2022-09-11,-5.42282,39.8656,,negatives.csv,17236,5
mesogeos-neg-17237-2022-09-12,0,no,2022-09-12,2022-08-13,2022-09-11,-5.31206,39.2916,,negatives.csv,17237,8
mesogeos-neg-17238-2022-09-12,0,no,2022-09-12,2022-08-13,2022-09-11,14.9467,40.8523,,negatives.csv,17238,2
mesogeos-neg-17239-2022-09-13,0,no,2022-09-13,2022-08-14,2022-09-12,-6.62103,34.0961,,negatives.csv,17239,2
mesogeos-neg-17240-2022-09-13,0,no,2022-09-13,2022-08-14,2022-09-12,-7.47689,41.5068,,negatives.csv,17240,4
mesogeos-neg-17241-2022-09-13,0,no,2022-09-13,2022-08-14,2022-09-12,5.00864,45.0209,,negatives.csv,17241,1
mesogeos-neg-17242-2022-09-13,0,no,2022-09-13,2022-08-14,2022-09-12,-4.07358,39.3017,,negatives.csv,17242,4
mesogeos-neg-17243-2022-09-13,0,no,2022-09-13,2022-08-14,2022-09-12,-6.81234,33.3006,,negatives.csv,17243,0
mesogeos-neg-17244-2022-09-13,0,no,2022-09-13,2022-08-14,2022-09-12,-5.32213,34.8915,,negatives.csv,17244,8
mesogeos-pos-03237-2022-09-14,1,yes,2022-09-14,2022-08-15,2022-09-13,13.4766,37.4289,75.0,positives.csv,3237,0
mesogeos-pos-06077-2022-09-14,1,yes,2022-09-14,2022-08-15,2022-09-13,20.1826,39.8152,34.0,positives.csv,6077,4
mesogeos-pos-06143-2022-09-14,1,yes,2022-09-14,2022-08-15,2022-09-13,19.6086,41.1645,59.0,positives.csv,6143,3
mesogeos-pos-08450-2022-09-14,1,yes,2022-09-14,2022-08-15,2022-09-13,9.53967,37.2678,87.0,positives.csv,8450,0
mesogeos-pos-08482-2022-09-14,1,yes,2022-09-14,2022-08-15,2022-09-13,9.54974,37.298,64.0,positives.csv,8482,5
mesogeos-pos-08488-2022-09-14,1,yes,2022-09-14,2022-08-15,2022-09-13,9.5296,37.2476,47.0,positives.csv,8488,5
mesogeos-pos-08497-2022-09-14,1,yes,2022-09-14,2022-08-15,2022-09-13,9.43898,37.1369,126.0,positives.csv,8497,7
mesogeos-pos-08504-2022-09-14,1,yes,2022-09-14,2022-08-15,2022-09-13,9.16712,36.4623,139.0,positives.csv,8504,4
mesogeos-pos-08510-2022-09-14,1,yes,2022-09-14,2022-08-15,2022-09-13,9.53967,36.9959,46.0,positives.csv,8510,1
mesogeos-pos-08528-2022-09-14,1,yes,2022-09-14,2022-08-15,2022-09-13,9.32823,37.1973,244.0,positives.csv,8528,3
mesogeos-pos-08530-2022-09-14,1,yes,2022-09-14,2022-08-15,2022-09-13,9.59002,37.2577,116.0,positives.csv,8530,5
mesogeos-neg-17245-2022-09-14,0,no,2022-09-14,2022-08-15,2022-09-13,-4.65758,40.4999,,negatives.csv,17245,3
mesogeos-neg-17246-2022-09-14,0,no,2022-09-14,2022-08-15,2022-09-13,12.9531,41.6981,,negatives.csv,17246,6
mesogeos-neg-17247-2022-09-14,0,no,2022-09-14,2022-08-15,2022-09-13,26.8885,39.8756,,negatives.csv,17247,7
mesogeos-neg-17248-2022-09-14,0,no,2022-09-14,2022-08-15,2022-09-13,28.0263,39.6441,,negatives.csv,17248,2
mesogeos-neg-17249-2022-09-14,0,no,2022-09-14,2022-08-15,2022-09-13,29.2144,38.0632,,negatives.csv,17249,8
mesogeos-neg-17250-2022-09-14,0,no,2022-09-14,2022-08-15,2022-09-13,-6.67137,33.8947,,negatives.csv,17250,4
mesogeos-pos-03256-2022-09-15,1,yes,2022-09-15,2022-08-16,2022-09-14,14.9769,37.2376,121.0,positives.csv,3256,3
mesogeos-pos-06144-2022-09-15,1,yes,2022-09-15,2022-08-16,2022-09-14,19.7295,40.4496,157.0,positives.csv,6144,6
mesogeos-neg-17251-2022-09-15,0,no,2022-09-15,2022-08-16,2022-09-14,-5.61413,35.3245,,negatives.csv,17251,2
mesogeos-neg-17252-2022-09-15,0,no,2022-09-15,2022-08-16,2022-09-14,-0.70047,38.6271,,negatives.csv,17252,7
mesogeos-neg-17253-2022-09-15,0,no,2022-09-15,2022-08-16,2022-09-14,-4.53675,35.0224,,negatives.csv,17253,9
mesogeos-neg-17254-2022-09-15,0,no,2022-09-15,2022-08-16,2022-09-14,-7.25537,39.3319,,negatives.csv,17254,2
mesogeos-neg-17255-2022-09-15,0,no,2022-09-15,2022-08-16,2022-09-14,32.658,36.2408,,negatives.csv,17255,4
mesogeos-neg-17256-2022-09-15,0,no,2022-09-15,2022-08-16,2022-09-14,-3.56006,42.7453,,negatives.csv,17256,0
mesogeos-pos-03153-2022-09-16,1,yes,2022-09-16,2022-08-17,2022-09-15,13.7787,37.3282,32.0,positives.csv,3153,0
mesogeos-pos-03219-2022-09-16,1,yes,2022-09-16,2022-08-17,2022-09-15,13.7485,37.8014,296.0,positives.csv,3219,5
mesogeos-pos-03235-2022-09-16,1,yes,2022-09-16,2022-08-17,2022-09-15,13.97,37.6101,438.0,positives.csv,3235,9
mesogeos-pos-03236-2022-09-16,1,yes,2022-09-16,2022-08-17,2022-09-15,13.6982,37.4591,401.0,positives.csv,3236,2
mesogeos-pos-03240-2022-09-16,1,yes,2022-09-16,2022-08-17,2022-09-15,13.1444,38.0934,46.0,positives.csv,3240,2
mesogeos-neg-17257-2022-09-16,0,no,2022-09-16,2022-08-17,2022-09-15,-0.348056,40.1878,,negatives.csv,17257,1
mesogeos-neg-17258-2022-09-16,0,no,2022-09-16,2022-08-17,2022-09-15,-5.43289,37.8619,,negatives.csv,17258,0
mesogeos-neg-17259-2022-09-16,0,no,2022-09-16,2022-08-17,2022-09-15,-7.12447,32.6864,,negatives.csv,17259,5
mesogeos-neg-17260-2022-09-16,0,no,2022-09-16,2022-08-17,2022-09-15,-8.89661,39.8052,,negatives.csv,17260,8
mesogeos-neg-17261-2022-09-16,0,no,2022-09-16,2022-08-17,2022-09-15,20.1624,41.0336,,negatives.csv,17261,5
mesogeos-neg-17262-2022-09-16,0,no,2022-09-16,2022-08-17,2022-09-15,-6.52034,31.7802,,negatives.csv,17262,1
mesogeos-pos-06211-2022-09-17,1,yes,2022-09-17,2022-08-18,2022-09-16,28.2378,39.7045,42.0,positives.csv,6211,5
mesogeos-pos-08529-2022-09-17,1,yes,2022-09-17,2022-08-18,2022-09-16,21.0485,32.5756,39.0,positives.csv,8529,0
mesogeos-neg-17263-2022-09-17,0,no,2022-09-17,2022-08-18,2022-09-16,17.615,43.1783,,negatives.csv,17263,2
mesogeos-neg-17264-2022-09-17,0,no,2022-09-17,2022-08-18,2022-09-16,-5.43289,38.4962,,negatives.csv,17264,7
mesogeos-neg-17265-2022-09-17,0,no,2022-09-17,2022-08-18,2022-09-16,-7.35606,39.7951,,negatives.csv,17265,5
mesogeos-neg-17266-2022-09-17,0,no,2022-09-17,2022-08-18,2022-09-16,33.0507,36.7039,,negatives.csv,17266,0
mesogeos-neg-17267-2022-09-17,0,no,2022-09-17,2022-08-18,2022-09-16,-8.75565,31.4479,,negatives.csv,17267,3
mesogeos-pos-03238-2022-09-18,1,yes,2022-09-18,2022-08-19,2022-09-17,13.3558,37.6907,284.0,positives.csv,3238,3
mesogeos-pos-03239-2022-09-18,1,yes,2022-09-18,2022-08-19,2022-09-17,12.8926,37.9525,197.0,positives.csv,3239,7
mesogeos-pos-04459-2022-09-18,1,yes,2022-09-18,2022-08-19,2022-09-17,-8.6751,37.5296,247.0,positives.csv,4459,2
mesogeos-neg-17268-2022-09-18,0,no,2022-09-18,2022-08-19,2022-09-17,-9.06779,32.5052,,negatives.csv,17268,5
mesogeos-neg-17269-2022-09-18,0,no,2022-09-18,2022-08-19,2022-09-17,-7.55744,38.7479,,negatives.csv,17269,5
mesogeos-neg-17270-2022-09-18,0,no,2022-09-18,2022-08-19,2022-09-17,13.7988,42.2117,,negatives.csv,17270,0
mesogeos-neg-17271-2022-09-18,0,no,2022-09-18,2022-08-19,2022-09-17,21.2398,39.6843,,negatives.csv,17271,9
mesogeos-neg-17272-2022-09-18,0,no,2022-09-18,2022-08-19,2022-09-17,29.7078,37.0362,,negatives.csv,17272,1
mesogeos-neg-17273-2022-09-18,0,no,2022-09-18,2022-08-19,2022-09-17,35.8902,37.8216,,negatives.csv,17273,0
mesogeos-neg-17274-2022-09-19,0,no,2022-09-19,2022-08-20,2022-09-18,-7.23523,40.0569,,negatives.csv,17274,6
mesogeos-neg-17275-2022-09-19,0,no,2022-09-19,2022-08-20,2022-09-18,-8.72544,39.2916,,negatives.csv,17275,1
mesogeos-neg-17276-2022-09-19,0,no,2022-09-19,2022-08-20,2022-09-18,7.72726,36.13,,negatives.csv,17276,8
mesogeos-neg-17277-2022-09-19,0,no,2022-09-19,2022-08-20,2022-09-18,-5.71482,39.2715,,negatives.csv,17277,7
mesogeos-neg-17278-2022-09-19,0,no,2022-09-19,2022-08-20,2022-09-18,3.80036,36.8147,,negatives.csv,17278,5
mesogeos-pos-03186-2022-09-20,1,yes,2022-09-20,2022-08-21,2022-09-19,12.8121,37.882,437.0,positives.csv,3186,5
mesogeos-pos-03205-2022-09-20,1,yes,2022-09-20,2022-08-21,2022-09-19,15.7824,38.0129,32.0,positives.csv,3205,0
mesogeos-neg-17279-2022-09-20,0,no,2022-09-20,2022-08-21,2022-09-19,9.55981,36.422,,negatives.csv,17279,8
mesogeos-neg-17280-2022-09-20,0,no,2022-09-20,2022-08-21,2022-09-19,-4.4562,36.7845,,negatives.csv,17280,5
mesogeos-neg-17281-2022-09-20,0,no,2022-09-20,2022-08-21,2022-09-19,-1.70737,41.5773,,negatives.csv,17281,5
mesogeos-neg-17282-2022-09-20,0,no,2022-09-20,2022-08-21,2022-09-19,-5.30199,37.7108,,negatives.csv,17282,7
mesogeos-neg-17283-2022-09-20,0,no,2022-09-20,2022-08-21,2022-09-19,19.9711,40.1979,,negatives.csv,17283,3
mesogeos-pos-04838-2022-09-21,1,yes,2022-09-21,2022-08-22,2022-09-20,29.3151,36.3012,79.0,positives.csv,4838,3
mesogeos-neg-17284-2022-09-21,0,no,2022-09-21,2022-08-22,2022-09-20,7.78767,35.4956,,negatives.csv,17284,5
mesogeos-neg-17285-2022-09-21,0,no,2022-09-21,2022-08-22,2022-09-20,-0.660195,40.4294,,negatives.csv,17285,9
mesogeos-neg-17286-2022-09-21,0,no,2022-09-21,2022-08-22,2022-09-20,-2.10006,40.7013,,negatives.csv,17286,0
mesogeos-neg-17287-2022-09-21,0,no,2022-09-21,2022-08-22,2022-09-20,-6.68144,31.8104,,negatives.csv,17287,3
mesogeos-neg-17288-2022-09-21,0,no,2022-09-21,2022-08-22,2022-09-20,34.9034,37.6504,,negatives.csv,17288,3
mesogeos-neg-17289-2022-09-21,0,no,2022-09-21,2022-08-22,2022-09-20,20.8975,40.7819,,negatives.csv,17289,1
mesogeos-neg-17290-2022-09-22,0,no,2022-09-22,2022-08-23,2022-09-21,-4.23468,41.7183,,negatives.csv,17290,7
mesogeos-neg-17291-2022-09-22,0,no,2022-09-22,2022-08-23,2022-09-21,12.0771,43.3595,,negatives.csv,17291,8
mesogeos-neg-17292-2022-09-22,0,no,2022-09-22,2022-08-23,2022-09-21,2.66257,41.9499,,negatives.csv,17292,6
mesogeos-neg-17293-2022-09-22,0,no,2022-09-22,2022-08-23,2022-09-21,9.78133,36.9657,,negatives.csv,17293,6
mesogeos-neg-17294-2022-09-22,0,no,2022-09-22,2022-08-23,2022-09-21,21.7835,39.8052,,negatives.csv,17294,1
mesogeos-neg-17295-2022-09-22,0,no,2022-09-22,2022-08-23,2022-09-21,-6.52034,33.653,,negatives.csv,17295,1
mesogeos-pos-03177-2022-09-23,1,yes,2022-09-23,2022-08-24,2022-09-22,16.9303,39.3823,38.0,positives.csv,3177,1
mesogeos-neg-17296-2022-09-23,0,no,2022-09-23,2022-08-24,2022-09-22,-3.13716,41.235,,negatives.csv,17296,5
mesogeos-neg-17297-2022-09-23,0,no,2022-09-23,2022-08-24,2022-09-22,-3.59027,38.2646,,negatives.csv,17297,1
mesogeos-neg-17298-2022-09-23,0,no,2022-09-23,2022-08-24,2022-09-22,-6.29882,39.5434,,negatives.csv,17298,8
mesogeos-neg-17299-2022-09-23,0,no,2022-09-23,2022-08-24,2022-09-22,12.1073,42.8158,,negatives.csv,17299,7
mesogeos-neg-17300-2022-09-23,0,no,2022-09-23,2022-08-24,2022-09-22,-5.72489,34.6499,,negatives.csv,17300,2
mesogeos-neg-17301-2022-09-23,0,no,2022-09-23,2022-08-24,2022-09-22,-4.25482,38.6774,,negatives.csv,17301,2
mesogeos-pos-00729-2022-09-24,1,yes,2022-09-24,2022-08-25,2022-09-23,-3.63054,39.3118,184.0,positives.csv,729,8
mesogeos-neg-17302-2022-09-24,0,no,2022-09-24,2022-08-25,2022-09-23,9.10671,41.6579,,negatives.csv,17302,2
mesogeos-neg-17303-2022-09-24,0,no,2022-09-24,2022-08-25,2022-09-23,4.89788,44.6785,,negatives.csv,17303,2
mesogeos-neg-17304-2022-09-24,0,no,2022-09-24,2022-08-25,2022-09-23,-8.64489,32.2836,,negatives.csv,17304,4
mesogeos-neg-17305-2022-09-24,0,no,2022-09-24,2022-08-25,2022-09-23,1.83691,33.9954,,negatives.csv,17305,5
mesogeos-neg-17306-2022-09-24,0,no,2022-09-24,2022-08-25,2022-09-23,15.6717,40.5201,,negatives.csv,17306,5
mesogeos-pos-03131-2022-09-25,1,yes,2022-09-25,2022-08-26,2022-09-24,13.4364,37.8216,315.0,positives.csv,3131,5
mesogeos-pos-03159-2022-09-25,1,yes,2022-09-25,2022-08-26,2022-09-24,15.9234,38.6372,34.0,positives.csv,3159,7
mesogeos-pos-03182-2022-09-25,1,yes,2022-09-25,2022-08-26,2022-09-24,15.8227,39.8354,76.0,positives.csv,3182,8
mesogeos-pos-03250-2022-09-25,1,yes,2022-09-25,2022-08-26,2022-09-24,13.9297,37.6806,40.0,positives.csv,3250,6
mesogeos-pos-06145-2022-09-25,1,yes,2022-09-25,2022-08-26,2022-09-24,20.1524,39.9663,109.0,positives.csv,6145,2
mesogeos-neg-17307-2022-09-25,0,no,2022-09-25,2022-08-26,2022-09-24,-8.53413,38.6472,,negatives.csv,17307,4
mesogeos-neg-17308-2022-09-25,0,no,2022-09-25,2022-08-26,2022-09-24,22.7099,41.5773,,negatives.csv,17308,0
mesogeos-neg-17309-2022-09-25,0,no,2022-09-25,2022-08-26,2022-09-24,-5.84571,37.2476,,negatives.csv,17309,3
mesogeos-neg-17310-2022-09-25,0,no,2022-09-25,2022-08-26,2022-09-24,-2.11013,37.8518,,negatives.csv,17310,6
mesogeos-neg-17311-2022-09-25,0,no,2022-09-25,2022-08-26,2022-09-24,-1.89868,39.9763,,negatives.csv,17311,0
mesogeos-neg-17312-2022-09-25,0,no,2022-09-25,2022-08-26,2022-09-24,9.30809,36.4421,,negatives.csv,17312,4
mesogeos-neg-17313-2022-09-26,0,no,2022-09-26,2022-08-27,2022-09-25,-0.267505,41.3256,,negatives.csv,17313,3
mesogeos-neg-17314-2022-09-26,0,no,2022-09-26,2022-08-27,2022-09-25,30.8758,39.7347,,negatives.csv,17314,0
mesogeos-neg-17315-2022-09-26,0,no,2022-09-26,2022-08-27,2022-09-25,-6.64116,33.4214,,negatives.csv,17315,3
mesogeos-neg-17316-2022-09-26,0,no,2022-09-26,2022-08-27,2022-09-25,-1.51606,37.9223,,negatives.csv,17316,3
mesogeos-neg-17317-2022-09-26,0,no,2022-09-26,2022-08-27,2022-09-25,22.1964,40.4697,,negatives.csv,17317,0
mesogeos-neg-17318-2022-09-26,0,no,2022-09-26,2022-08-27,2022-09-25,23.2738,40.6409,,negatives.csv,17318,7
mesogeos-neg-17319-2022-09-27,0,no,2022-09-27,2022-08-28,2022-09-26,3.64933,43.5005,,negatives.csv,17319,5
mesogeos-neg-17320-2022-09-27,0,no,2022-09-27,2022-08-28,2022-09-26,-4.34544,42.4835,,negatives.csv,17320,9
mesogeos-neg-17321-2022-09-27,0,no,2022-09-27,2022-08-28,2022-09-26,3.71981,43.581,,negatives.csv,17321,5
mesogeos-neg-17322-2022-09-27,0,no,2022-09-27,2022-08-28,2022-09-26,22.6495,37.5598,,negatives.csv,17322,7
mesogeos-neg-17323-2022-09-27,0,no,2022-09-27,2022-08-28,2022-09-26,-7.06406,33.7134,,negatives.csv,17323,4
mesogeos-neg-17324-2022-09-27,0,no,2022-09-27,2022-08-28,2022-09-26,26.516,38.2545,,negatives.csv,17324,8
mesogeos-pos-04895-2022-09-28,1,yes,2022-09-28,2022-08-29,2022-09-27,35.568,33.1899,177.0,positives.csv,4895,6
mesogeos-neg-17325-2022-09-28,0,no,2022-09-28,2022-08-29,2022-09-27,5.7336,43.8025,,negatives.csv,17325,9
mesogeos-neg-17326-2022-09-28,0,no,2022-09-28,2022-08-29,2022-09-27,17.5244,40.6912,,negatives.csv,17326,0
mesogeos-neg-17327-2022-09-28,0,no,2022-09-28,2022-08-29,2022-09-27,21.5016,38.6472,,negatives.csv,17327,4
mesogeos-neg-17328-2022-09-28,0,no,2022-09-28,2022-08-29,2022-09-27,26.7073,40.0368,,negatives.csv,17328,8
mesogeos-neg-17329-2022-09-28,0,no,2022-09-28,2022-08-29,2022-09-27,-5.57385,41.7787,,negatives.csv,17329,3
mesogeos-neg-17330-2022-09-29,0,no,2022-09-29,2022-08-30,2022-09-28,36.0916,37.1973,,negatives.csv,17330,0
mesogeos-neg-17331-2022-09-29,0,no,2022-09-29,2022-08-30,2022-09-28,-3.93261,33.9047,,negatives.csv,17331,6
mesogeos-neg-17332-2022-09-29,0,no,2022-09-29,2022-08-30,2022-09-28,-1.43551,39.493,,negatives.csv,17332,2
mesogeos-neg-17333-2022-09-29,0,no,2022-09-29,2022-08-30,2022-09-28,-8.52406,40.2885,,negatives.csv,17333,3
mesogeos-neg-17334-2022-09-29,0,no,2022-09-29,2022-08-30,2022-09-28,11.332,42.7957,,negatives.csv,17334,6
mesogeos-neg-17335-2022-09-29,0,no,2022-09-29,2022-08-30,2022-09-28,35.6989,36.8751,,negatives.csv,17335,4
mesogeos-neg-17336-2022-09-30,0,no,2022-09-30,2022-08-31,2022-09-29,9.40878,37.0161,,negatives.csv,17336,2
mesogeos-neg-17337-2022-09-30,0,no,2022-09-30,2022-08-31,2022-09-29,17.1619,40.7214,,negatives.csv,17337,9
mesogeos-neg-17338-2022-09-30,0,no,2022-09-30,2022-08-31,2022-09-29,-1.8584,41.3256,,negatives.csv,17338,8
mesogeos-neg-17339-2022-09-30,0,no,2022-09-30,2022-08-31,2022-09-29,-5.84571,33.9148,,negatives.csv,17339,5
mesogeos-neg-17340-2022-09-30,0,no,2022-09-30,2022-08-31,2022-09-29,30.8658,39.6541,,negatives.csv,17340,4
mesogeos-neg-17341-2022-09-30,0,no,2022-09-30,2022-08-31,2022-09-29,-4.20447,34.1162,,negatives.csv,17341,3
